Ticker,Earnings Date,Timing,Pre-Earnings Date,Pre-Earnings Close ($),Post-Earnings Date,Post-Earnings Open ($),Change ($),Change (%),EPS Estimate,Reported EPS,Surprise (%)
A,2026-05-27,After-Hours (AMC),2026-05-27,115.62,2026-05-28,132.74,17.13,14.81,1.41,1.49,5.8
A,2026-02-25,After-Hours (AMC),2026-02-25,124.2,2026-02-26,121.38,-2.82,-2.27,1.37,1.36,-0.6
A,2025-11-24,After-Hours (AMC),2025-11-24,152.68,2025-11-25,149.88,-2.8,-1.84,1.58,1.59,0.37
A,2025-08-27,After-Hours (AMC),2025-08-27,117.75,2025-08-28,117.85,0.11,0.09,1.37,1.37,0.17
A,2025-05-28,After-Hours (AMC),2025-05-28,109.77,2025-05-29,115.78,6.01,5.47,1.26,1.31,3.62
A,2025-02-26,After-Hours (AMC),2025-02-26,132.84,2025-02-27,127.22,-5.62,-4.23,1.27,1.31,2.99
A,2024-11-25,After-Hours (AMC),2024-11-25,132.61,2024-11-26,125.25,-7.37,-5.55,1.41,1.46,3.9
A,2024-08-21,After-Hours (AMC),2024-08-21,137.82,2024-08-22,143.12,5.31,3.85,1.26,1.32,4.93
A,2024-05-29,After-Hours (AMC),2024-05-29,142.95,2024-05-30,123.13,-19.83,-13.87,1.19,1.22,2.42
A,2024-02-27,After-Hours (AMC),2024-02-27,130.04,2024-02-28,137.23,7.19,5.53,1.23,1.29,4.68
A,2023-11-20,After-Hours (AMC),2023-11-20,111.63,2023-11-21,118.96,7.33,6.56,1.34,1.38,3.02
A,2023-08-15,After-Hours (AMC),2023-08-15,122.81,2023-08-16,119.24,-3.58,-2.91,1.37,1.43,4.55
AAPL,2026-04-30,After-Hours (AMC),2026-04-30,271.1,2026-05-01,278.6,7.5,2.77,1.94,2.01,3.46
AAPL,2026-01-29,After-Hours (AMC),2026-01-29,257.8,2026-01-30,254.7,-3.1,-1.2,2.67,2.84,6.25
AAPL,2025-10-30,After-Hours (AMC),2025-10-30,270.63,2025-10-31,276.21,5.57,2.06,1.77,1.85,4.52
AAPL,2025-07-31,After-Hours (AMC),2025-07-31,206.75,2025-08-01,210.04,3.29,1.59,1.43,1.57,9.48
AAPL,2025-05-01,After-Hours (AMC),2025-05-01,212.2,2025-05-02,205.01,-7.19,-3.39,1.62,1.65,1.69
AAPL,2025-01-30,After-Hours (AMC),2025-01-30,236.08,2025-01-31,245.62,9.54,4.04,2.35,2.4,2.26
AAPL,2024-10-31,After-Hours (AMC),2024-10-31,224.23,2024-11-01,219.33,-4.9,-2.19,0.95,0.97,2.48
AAPL,2024-08-01,After-Hours (AMC),2024-08-01,216.48,2024-08-02,217.27,0.78,0.36,1.34,1.4,4.36
AAPL,2024-05-02,After-Hours (AMC),2024-05-02,171.31,2024-05-03,184.8,13.48,7.87,1.51,1.53,1.46
AAPL,2024-02-01,After-Hours (AMC),2024-02-01,184.77,2024-02-02,177.85,-6.92,-3.75,2.1,2.18,3.66
AAPL,2023-11-02,After-Hours (AMC),2023-11-02,175.35,2023-11-03,172.06,-3.29,-1.88,1.39,1.46,4.82
AAPL,2023-08-03,After-Hours (AMC),2023-08-03,188.53,2023-08-04,182.96,-5.57,-2.96,1.19,1.26,5.66
ABBV,2026-04-29,Pre-Market (BMO),2026-04-28,196.29,2026-04-29,190.64,-5.65,-2.88,2.67,2.65,-0.77
ABBV,2026-02-04,Pre-Market (BMO),2026-02-03,222.22,2026-02-04,206.58,-15.64,-7.04,2.65,2.71,2.16
ABBV,2025-10-31,Pre-Market (BMO),2025-10-30,222.93,2025-10-31,217.85,-5.08,-2.28,1.78,1.86,4.23
ABBV,2025-07-31,Pre-Market (BMO),2025-07-30,183.61,2025-07-31,191.13,7.52,4.09,2.91,2.97,2.14
ABBV,2025-04-25,Pre-Market (BMO),2025-04-24,173.44,2025-04-25,179.94,6.49,3.74,2.4,2.46,2.62
ABBV,2025-01-31,Pre-Market (BMO),2025-01-30,167.36,2025-01-31,178.46,11.1,6.63,2.12,2.16,1.92
ABBV,2024-10-30,Pre-Market (BMO),2024-10-29,178.82,2024-10-30,180.87,2.05,1.15,2.92,3.0,2.82
ABBV,2024-07-25,Pre-Market (BMO),2024-07-24,165.01,2024-07-25,165.75,0.74,0.45,2.66,2.65,-0.39
ABBV,2024-04-26,Pre-Market (BMO),2024-04-25,155.23,2024-04-26,155.04,-0.19,-0.12,2.26,2.31,2.37
ABBV,2024-02-02,Pre-Market (BMO),2024-02-01,154.07,2024-02-02,155.75,1.68,1.09,2.8,2.79,-0.32
ABBV,2023-10-27,Pre-Market (BMO),2023-10-26,132.22,2023-10-27,126.37,-5.86,-4.43,2.87,2.95,2.8
ABBV,2023-07-27,Pre-Market (BMO),2023-07-26,127.94,2023-07-27,130.26,2.33,1.82,2.81,2.91,3.64
ABNB,2026-05-07,After-Hours (AMC),2026-05-07,140.46,2026-05-08,138.12,-2.34,-1.66,0.3,0.26,-14.13
ABNB,2026-02-12,After-Hours (AMC),2026-02-12,115.96,2026-02-13,126.46,10.5,9.06,0.66,0.56,-15.65
ABNB,2025-11-06,After-Hours (AMC),2025-11-06,120.53,2025-11-07,125.5,4.97,4.12,2.32,2.21,-4.76
ABNB,2025-08-06,After-Hours (AMC),2025-08-06,130.5,2025-08-07,120.38,-10.12,-7.75,0.94,1.03,9.41
ABNB,2025-05-01,After-Hours (AMC),2025-05-01,124.01,2025-05-02,121.1,-2.91,-2.35,0.24,0.24,
ABNB,2025-02-13,After-Hours (AMC),2025-02-13,141.04,2025-02-14,158.18,17.15,12.16,0.58,0.73,25.14
ABNB,2024-11-07,After-Hours (AMC),2024-11-07,147.37,2024-11-08,134.67,-12.7,-8.62,2.13,2.13,-0.23
ABNB,2024-08-06,After-Hours (AMC),2024-08-06,130.47,2024-08-07,112.44,-18.03,-13.82,0.91,0.86,-5.66
ABNB,2024-05-08,After-Hours (AMC),2024-05-08,157.9,2024-05-09,146.6,-11.3,-7.16,0.23,0.41,77.09
ABNB,2024-02-13,After-Hours (AMC),2024-02-13,150.82,2024-02-14,146.16,-4.66,-3.09,0.7,-0.55,-178.56
ABNB,2023-11-01,After-Hours (AMC),2023-11-01,119.47,2023-11-02,122.51,3.04,2.54,2.1,6.63,215.68
ABNB,2023-08-03,After-Hours (AMC),2023-08-03,140.88,2023-08-04,140.47,-0.41,-0.29,0.78,0.98,26.19
ABT,2026-07-16,Pre-Market (BMO),2026-07-15,89.27,2026-07-16,95.29,6.02,6.74,1.28,1.31,2.61
ABT,2026-04-16,Pre-Market (BMO),2026-04-15,100.84,2026-04-16,96.44,-4.4,-4.36,1.15,1.15,0.33
ABT,2026-01-22,Pre-Market (BMO),2026-01-21,119.13,2026-01-22,106.1,-13.02,-10.93,1.49,1.5,0.34
ABT,2025-10-15,Pre-Market (BMO),2025-10-14,130.26,2025-10-15,125.67,-4.58,-3.52,1.3,1.3,0.05
ABT,2025-07-17,Pre-Market (BMO),2025-07-16,128.76,2025-07-17,123.69,-5.07,-3.94,1.26,1.26,0.28
ABT,2025-04-16,Pre-Market (BMO),2025-04-15,122.82,2025-04-16,126.2,3.39,2.76,1.07,1.09,1.74
ABT,2025-01-22,Pre-Market (BMO),2025-01-21,113.12,2025-01-22,110.54,-2.58,-2.28,1.34,1.34,-0.17
ABT,2024-10-16,Pre-Market (BMO),2024-10-15,111.81,2024-10-16,113.7,1.89,1.69,1.2,1.21,0.76
ABT,2024-07-18,Pre-Market (BMO),2024-07-17,100.39,2024-07-18,98.19,-2.2,-2.19,1.1,1.14,3.17
ABT,2024-04-17,Pre-Market (BMO),2024-04-16,104.18,2024-04-17,102.57,-1.6,-1.54,0.95,0.98,2.81
ABT,2024-01-24,Pre-Market (BMO),2024-01-23,108.21,2024-01-24,105.13,-3.08,-2.85,1.19,1.19,0.04
ABT,2023-10-18,Pre-Market (BMO),2023-10-17,87.04,2023-10-18,90.69,3.65,4.19,1.1,1.14,3.7
ACGL,2026-04-28,After-Hours (AMC),2026-04-28,97.06,2026-04-29,95.85,-1.21,-1.25,2.46,2.5,1.47
ACGL,2026-02-09,After-Hours (AMC),2026-02-09,96.06,2026-02-10,95.84,-0.22,-0.23,2.57,2.98,15.83
ACGL,2025-10-27,After-Hours (AMC),2025-10-27,85.94,2025-10-28,87.04,1.1,1.28,2.25,2.77,22.87
ACGL,2025-07-29,After-Hours (AMC),2025-07-29,86.12,2025-07-30,89.83,3.71,4.31,2.3,2.58,12.21
ACGL,2025-04-29,After-Hours (AMC),2025-04-29,92.39,2025-04-30,88.41,-3.98,-4.31,1.31,1.54,17.21
ACGL,2025-02-10,After-Hours (AMC),2025-02-10,91.46,2025-02-11,89.5,-1.96,-2.14,1.8,2.26,25.46
ACGL,2024-10-30,After-Hours (AMC),2024-10-30,99.98,2024-10-31,97.11,-2.87,-2.87,2.1,2.56,22.16
ACGL,2024-07-30,After-Hours (AMC),2024-07-30,93.38,2024-07-31,95.25,1.87,2.01,2.21,2.57,16.46
ACGL,2024-04-29,After-Hours (AMC),2024-04-29,86.77,2024-04-30,87.96,1.19,1.37,2.09,2.45,17.23
ACGL,2024-02-14,After-Hours (AMC),2024-02-14,80.7,2024-02-15,82.19,1.48,1.84,2.01,2.49,23.85
ACGL,2023-10-30,After-Hours (AMC),2023-10-30,78.81,2023-10-31,81.03,2.22,2.81,1.57,2.31,47.0
ACN,2026-06-18,Pre-Market (BMO),2026-06-17,154.16,2026-06-18,125.0,-29.16,-18.92,3.71,3.8,2.46
ACN,2026-03-19,Pre-Market (BMO),2026-03-18,191.21,2026-03-19,183.22,-7.99,-4.18,2.84,2.93,3.26
ACN,2025-12-18,Pre-Market (BMO),2025-12-17,268.21,2025-12-18,259.65,-8.56,-3.19,3.72,3.94,5.87
ACN,2025-09-25,Pre-Market (BMO),2025-09-24,234.25,2025-09-25,233.67,-0.58,-0.25,2.97,3.03,1.97
ACN,2025-06-20,Pre-Market (BMO),2025-06-18,298.7,2025-06-20,274.38,-24.32,-8.14,3.32,3.49,5.03
ACN,2025-03-20,Pre-Market (BMO),2025-03-19,314.78,2025-03-20,287.3,-27.47,-8.73,2.81,2.82,0.25
ACN,2024-12-19,Pre-Market (BMO),2024-12-18,335.8,2024-12-19,352.6,16.8,5.0,3.42,3.59,5.12
ACN,2024-09-26,Pre-Market (BMO),2024-09-25,324.28,2024-09-26,341.56,17.28,5.33,2.77,2.79,0.63
ACN,2024-06-20,Pre-Market (BMO),2024-06-18,273.34,2024-06-20,301.38,28.05,10.26,3.16,3.13,-0.93
ACN,2024-03-21,Pre-Market (BMO),2024-03-20,363.02,2024-03-21,347.32,-15.7,-4.32,2.66,2.77,4.05
ACN,2023-12-19,Pre-Market (BMO),2023-12-18,325.01,2023-12-19,316.34,-8.67,-2.67,3.13,3.27,4.46
ACN,2023-09-28,Pre-Market (BMO),2023-09-27,297.66,2023-09-28,285.7,-11.96,-4.02,2.63,2.71,2.86
ADBE,2026-06-11,After-Hours (AMC),2026-06-11,218.8,2026-06-12,202.4,-16.4,-7.5,5.81,5.96,2.5
ADBE,2026-03-12,After-Hours (AMC),2026-03-12,269.78,2026-03-13,249.0,-20.78,-7.7,5.87,6.06,3.18
ADBE,2025-12-10,After-Hours (AMC),2025-12-10,343.13,2025-12-11,341.65,-1.48,-0.43,5.4,5.5,1.9
ADBE,2025-09-11,After-Hours (AMC),2025-09-11,350.55,2025-09-12,361.1,10.55,3.01,5.18,5.31,2.48
ADBE,2025-06-12,After-Hours (AMC),2025-06-12,413.68,2025-06-13,392.5,-21.18,-5.12,4.97,5.06,1.71
ADBE,2025-03-12,After-Hours (AMC),2025-03-12,438.6,2025-03-13,405.27,-33.33,-7.6,4.97,5.08,2.17
ADBE,2024-12-11,After-Hours (AMC),2024-12-11,549.93,2024-12-12,487.5,-62.43,-11.35,4.67,4.81,3.01
ADBE,2024-09-12,After-Hours (AMC),2024-09-12,586.55,2024-09-13,532.57,-53.98,-9.2,4.54,4.65,2.49
ADBE,2024-06-13,After-Hours (AMC),2024-06-13,458.74,2024-06-14,530.25,71.51,15.59,4.4,4.48,1.92
ADBE,2024-03-14,After-Hours (AMC),2024-03-14,570.45,2024-03-15,499.64,-70.81,-12.41,4.38,4.48,2.23
ADBE,2023-12-13,After-Hours (AMC),2023-12-13,624.26,2023-12-14,593.0,-31.26,-5.01,4.14,4.27,3.17
ADBE,2023-09-14,After-Hours (AMC),2023-09-14,552.16,2023-09-15,532.11,-20.05,-3.63,3.98,4.1,3.06
ADI,2026-05-20,Pre-Market (BMO),2026-05-19,413.18,2026-05-20,388.93,-24.24,-5.87,2.91,3.09,6.22
ADI,2026-02-18,Pre-Market (BMO),2026-02-17,335.54,2026-02-18,350.15,14.61,4.36,2.31,2.46,6.55
ADI,2025-11-25,Pre-Market (BMO),2025-11-24,237.16,2025-11-25,228.45,-8.72,-3.68,2.23,2.26,1.13
ADI,2025-08-20,Pre-Market (BMO),2025-08-19,227.39,2025-08-20,236.52,9.13,4.01,1.95,2.05,5.33
ADI,2025-05-22,Pre-Market (BMO),2025-05-21,218.28,2025-05-22,217.54,-0.75,-0.34,1.7,1.85,9.14
ADI,2025-02-19,Pre-Market (BMO),2025-02-18,215.38,2025-02-19,224.97,9.58,4.45,1.54,1.63,5.6
ADI,2024-11-26,Pre-Market (BMO),2024-11-25,217.75,2024-11-26,226.09,8.35,3.83,1.64,1.67,1.88
ADI,2024-08-21,Pre-Market (BMO),2024-08-20,216.8,2024-08-21,222.65,5.85,2.7,1.51,1.58,4.83
ADI,2024-05-22,Pre-Market (BMO),2024-05-21,209.33,2024-05-22,220.1,10.77,5.15,1.27,1.4,10.34
ADI,2024-02-21,Pre-Market (BMO),2024-02-20,182.15,2024-02-21,182.98,0.83,0.45,1.71,1.73,1.43
ADI,2023-11-21,Pre-Market (BMO),2023-11-20,175.95,2023-11-21,175.23,-0.73,-0.41,2.02,2.01,-0.38
ADI,2023-08-23,Pre-Market (BMO),2023-08-22,168.3,2023-08-23,160.63,-7.67,-4.56,2.52,2.49,-1.16
ADM,2026-05-05,Pre-Market (BMO),2026-05-04,75.77,2026-05-05,75.77,-0.0,-0.0,0.66,0.71,7.8
ADM,2026-02-03,Pre-Market (BMO),2026-02-02,67.13,2026-02-03,61.55,-5.58,-8.31,0.8,0.87,9.17
ADM,2025-11-04,Pre-Market (BMO),2025-11-03,58.75,2025-11-04,54.9,-3.85,-6.56,0.85,0.92,7.91
ADM,2025-08-05,Pre-Market (BMO),2025-08-04,52.7,2025-08-05,52.88,0.18,0.35,0.8,0.93,16.82
ADM,2025-05-06,Pre-Market (BMO),2025-05-05,45.58,2025-05-06,46.38,0.8,1.75,0.67,0.7,4.46
ADM,2025-02-04,Pre-Market (BMO),2025-02-03,47.47,2025-02-04,46.03,-1.44,-3.04,1.15,1.14,-0.75
ADM,2024-11-18,After-Hours (AMC),2024-11-18,49.55,2024-11-19,49.43,-0.12,-0.25,1.09,1.09,-0.02
ADM,2024-07-30,Pre-Market (BMO),2024-07-29,59.01,2024-07-30,56.86,-2.14,-3.63,1.24,1.03,-16.84
ADM,2024-04-30,Pre-Market (BMO),2024-04-29,56.11,2024-04-30,56.2,0.08,0.15,1.37,1.46,6.74
ADM,2024-03-12,Pre-Market (BMO),2024-03-11,50.77,2024-03-12,52.78,2.01,3.95,1.43,1.36,-5.02
ADM,2023-10-24,Pre-Market (BMO),2023-10-23,65.91,2023-10-24,65.25,-0.66,-0.99,1.53,1.63,6.34
ADP,2026-04-29,Pre-Market (BMO),2026-04-28,197.67,2026-04-29,206.22,8.55,4.32,3.3,3.37,2.26
ADP,2026-01-28,Pre-Market (BMO),2026-01-27,250.52,2026-01-28,245.74,-4.78,-1.91,2.57,2.62,2.0
ADP,2025-10-29,Pre-Market (BMO),2025-10-28,273.48,2025-10-29,265.2,-8.28,-3.03,2.44,2.49,1.94
ADP,2025-07-30,Pre-Market (BMO),2025-07-29,300.29,2025-07-30,291.22,-9.08,-3.02,2.23,2.26,1.5
ADP,2025-04-30,Pre-Market (BMO),2025-04-29,286.34,2025-04-30,281.47,-4.87,-1.7,2.97,3.06,2.93
ADP,2025-01-29,Pre-Market (BMO),2025-01-28,287.27,2025-01-29,292.88,5.61,1.95,2.3,2.35,2.38
ADP,2024-10-30,Pre-Market (BMO),2024-10-29,275.86,2024-10-30,274.19,-1.68,-0.61,2.21,2.33,5.32
ADP,2024-07-31,Pre-Market (BMO),2024-07-30,245.68,2024-07-31,247.94,2.26,0.92,2.06,2.09,1.38
ADP,2024-05-01,Pre-Market (BMO),2024-04-30,229.25,2024-05-01,236.64,7.39,3.22,2.78,2.88,3.45
ADP,2024-01-31,Pre-Market (BMO),2024-01-30,224.82,2024-01-31,232.19,7.37,3.28,2.1,2.13,1.35
ADP,2023-10-25,Pre-Market (BMO),2023-10-24,225.21,2023-10-25,215.1,-10.12,-4.49,2.02,2.08,2.8
ADSK,2026-05-28,After-Hours (AMC),2026-05-28,240.95,2026-05-29,225.56,-15.39,-6.39,2.84,2.99,5.15
ADSK,2026-02-26,After-Hours (AMC),2026-02-26,233.45,2026-02-27,233.58,0.13,0.06,2.64,2.85,7.81
ADSK,2025-11-25,After-Hours (AMC),2025-11-25,294.43,2025-11-26,313.97,19.54,6.64,2.5,2.67,6.89
ADSK,2025-08-28,After-Hours (AMC),2025-08-28,288.49,2025-08-29,318.0,29.51,10.23,2.45,2.62,7.01
ADSK,2025-05-22,After-Hours (AMC),2025-05-22,295.0,2025-05-23,295.0,0.0,0.0,2.15,2.29,6.67
ADSK,2025-02-27,After-Hours (AMC),2025-02-27,282.35,2025-02-28,279.42,-2.93,-1.04,2.14,2.29,7.01
ADSK,2024-11-26,After-Hours (AMC),2024-11-26,317.96,2024-11-27,293.2,-24.76,-7.79,2.12,2.17,2.42
ADSK,2024-08-29,After-Hours (AMC),2024-08-29,258.23,2024-08-30,270.0,11.77,4.56,2.0,2.15,7.28
ADSK,2024-06-10,After-Hours (AMC),2024-06-10,218.2,2024-06-11,211.0,-7.2,-3.3,1.77,1.87,5.69
ADSK,2024-02-29,After-Hours (AMC),2024-02-29,258.17,2024-03-01,275.0,16.83,6.52,1.95,2.09,7.29
ADSK,2023-11-21,After-Hours (AMC),2023-11-21,217.67,2023-11-22,201.25,-16.42,-7.54,1.99,2.07,3.97
ADSK,2023-08-23,After-Hours (AMC),2023-08-23,204.36,2023-08-24,215.5,11.14,5.45,1.73,1.91,10.66
AEE,2026-05-05,After-Hours (AMC),2026-05-05,110.86,2026-05-06,108.49,-2.37,-2.14,1.18,1.28,8.16
AEE,2026-02-11,After-Hours (AMC),2026-02-11,104.57,2026-02-12,106.96,2.4,2.29,0.77,0.78,1.44
AEE,2025-11-05,After-Hours (AMC),2025-11-05,99.18,2025-11-06,100.65,1.47,1.48,2.12,2.35,10.95
AEE,2025-07-31,After-Hours (AMC),2025-07-31,98.33,2025-08-01,99.7,1.37,1.39,0.99,1.01,1.71
AEE,2025-05-01,After-Hours (AMC),2025-05-01,94.67,2025-05-02,95.43,0.76,0.81,1.04,1.07,2.75
AEE,2025-02-13,After-Hours (AMC),2025-02-13,94.16,2025-02-14,94.71,0.55,0.58,0.78,0.77,-1.19
AEE,2024-11-06,After-Hours (AMC),2024-11-06,83.48,2024-11-07,82.62,-0.87,-1.04,1.92,1.87,-2.39
AEE,2024-08-01,After-Hours (AMC),2024-08-01,76.68,2024-08-02,78.01,1.33,1.74,0.94,0.97,3.4
AEE,2024-05-02,After-Hours (AMC),2024-05-02,70.34,2024-05-03,70.19,-0.15,-0.21,1.08,0.98,-9.22
AEE,2024-02-22,After-Hours (AMC),2024-02-22,65.59,2024-02-23,65.71,0.12,0.18,0.61,0.6,-1.15
AEE,2023-11-08,After-Hours (AMC),2023-11-08,71.29,2023-11-09,71.98,0.69,0.97,1.82,1.87,2.84
AEE,2023-08-02,After-Hours (AMC),2023-08-02,76.92,2023-08-03,76.8,-0.13,-0.17,0.79,0.9,14.14
AEP,2026-05-05,Pre-Market (BMO),2026-05-04,133.69,2026-05-05,137.49,3.8,2.84,1.57,1.64,4.61
AEP,2026-02-12,Pre-Market (BMO),2026-02-11,121.37,2026-02-12,123.3,1.94,1.6,1.15,1.19,3.6
AEP,2025-10-29,Pre-Market (BMO),2025-10-28,112.5,2025-10-29,117.57,5.07,4.51,1.81,1.8,-0.28
AEP,2025-07-30,Pre-Market (BMO),2025-07-29,105.87,2025-07-30,107.53,1.67,1.57,1.27,1.43,12.83
AEP,2025-05-06,Pre-Market (BMO),2025-05-05,103.22,2025-05-06,103.99,0.77,0.74,1.4,1.54,9.86
AEP,2025-02-13,Pre-Market (BMO),2025-02-12,98.33,2025-02-13,97.39,-0.94,-0.96,1.24,1.24,-0.19
AEP,2024-11-06,Pre-Market (BMO),2024-11-05,94.64,2024-11-06,93.44,-1.2,-1.26,1.8,1.85,3.05
AEP,2024-07-30,Pre-Market (BMO),2024-07-29,90.68,2024-07-30,89.69,-0.99,-1.09,1.23,1.25,1.3
AEP,2024-04-30,Pre-Market (BMO),2024-04-29,80.18,2024-04-30,80.95,0.77,0.96,1.26,1.27,1.06
AEP,2024-02-26,After-Hours (AMC),2024-02-26,74.72,2024-02-27,77.33,2.61,3.49,1.26,1.23,-2.28
AEP,2023-11-02,Pre-Market (BMO),2023-11-01,69.16,2023-11-02,68.91,-0.25,-0.37,1.7,1.77,4.01
AEP,2023-07-27,Pre-Market (BMO),2023-07-26,78.41,2023-07-27,78.12,-0.29,-0.37,1.14,1.13,-0.56
AES,2026-05-05,After-Hours (AMC),2026-05-05,14.37,2026-05-06,14.43,0.06,0.42,0.37,0.77,108.27
AES,2026-03-02,After-Hours (AMC),2026-03-02,14.04,2026-03-03,14.02,-0.02,-0.14,0.61,0.81,33.04
AES,2025-11-04,After-Hours (AMC),2025-11-04,13.12,2025-11-05,13.16,0.04,0.3,0.77,0.75,-2.1
AES,2025-07-31,After-Hours (AMC),2025-07-31,12.51,2025-08-01,12.69,0.18,1.43,0.4,0.51,28.96
AES,2025-05-01,After-Hours (AMC),2025-05-01,9.46,2025-05-02,9.61,0.14,1.51,0.33,0.27,-17.83
AES,2025-02-28,Pre-Market (BMO),2025-02-27,9.7,2025-02-28,10.32,0.63,6.45,0.35,0.54,56.45
AES,2024-10-31,After-Hours (AMC),2024-10-31,15.01,2024-11-01,14.8,-0.21,-1.39,0.64,0.71,11.06
AES,2024-08-01,After-Hours (AMC),2024-08-01,16.3,2024-08-02,15.75,-0.56,-3.41,0.37,0.38,1.84
AES,2024-05-02,After-Hours (AMC),2024-05-02,17.06,2024-05-03,16.87,-0.19,-1.11,0.34,0.5,46.49
AES,2024-02-26,After-Hours (AMC),2024-02-26,13.88,2024-02-27,14.09,0.21,1.54,0.67,0.73,9.17
AES,2023-11-02,After-Hours (AMC),2023-11-02,13.69,2023-11-03,14.14,0.44,3.23,0.54,0.6,11.13
AES,2023-08-03,After-Hours (AMC),2023-08-03,18.04,2023-08-04,18.08,0.03,0.19,0.24,0.21,-12.56
AFL,2026-04-29,After-Hours (AMC),2026-04-29,115.61,2026-04-30,111.69,-3.92,-3.39,1.8,1.75,-2.55
AFL,2026-02-04,After-Hours (AMC),2026-02-04,112.44,2026-02-05,111.3,-1.14,-1.01,1.69,1.57,-7.34
AFL,2025-11-04,After-Hours (AMC),2025-11-04,107.12,2025-11-05,109.02,1.9,1.77,1.78,2.49,40.16
AFL,2025-08-05,After-Hours (AMC),2025-08-05,96.85,2025-08-06,99.38,2.53,2.61,1.71,1.78,4.35
AFL,2025-04-30,After-Hours (AMC),2025-04-30,105.83,2025-05-01,102.73,-3.1,-2.93,1.67,1.66,-0.82
AFL,2025-02-05,After-Hours (AMC),2025-02-05,103.89,2025-02-06,102.96,-0.93,-0.89,1.62,1.56,-3.53
AFL,2024-10-30,After-Hours (AMC),2024-10-30,106.12,2024-10-31,103.33,-2.8,-2.63,1.68,2.16,28.3
AFL,2024-07-31,After-Hours (AMC),2024-07-31,91.5,2024-08-01,100.14,8.63,9.44,1.6,1.83,14.51
AFL,2024-05-01,After-Hours (AMC),2024-05-01,80.67,2024-05-02,79.89,-0.78,-0.97,1.58,1.66,5.17
AFL,2024-01-31,After-Hours (AMC),2024-01-31,79.94,2024-02-01,74.76,-5.18,-6.49,1.45,1.25,-14.04
AFL,2023-11-01,After-Hours (AMC),2023-11-01,74.54,2023-11-02,74.54,0.0,0.0,1.49,1.84,23.64
AFL,2023-08-01,After-Hours (AMC),2023-08-01,67.62,2023-08-02,69.76,2.15,3.18,1.44,1.58,10.07
AIG,2026-04-30,After-Hours (AMC),2026-04-30,74.31,2026-05-01,77.48,3.17,4.26,1.88,2.11,11.96
AIG,2026-02-10,After-Hours (AMC),2026-02-10,74.07,2026-02-11,75.11,1.05,1.41,1.9,1.96,3.06
AIG,2025-11-04,After-Hours (AMC),2025-11-04,79.29,2025-11-05,80.56,1.27,1.6,1.71,2.2,28.5
AIG,2025-08-06,After-Hours (AMC),2025-08-06,77.22,2025-08-07,76.06,-1.15,-1.49,1.69,1.98,17.24
AIG,2025-05-01,After-Hours (AMC),2025-05-01,78.54,2025-05-02,78.34,-0.2,-0.26,0.97,1.16,20.17
AIG,2025-02-11,After-Hours (AMC),2025-02-11,73.42,2025-02-12,72.75,-0.67,-0.91,1.23,1.3,5.97
AIG,2024-11-04,After-Hours (AMC),2024-11-04,73.4,2024-11-05,72.83,-0.57,-0.77,1.3,0.71,-45.24
AIG,2024-07-31,After-Hours (AMC),2024-07-31,75.77,2024-08-01,73.14,-2.63,-3.47,1.3,1.16,-10.88
AIG,2024-05-01,After-Hours (AMC),2024-05-01,72.11,2024-05-02,74.4,2.29,3.18,1.59,1.74,9.65
AIG,2024-02-13,After-Hours (AMC),2024-02-13,66.35,2024-02-14,68.35,2.0,3.01,1.64,1.79,9.19
AIG,2023-11-01,After-Hours (AMC),2023-11-01,58.42,2023-11-02,59.29,0.87,1.48,1.48,1.61,8.66
AIG,2023-08-01,After-Hours (AMC),2023-08-01,56.51,2023-08-02,56.52,0.01,0.02,1.58,1.75,10.85
AJG,2026-04-30,After-Hours (AMC),2026-04-30,205.72,2026-05-01,216.28,10.56,5.14,4.43,4.47,0.98
AJG,2026-01-29,After-Hours (AMC),2026-01-29,244.28,2026-01-30,247.15,2.87,1.18,2.35,2.38,1.4
AJG,2025-10-30,After-Hours (AMC),2025-10-30,259.68,2025-10-31,240.57,-19.11,-7.36,2.54,2.32,-8.54
AJG,2025-07-31,After-Hours (AMC),2025-07-31,284.05,2025-08-01,281.83,-2.22,-0.78,2.36,2.33,-1.21
AJG,2025-05-01,After-Hours (AMC),2025-05-01,313.48,2025-05-02,326.08,12.6,4.02,3.58,3.67,2.52
AJG,2025-01-30,After-Hours (AMC),2025-01-30,294.55,2025-01-31,293.73,-0.82,-0.28,2.03,2.13,4.98
AJG,2024-10-24,After-Hours (AMC),2024-10-24,282.68,2024-10-25,278.21,-4.47,-1.58,2.27,2.26,-0.58
AJG,2024-07-25,After-Hours (AMC),2024-07-25,268.79,2024-07-26,264.04,-4.75,-1.77,2.24,2.26,0.98
AJG,2024-04-25,After-Hours (AMC),2024-04-25,231.91,2024-04-26,231.91,0.0,0.0,3.41,3.49,2.46
AJG,2024-01-25,After-Hours (AMC),2024-01-25,232.13,2024-01-26,230.41,-1.72,-0.74,1.85,1.85,-0.06
AJG,2023-10-26,After-Hours (AMC),2023-10-26,223.95,2023-10-27,227.95,4.0,1.79,1.95,2.0,2.62
AJG,2023-07-27,After-Hours (AMC),2023-07-27,211.03,2023-07-28,215.55,4.52,2.14,1.86,1.9,2.19
AKAM,2026-05-07,After-Hours (AMC),2026-05-07,116.69,2026-05-08,145.45,28.76,24.65,1.6,1.61,0.35
AKAM,2026-02-19,After-Hours (AMC),2026-02-19,109.59,2026-02-20,99.74,-9.85,-8.99,1.75,1.84,5.12
AKAM,2025-11-06,After-Hours (AMC),2025-11-06,73.0,2025-11-07,78.9,5.9,8.08,1.64,1.86,13.71
AKAM,2025-08-07,After-Hours (AMC),2025-08-07,74.76,2025-08-08,75.62,0.86,1.15,1.53,1.73,13.18
AKAM,2025-05-08,After-Hours (AMC),2025-05-08,85.44,2025-05-09,83.0,-2.44,-2.86,1.57,1.7,8.58
AKAM,2025-02-20,After-Hours (AMC),2025-02-20,98.03,2025-02-21,89.0,-9.03,-9.21,1.52,1.66,8.98
AKAM,2024-11-07,After-Hours (AMC),2024-11-07,104.4,2024-11-08,97.91,-6.49,-6.22,1.59,1.59,0.01
AKAM,2024-08-08,After-Hours (AMC),2024-08-08,91.57,2024-08-09,98.01,6.44,7.03,1.53,1.58,3.02
AKAM,2024-05-09,After-Hours (AMC),2024-05-09,102.46,2024-05-10,94.2,-8.26,-8.06,1.61,1.64,1.96
AKAM,2024-02-13,After-Hours (AMC),2024-02-13,125.05,2024-02-14,119.12,-5.93,-4.74,1.61,1.69,4.75
AKAM,2023-11-07,After-Hours (AMC),2023-11-07,108.86,2023-11-08,109.62,0.76,0.7,1.5,1.63,8.76
AKAM,2023-08-08,After-Hours (AMC),2023-08-08,94.95,2023-08-09,101.5,6.55,6.9,1.41,1.49,5.94
ALB,2026-05-06,After-Hours (AMC),2026-05-06,192.12,2026-05-07,206.48,14.36,7.48,1.31,2.95,124.6
ALB,2026-02-11,After-Hours (AMC),2026-02-11,174.55,2026-02-12,172.14,-2.41,-1.38,-0.49,-0.53,-8.6
ALB,2025-11-05,After-Hours (AMC),2025-11-05,91.22,2025-11-06,93.25,2.02,2.22,-0.88,-0.19,78.33
ALB,2025-07-30,After-Hours (AMC),2025-07-30,67.97,2025-07-31,69.11,1.14,1.68,-0.81,0.11,113.51
ALB,2025-04-30,After-Hours (AMC),2025-04-30,57.39,2025-05-01,60.16,2.76,4.82,-0.68,-0.18,73.52
ALB,2025-02-12,After-Hours (AMC),2025-02-12,74.67,2025-02-13,77.88,3.22,4.31,-0.67,-1.09,-63.0
ALB,2024-11-06,After-Hours (AMC),2024-11-06,93.77,2024-11-07,94.57,0.8,0.85,-0.48,-1.55,-221.72
ALB,2024-07-31,After-Hours (AMC),2024-07-31,90.53,2024-08-01,90.85,0.32,0.35,0.46,0.04,-91.27
ALB,2024-05-01,After-Hours (AMC),2024-05-01,114.59,2024-05-02,113.14,-1.44,-1.26,0.23,0.26,11.7
ALB,2024-02-14,After-Hours (AMC),2024-02-14,109.8,2024-02-15,107.5,-2.29,-2.09,1.11,1.85,66.72
ALB,2023-11-01,After-Hours (AMC),2023-11-01,117.69,2023-11-02,113.9,-3.79,-3.22,3.74,2.74,-26.71
ALB,2023-08-02,After-Hours (AMC),2023-08-02,193.77,2023-08-03,204.9,11.13,5.74,4.52,7.33,62.22
ALL,2026-04-29,After-Hours (AMC),2026-04-29,211.22,2026-04-30,212.24,1.02,0.49,7.24,10.65,47.01
ALL,2026-02-04,After-Hours (AMC),2026-02-04,205.0,2026-02-05,210.26,5.27,2.57,10.21,14.37,40.74
ALL,2025-11-05,After-Hours (AMC),2025-11-05,191.85,2025-11-06,198.99,7.14,3.72,7.57,13.95,84.4
ALL,2025-07-30,After-Hours (AMC),2025-07-30,188.49,2025-07-31,193.2,4.72,2.5,3.87,7.76,100.72
ALL,2025-04-30,After-Hours (AMC),2025-04-30,193.54,2025-05-01,189.93,-3.61,-1.87,2.53,3.53,39.33
ALL,2025-02-05,After-Hours (AMC),2025-02-05,187.35,2025-02-06,189.29,1.93,1.03,6.15,7.07,14.96
ALL,2024-10-30,After-Hours (AMC),2024-10-30,183.08,2024-10-31,188.45,5.37,2.93,1.93,4.39,128.05
ALL,2024-07-31,After-Hours (AMC),2024-07-31,164.56,2024-08-01,167.81,3.25,1.98,0.36,1.61,346.5
ALL,2024-05-01,After-Hours (AMC),2024-05-01,164.07,2024-05-02,168.31,4.25,2.59,3.94,5.13,30.29
ALL,2024-02-07,After-Hours (AMC),2024-02-07,150.8,2024-02-08,154.98,4.18,2.77,3.94,5.82,47.88
ALL,2023-11-01,After-Hours (AMC),2023-11-01,122.56,2023-11-02,127.75,5.19,4.23,0.49,0.81,63.67
ALL,2023-08-01,After-Hours (AMC),2023-08-01,105.88,2023-08-02,104.67,-1.21,-1.14,-3.96,-4.42,-11.56
ALLE,2026-07-23,Pre-Market (BMO),2026-07-22,139.95,2026-07-23,151.57,11.62,8.3,2.22,2.4,8.29
ALLE,2026-04-28,Pre-Market (BMO),2026-04-27,147.79,2026-04-28,135.44,-12.35,-8.36,1.9,1.8,-5.09
ALLE,2026-02-17,Pre-Market (BMO),2026-02-13,178.09,2026-02-17,168.66,-9.43,-5.29,1.98,1.94,-2.01
ALLE,2025-10-23,Pre-Market (BMO),2025-10-22,174.12,2025-10-23,170.35,-3.77,-2.17,2.24,2.3,2.54
ALLE,2025-07-24,Pre-Market (BMO),2025-07-23,153.15,2025-07-24,156.63,3.48,2.27,1.99,2.04,2.67
ALLE,2025-04-24,Pre-Market (BMO),2025-04-23,125.0,2025-04-24,138.0,13.0,10.4,1.67,1.86,11.19
ALLE,2025-02-18,Pre-Market (BMO),2025-02-14,131.32,2025-02-18,128.9,-2.41,-1.84,1.75,1.86,6.27
ALLE,2024-10-24,Pre-Market (BMO),2024-10-23,148.0,2024-10-24,139.64,-8.36,-5.65,1.98,2.16,9.03
ALLE,2024-07-24,Pre-Market (BMO),2024-07-23,124.35,2024-07-24,127.44,3.09,2.48,1.84,1.96,6.3
ALLE,2024-04-25,Pre-Market (BMO),2024-04-24,123.23,2024-04-25,123.23,0.0,0.0,1.45,1.55,7.21
ALLE,2024-02-20,Pre-Market (BMO),2024-02-16,128.49,2024-02-20,124.38,-4.1,-3.19,1.58,1.68,6.09
ALLE,2023-10-31,Pre-Market (BMO),2023-10-30,94.45,2023-10-31,98.72,4.27,4.52,1.74,1.94,11.36
AMAT,2026-05-14,After-Hours (AMC),2026-05-14,440.01,2026-05-15,427.89,-12.12,-2.76,2.69,2.86,6.5
AMAT,2026-02-12,After-Hours (AMC),2026-02-12,327.57,2026-02-13,364.04,36.47,11.13,2.21,2.38,7.89
AMAT,2025-11-13,After-Hours (AMC),2025-11-13,222.24,2025-11-14,202.85,-19.39,-8.73,2.09,2.17,3.65
AMAT,2025-08-14,After-Hours (AMC),2025-08-14,186.87,2025-08-15,161.52,-25.35,-13.57,2.36,2.48,5.13
AMAT,2025-05-15,After-Hours (AMC),2025-05-15,172.99,2025-05-16,166.73,-6.26,-3.62,2.31,2.39,3.45
AMAT,2025-02-13,After-Hours (AMC),2025-02-13,181.99,2025-02-14,172.68,-9.31,-5.12,2.3,2.38,3.67
AMAT,2024-11-14,After-Hours (AMC),2024-11-14,183.27,2024-11-15,165.87,-17.4,-9.49,2.19,2.32,5.71
AMAT,2024-08-15,After-Hours (AMC),2024-08-15,208.32,2024-08-16,201.55,-6.77,-3.25,2.03,2.12,4.68
AMAT,2024-05-16,After-Hours (AMC),2024-05-16,210.1,2024-05-17,212.43,2.33,1.11,1.99,2.09,5.27
AMAT,2024-02-15,After-Hours (AMC),2024-02-15,183.9,2024-02-16,197.97,14.07,7.65,1.91,2.13,11.78
AMAT,2023-11-16,After-Hours (AMC),2023-11-16,151.38,2023-11-17,138.9,-12.49,-8.25,1.99,2.12,6.44
AMAT,2023-08-17,After-Hours (AMC),2023-08-17,134.25,2023-08-18,134.0,-0.25,-0.19,1.75,1.9,8.88
AMCR,2026-05-06,Pre-Market (BMO),2026-05-05,37.02,2026-05-06,39.96,2.94,7.94,0.95,0.96,0.55
AMCR,2026-02-03,After-Hours (AMC),2026-02-03,43.61,2026-02-04,44.8,1.18,2.72,0.84,0.86,2.47
AMCR,2025-11-05,After-Hours (AMC),2025-11-05,39.17,2025-11-06,40.34,1.17,2.97,0.92,0.97,4.9
AMCR,2025-08-14,Pre-Market (BMO),2025-08-13,48.25,2025-08-14,45.97,-2.28,-4.73,1.08,1.0,-7.21
AMCR,2025-04-30,After-Hours (AMC),2025-04-30,44.04,2025-05-01,43.99,-0.05,-0.11,0.91,0.9,-1.3
AMCR,2025-02-04,Pre-Market (BMO),2025-02-03,45.19,2025-02-04,46.85,1.65,3.66,0.79,0.81,2.15
AMCR,2024-10-31,After-Hours (AMC),2024-10-31,51.96,2024-11-01,48.84,-3.13,-6.02,0.82,0.81,-1.22
AMCR,2024-08-15,After-Hours (AMC),2024-08-15,50.09,2024-08-16,47.65,-2.45,-4.88,1.02,1.06,2.93
AMCR,2024-04-30,After-Hours (AMC),2024-04-30,40.76,2024-05-01,43.59,2.83,6.94,0.82,0.89,8.78
AMCR,2024-02-06,After-Hours (AMC),2024-02-06,41.28,2024-02-07,42.05,0.76,1.85,0.76,0.79,2.87
AMCR,2023-10-31,After-Hours (AMC),2023-10-31,39.45,2023-11-01,39.85,0.4,1.01,0.74,0.78,5.39
AMCR,2023-08-16,After-Hours (AMC),2023-08-16,41.21,2023-08-17,40.55,-0.66,-1.59,0.9,0.97,7.47
AMD,2026-05-05,After-Hours (AMC),2026-05-05,355.26,2026-05-06,409.49,54.23,15.26,1.29,1.37,5.82
AMD,2026-02-03,After-Hours (AMC),2026-02-03,242.11,2026-02-04,215.0,-27.11,-11.2,1.32,1.53,15.98
AMD,2025-11-04,After-Hours (AMC),2025-11-04,250.05,2025-11-05,243.24,-6.81,-2.72,1.17,1.2,2.48
AMD,2025-08-05,After-Hours (AMC),2025-08-05,174.31,2025-08-06,165.05,-9.26,-5.31,0.48,0.48,-0.55
AMD,2025-05-06,After-Hours (AMC),2025-05-06,98.62,2025-05-07,100.75,2.13,2.16,0.93,0.96,2.83
AMD,2025-02-04,After-Hours (AMC),2025-02-04,119.5,2025-02-05,107.61,-11.89,-9.95,1.09,1.09,0.36
AMD,2024-10-29,After-Hours (AMC),2024-10-29,166.25,2024-10-30,153.01,-13.24,-7.96,0.92,0.92,0.46
AMD,2024-07-30,After-Hours (AMC),2024-07-30,138.44,2024-07-31,150.73,12.29,8.88,0.68,0.69,1.26
AMD,2024-04-30,After-Hours (AMC),2024-04-30,158.38,2024-05-01,148.11,-10.27,-6.48,0.61,0.62,2.04
AMD,2024-01-30,After-Hours (AMC),2024-01-30,172.06,2024-01-31,165.74,-6.32,-3.67,0.77,0.77,-0.01
AMD,2023-10-31,After-Hours (AMC),2023-10-31,98.5,2023-11-01,98.58,0.08,0.08,0.68,0.7,3.59
AMD,2023-08-01,After-Hours (AMC),2023-08-01,117.6,2023-08-02,119.49,1.89,1.61,0.57,0.58,1.05
AMGN,2026-04-30,After-Hours (AMC),2026-04-30,343.65,2026-05-01,330.03,-13.63,-3.97,4.77,5.15,8.04
AMGN,2026-02-03,After-Hours (AMC),2026-02-03,333.74,2026-02-04,346.99,13.25,3.97,4.73,5.29,11.94
AMGN,2025-11-04,After-Hours (AMC),2025-11-04,290.38,2025-11-05,296.67,6.29,2.17,5.01,5.64,12.47
AMGN,2025-08-05,After-Hours (AMC),2025-08-05,291.32,2025-08-06,286.89,-4.44,-1.52,5.28,6.02,14.08
AMGN,2025-05-01,After-Hours (AMC),2025-05-01,273.09,2025-05-02,280.51,7.43,2.72,4.26,4.9,15.01
AMGN,2025-02-04,After-Hours (AMC),2025-02-04,275.9,2025-02-05,277.49,1.59,0.58,5.08,5.31,4.63
AMGN,2024-10-30,After-Hours (AMC),2024-10-30,298.83,2024-10-31,300.86,2.04,0.68,5.11,5.58,9.29
AMGN,2024-08-06,After-Hours (AMC),2024-08-06,309.37,2024-08-07,301.88,-7.49,-2.42,5.0,4.97,-0.62
AMGN,2024-05-02,After-Hours (AMC),2024-05-02,259.97,2024-05-03,292.66,32.68,12.57,3.89,3.96,1.83
AMGN,2024-02-06,After-Hours (AMC),2024-02-06,292.87,2024-02-07,292.35,-0.52,-0.18,4.59,4.71,2.58
AMGN,2023-10-31,Pre-Market (BMO),2023-10-30,241.97,2023-10-31,235.26,-6.71,-2.77,4.68,4.96,5.9
AMGN,2023-08-03,After-Hours (AMC),2023-08-03,210.4,2023-08-04,216.97,6.58,3.13,4.49,5.0,11.27
AMT,2026-04-28,Pre-Market (BMO),2026-04-27,173.64,2026-04-28,174.83,1.19,0.68,1.57,1.84,17.04
AMT,2026-02-24,Pre-Market (BMO),2026-02-23,186.39,2026-02-24,184.53,-1.86,-1.0,1.47,1.75,19.05
AMT,2025-10-28,Pre-Market (BMO),2025-10-27,184.28,2025-10-28,180.6,-3.68,-2.0,1.65,1.82,10.06
AMT,2025-07-29,Pre-Market (BMO),2025-07-28,215.87,2025-07-29,210.85,-5.02,-2.32,1.66,0.78,-53.01
AMT,2025-04-29,Pre-Market (BMO),2025-04-28,201.85,2025-04-29,202.18,0.32,0.16,1.57,1.04,-33.66
AMT,2025-02-25,Pre-Market (BMO),2025-02-24,181.92,2025-02-25,187.14,5.22,2.87,1.98,2.62,32.02
AMT,2024-10-29,Pre-Market (BMO),2024-10-28,208.7,2024-10-29,202.07,-6.63,-3.18,1.55,0.89,-42.59
AMT,2024-07-30,Pre-Market (BMO),2024-07-29,200.39,2024-07-30,205.12,4.73,2.36,1.58,1.92,21.86
AMT,2024-04-30,Pre-Market (BMO),2024-04-29,161.81,2024-04-30,162.31,0.5,0.31,1.76,1.96,11.15
AMT,2024-02-27,Pre-Market (BMO),2024-02-26,172.04,2024-02-27,173.38,1.35,0.78,0.94,0.25,-73.86
AMT,2023-10-26,Pre-Market (BMO),2023-10-25,147.24,2023-10-26,148.21,0.97,0.66,1.13,1.88,65.94
AMT,2023-07-27,Pre-Market (BMO),2023-07-26,171.01,2023-07-27,175.01,4.0,2.34,1.08,1.02,-5.65
AMZN,2026-04-29,After-Hours (AMC),2026-04-29,263.04,2026-04-30,273.17,10.13,3.85,1.64,2.78,69.02
AMZN,2026-02-05,After-Hours (AMC),2026-02-05,222.69,2026-02-06,202.7,-19.99,-8.98,1.95,1.95,0.22
AMZN,2025-10-30,After-Hours (AMC),2025-10-30,222.86,2025-10-31,250.1,27.24,12.22,1.56,1.95,25.2
AMZN,2025-07-31,After-Hours (AMC),2025-07-31,234.11,2025-08-01,217.21,-16.9,-7.22,1.32,1.68,27.19
AMZN,2025-05-01,After-Hours (AMC),2025-05-01,190.2,2025-05-02,191.44,1.24,0.65,1.36,1.59,16.77
AMZN,2025-02-06,After-Hours (AMC),2025-02-06,238.83,2025-02-07,232.5,-6.33,-2.65,1.48,1.86,25.29
AMZN,2024-10-31,After-Hours (AMC),2024-10-31,186.4,2024-11-01,199.0,12.6,6.76,1.14,1.43,25.22
AMZN,2024-08-01,After-Hours (AMC),2024-08-01,184.07,2024-08-02,166.75,-17.32,-9.41,1.02,1.26,23.76
AMZN,2024-04-30,After-Hours (AMC),2024-04-30,175.0,2024-05-01,181.64,6.64,3.79,0.83,0.98,17.67
AMZN,2024-02-01,After-Hours (AMC),2024-02-01,159.28,2024-02-02,169.19,9.91,6.22,0.8,1.0,24.38
AMZN,2023-10-26,After-Hours (AMC),2023-10-26,119.57,2023-10-27,126.2,6.63,5.54,0.58,0.94,62.22
AMZN,2023-08-03,After-Hours (AMC),2023-08-03,128.91,2023-08-04,141.06,12.15,9.43,0.34,0.65,91.19
ANET,2026-05-05,After-Hours (AMC),2026-05-05,170.22,2026-05-06,153.0,-17.22,-10.12,0.81,0.87,7.73
ANET,2026-02-12,After-Hours (AMC),2026-02-12,135.12,2026-02-13,145.82,10.7,7.92,0.76,0.82,8.17
ANET,2025-11-04,After-Hours (AMC),2025-11-04,153.55,2025-11-05,142.67,-10.88,-7.09,0.71,0.75,4.98
ANET,2025-08-05,After-Hours (AMC),2025-08-05,118.12,2025-08-06,133.79,15.67,13.27,0.65,0.73,12.38
ANET,2025-05-06,After-Hours (AMC),2025-05-06,90.77,2025-05-07,85.88,-4.89,-5.39,0.59,0.65,9.98
ANET,2025-02-18,After-Hours (AMC),2025-02-18,111.06,2025-02-19,104.5,-6.56,-5.91,0.57,0.65,13.96
ANET,2024-11-07,After-Hours (AMC),2024-11-07,107.75,2024-11-08,101.61,-6.14,-5.7,0.52,0.6,15.31
ANET,2024-07-30,After-Hours (AMC),2024-07-30,77.86,2024-07-31,84.5,6.64,8.54,0.48,0.53,8.37
ANET,2024-05-07,After-Hours (AMC),2024-05-07,68.5,2024-05-08,70.79,2.29,3.34,0.44,0.5,14.31
ANET,2024-02-12,After-Hours (AMC),2024-02-12,70.22,2024-02-13,64.47,-5.75,-8.18,0.43,0.52,21.6
ANET,2023-10-30,After-Hours (AMC),2023-10-30,43.93,2023-10-31,48.58,4.65,10.57,0.39,0.46,16.12
ANET,2023-07-31,After-Hours (AMC),2023-07-31,38.77,2023-08-01,44.38,5.6,14.45,0.36,0.4,9.89
AON,2026-05-01,Pre-Market (BMO),2026-04-30,310.83,2026-05-01,326.52,15.69,5.05,6.35,6.48,1.97
AON,2026-01-30,Pre-Market (BMO),2026-01-29,342.05,2026-01-30,346.05,4.0,1.17,4.75,4.85,2.16
AON,2025-10-31,Pre-Market (BMO),2025-10-30,327.33,2025-10-31,335.54,8.22,2.51,2.91,3.05,4.65
AON,2025-07-25,Pre-Market (BMO),2025-07-24,354.93,2025-07-25,366.77,11.84,3.34,3.41,3.49,2.47
AON,2025-04-25,Pre-Market (BMO),2025-04-24,362.56,2025-04-25,339.17,-23.39,-6.45,6.04,5.67,-6.1
AON,2025-01-31,Pre-Market (BMO),2025-01-30,368.94,2025-01-31,367.85,-1.09,-0.3,4.25,4.42,3.95
AON,2024-10-25,Pre-Market (BMO),2024-10-24,353.12,2024-10-25,378.29,25.16,7.13,2.47,2.72,9.97
AON,2024-07-26,Pre-Market (BMO),2024-07-25,295.22,2024-07-26,303.17,7.95,2.69,3.08,2.93,-4.94
AON,2024-04-26,Pre-Market (BMO),2024-04-25,301.46,2024-04-26,266.86,-34.6,-11.48,5.92,5.66,-4.4
AON,2024-02-02,Pre-Market (BMO),2024-02-01,295.55,2024-02-02,290.86,-4.69,-1.59,4.06,3.89,-4.29
AON,2023-10-27,Pre-Market (BMO),2023-10-26,313.69,2023-10-27,303.19,-10.5,-3.35,2.21,2.32,4.95
AON,2023-07-28,Pre-Market (BMO),2023-07-27,330.08,2023-07-28,327.94,-2.13,-0.65,2.84,2.76,-2.65
AOS,2026-04-30,Pre-Market (BMO),2026-04-29,63.32,2026-04-30,64.64,1.32,2.08,0.94,0.85,-9.91
AOS,2026-01-29,Pre-Market (BMO),2026-01-28,68.76,2026-01-29,71.42,2.66,3.87,0.84,0.9,6.95
AOS,2025-10-28,Pre-Market (BMO),2025-10-27,67.52,2025-10-28,67.19,-0.33,-0.5,0.91,0.94,3.62
AOS,2025-07-24,Pre-Market (BMO),2025-07-23,69.91,2025-07-24,72.02,2.12,3.03,0.99,1.07,7.93
AOS,2025-04-29,Pre-Market (BMO),2025-04-28,63.12,2025-04-29,64.62,1.5,2.38,0.91,0.95,4.28
AOS,2025-01-30,Pre-Market (BMO),2025-01-29,67.11,2025-01-30,64.48,-2.63,-3.92,0.89,0.85,-4.77
AOS,2024-10-22,Pre-Market (BMO),2024-10-21,75.86,2024-10-22,76.88,1.02,1.35,0.82,0.82,-0.05
AOS,2024-07-23,Pre-Market (BMO),2024-07-22,85.39,2024-07-23,77.81,-7.59,-8.88,1.06,1.06,0.01
AOS,2024-04-25,Pre-Market (BMO),2024-04-24,83.33,2024-04-25,80.36,-2.97,-3.56,0.99,1.0,1.36
AOS,2024-01-30,Pre-Market (BMO),2024-01-29,77.9,2024-01-30,75.44,-2.46,-3.16,0.96,0.97,1.4
AOS,2023-10-26,Pre-Market (BMO),2023-10-25,61.9,2023-10-26,63.09,1.19,1.92,0.79,0.9,13.36
AOS,2023-07-27,Pre-Market (BMO),2023-07-26,71.0,2023-07-27,70.13,-0.87,-1.23,0.9,1.01,11.76
APA,2026-05-06,After-Hours (AMC),2026-05-06,38.03,2026-05-07,36.24,-1.79,-4.7,1.14,1.38,20.9
APA,2026-02-25,After-Hours (AMC),2026-02-25,27.46,2026-02-26,27.26,-0.2,-0.72,0.64,0.91,41.73
APA,2025-11-05,After-Hours (AMC),2025-11-05,21.16,2025-11-06,22.56,1.4,6.6,0.79,0.93,17.59
APA,2025-08-05,After-Hours (AMC),2025-08-05,17.96,2025-08-06,18.27,0.31,1.72,0.48,0.87,79.46
APA,2025-05-06,After-Hours (AMC),2025-05-06,15.0,2025-05-07,15.04,0.05,0.32,0.82,1.06,29.18
APA,2025-02-25,After-Hours (AMC),2025-02-25,20.99,2025-02-26,21.08,0.09,0.45,0.95,0.79,-16.68
APA,2024-11-07,Pre-Market (BMO),2024-11-06,22.95,2024-11-07,23.06,0.11,0.49,0.99,1.0,1.46
APA,2024-07-30,After-Hours (AMC),2024-07-30,28.51,2024-07-31,29.05,0.54,1.9,0.93,1.17,26.03
APA,2024-05-01,After-Hours (AMC),2024-05-01,27.8,2024-05-02,27.46,-0.35,-1.25,0.93,0.78,-16.06
APA,2024-02-21,After-Hours (AMC),2024-02-21,28.44,2024-02-22,28.21,-0.23,-0.8,1.33,1.15,-13.71
APA,2023-11-01,After-Hours (AMC),2023-11-01,35.54,2023-11-02,35.02,-0.52,-1.46,1.06,1.33,25.08
APA,2023-08-02,After-Hours (AMC),2023-08-02,34.8,2023-08-03,36.05,1.25,3.59,0.72,0.85,18.87
APD,2026-04-30,Pre-Market (BMO),2026-04-29,300.63,2026-04-30,297.15,-3.48,-1.16,3.06,3.2,4.54
APD,2026-01-30,Pre-Market (BMO),2026-01-29,252.85,2026-01-30,264.04,11.19,4.43,3.04,3.16,3.93
APD,2025-11-06,Pre-Market (BMO),2025-11-05,232.92,2025-11-06,244.52,11.6,4.98,3.38,3.39,0.22
APD,2025-07-31,Pre-Market (BMO),2025-07-30,282.6,2025-07-31,284.95,2.35,0.83,2.99,3.09,3.23
APD,2025-05-01,Pre-Market (BMO),2025-04-30,262.38,2025-05-01,250.31,-12.07,-4.6,2.83,2.69,-4.86
APD,2025-02-06,Pre-Market (BMO),2025-02-05,320.49,2025-02-06,317.39,-3.1,-0.97,2.84,2.86,0.67
APD,2024-11-07,Pre-Market (BMO),2024-11-06,293.27,2024-11-07,296.17,2.9,0.99,3.47,3.56,2.49
APD,2024-08-01,Pre-Market (BMO),2024-07-31,250.77,2024-08-01,274.3,23.53,9.38,3.04,3.2,5.3
APD,2024-04-30,Pre-Market (BMO),2024-04-29,224.76,2024-04-30,219.54,-5.23,-2.33,2.7,2.85,5.48
APD,2024-02-05,Pre-Market (BMO),2024-02-02,241.92,2024-02-05,212.71,-29.21,-12.07,3.0,2.82,-6.14
APD,2023-11-07,Pre-Market (BMO),2023-11-06,271.22,2023-11-07,253.01,-18.21,-6.71,3.11,3.15,1.17
APD,2023-08-03,Pre-Market (BMO),2023-08-02,276.98,2023-08-03,268.36,-8.62,-3.11,2.91,2.98,2.24
APH,2026-04-29,Pre-Market (BMO),2026-04-28,143.5,2026-04-29,153.77,10.26,7.15,0.95,1.06,11.96
APH,2026-01-28,Pre-Market (BMO),2026-01-27,165.67,2026-01-28,140.51,-25.16,-15.19,0.94,0.97,3.07
APH,2025-10-22,Pre-Market (BMO),2025-10-21,123.77,2025-10-22,134.62,10.85,8.77,0.8,0.93,16.48
APH,2025-07-23,Pre-Market (BMO),2025-07-22,101.09,2025-07-23,106.5,5.41,5.35,0.67,0.81,21.66
APH,2025-04-23,Pre-Market (BMO),2025-04-22,65.19,2025-04-23,75.37,10.18,15.62,0.52,0.63,20.96
APH,2025-01-22,Pre-Market (BMO),2025-01-21,71.91,2025-01-22,74.81,2.9,4.03,0.5,0.55,9.23
APH,2024-10-23,Pre-Market (BMO),2024-10-22,65.96,2024-10-23,67.1,1.13,1.72,0.45,0.5,10.42
APH,2024-07-24,Pre-Market (BMO),2024-07-23,65.21,2024-07-24,61.59,-3.62,-5.55,0.41,0.44,7.63
APH,2024-04-24,Pre-Market (BMO),2024-04-23,56.14,2024-04-24,58.56,2.42,4.31,0.37,0.4,8.87
APH,2024-01-24,Pre-Market (BMO),2024-01-23,48.02,2024-01-24,49.57,1.54,3.22,0.38,0.41,7.02
APH,2023-10-25,Pre-Market (BMO),2023-10-24,38.78,2023-10-25,38.82,0.04,0.1,0.37,0.39,5.29
APO,2026-05-06,Pre-Market (BMO),2026-05-05,129.75,2026-05-06,133.46,3.7,2.85,1.88,1.94,2.92
APO,2026-02-09,Pre-Market (BMO),2026-02-06,131.93,2026-02-09,133.23,1.3,0.98,2.04,2.47,21.28
APO,2025-11-04,Pre-Market (BMO),2025-11-03,122.45,2025-11-04,130.65,8.2,6.7,1.9,2.17,14.21
APO,2025-08-05,Pre-Market (BMO),2025-08-04,139.78,2025-08-05,146.59,6.8,4.87,1.84,1.92,4.16
APO,2025-05-02,Pre-Market (BMO),2025-05-01,135.24,2025-05-02,131.57,-3.67,-2.71,1.84,1.82,-1.31
APO,2025-02-04,Pre-Market (BMO),2025-02-03,163.44,2025-02-04,160.41,-3.03,-1.85,1.89,2.22,17.47
APO,2024-11-05,Pre-Market (BMO),2024-11-04,135.97,2024-11-05,143.36,7.38,5.43,1.72,1.85,7.3
APO,2024-08-01,Pre-Market (BMO),2024-07-31,121.69,2024-08-01,116.54,-5.16,-4.24,1.75,1.64,-6.44
APO,2024-05-02,Pre-Market (BMO),2024-05-01,104.24,2024-05-02,104.22,-0.02,-0.02,1.78,1.72,-3.33
APO,2024-02-08,Pre-Market (BMO),2024-02-07,102.05,2024-02-08,100.75,-1.29,-1.27,1.72,1.91,10.77
APO,2023-11-01,Pre-Market (BMO),2023-10-31,74.25,2023-11-01,80.05,5.8,7.81,1.76,1.71,-2.95
APO,2023-08-03,Pre-Market (BMO),2023-08-02,77.56,2023-08-03,78.2,0.64,0.82,1.65,1.7,3.02
APP,2026-05-06,After-Hours (AMC),2026-05-06,468.83,2026-05-07,454.88,-13.95,-2.98,3.64,3.76,3.49
APP,2026-02-11,After-Hours (AMC),2026-02-11,456.81,2026-02-12,404.0,-52.81,-11.56,3.11,3.48,11.87
APP,2025-11-05,After-Hours (AMC),2025-11-05,617.05,2025-11-06,651.47,34.42,5.58,2.53,2.55,0.64
APP,2025-08-06,After-Hours (AMC),2025-08-06,390.57,2025-08-07,397.25,6.68,1.71,2.32,2.36,1.71
APP,2025-05-07,After-Hours (AMC),2025-05-07,303.46,2025-05-08,344.0,40.54,13.36,1.96,2.38,21.79
APP,2025-02-12,After-Hours (AMC),2025-02-12,380.32,2025-02-13,499.34,119.02,31.29,1.83,2.07,13.29
APP,2024-11-06,After-Hours (AMC),2024-11-06,168.55,2024-11-07,230.0,61.45,36.46,1.23,1.47,19.64
APP,2024-08-07,After-Hours (AMC),2024-08-07,67.19,2024-08-08,70.05,2.86,4.26,1.26,1.17,-7.16
APP,2024-05-08,After-Hours (AMC),2024-05-08,74.0,2024-05-09,83.27,9.27,12.53,1.05,0.92,-12.41
APP,2024-02-14,After-Hours (AMC),2024-02-14,46.87,2024-02-15,54.69,7.82,16.67,0.35,0.49,39.34
APP,2023-11-08,After-Hours (AMC),2023-11-08,40.12,2023-11-09,45.1,4.99,12.43,0.27,0.3,11.22
APP,2023-08-09,After-Hours (AMC),2023-08-09,29.41,2023-08-10,38.32,8.91,30.3,0.49,0.41,-17.07
APTV,2026-05-05,Pre-Market (BMO),2026-05-04,59.53,2026-05-05,58.11,-1.42,-2.39,1.58,1.71,7.91
APTV,2026-02-02,Pre-Market (BMO),2026-01-30,75.75,2026-02-02,74.61,-1.14,-1.5,1.86,1.86,0.21
APTV,2025-10-30,Pre-Market (BMO),2025-10-29,85.77,2025-10-30,81.35,-4.42,-5.15,1.83,2.17,18.78
APTV,2025-07-31,Pre-Market (BMO),2025-07-30,66.68,2025-07-31,68.23,1.55,2.32,1.83,2.12,15.78
APTV,2025-05-01,Pre-Market (BMO),2025-04-30,57.06,2025-05-01,55.2,-1.86,-3.26,1.53,1.69,10.12
APTV,2025-02-06,Pre-Market (BMO),2025-02-05,61.27,2025-02-06,65.0,3.73,6.09,1.65,1.75,6.25
APTV,2024-10-31,Pre-Market (BMO),2024-10-30,69.07,2024-10-31,62.43,-6.64,-9.61,1.66,1.83,9.99
APTV,2024-08-01,Pre-Market (BMO),2024-07-31,69.39,2024-08-01,78.98,9.59,13.82,1.42,1.58,11.03
APTV,2024-05-02,Pre-Market (BMO),2024-05-01,69.75,2024-05-02,75.42,5.67,8.13,1.0,1.16,15.96
APTV,2024-01-31,Pre-Market (BMO),2024-01-30,86.72,2024-01-31,85.99,-0.73,-0.84,1.33,1.4,4.91
APTV,2023-11-02,Pre-Market (BMO),2023-11-01,86.08,2023-11-02,78.26,-7.82,-9.08,1.23,1.3,5.79
APTV,2023-08-03,Pre-Market (BMO),2023-08-02,106.28,2023-08-03,111.52,5.24,4.93,1.02,1.25,22.09
ARE,2026-04-27,After-Hours (AMC),2026-04-27,44.97,2026-04-28,43.33,-1.64,-3.64,0.14,2.1,1359.96
ARE,2026-01-26,After-Hours (AMC),2026-01-26,55.54,2026-01-27,55.73,0.18,0.33,0.3,-6.35,-2200.77
ARE,2025-10-27,After-Hours (AMC),2025-10-27,74.56,2025-10-28,66.82,-7.75,-10.39,0.39,0.5,28.21
ARE,2025-07-21,After-Hours (AMC),2025-07-21,73.78,2025-07-22,74.19,0.41,0.56,0.63,0.48,-24.02
ARE,2025-04-28,After-Hours (AMC),2025-04-28,71.25,2025-04-29,69.49,-1.77,-2.48,0.6,0.51,-15.52
ARE,2025-01-27,After-Hours (AMC),2025-01-27,93.21,2025-01-28,92.72,-0.49,-0.53,0.9,0.69,-22.99
ARE,2024-10-21,After-Hours (AMC),2024-10-21,107.63,2024-10-22,108.65,1.02,0.95,0.92,0.87,-5.68
ARE,2024-07-22,After-Hours (AMC),2024-07-22,112.1,2024-07-23,110.47,-1.63,-1.45,0.61,0.88,45.02
ARE,2024-04-22,After-Hours (AMC),2024-04-22,104.45,2024-04-23,106.84,2.4,2.29,0.63,0.89,42.12
ARE,2024-01-29,After-Hours (AMC),2024-01-29,110.24,2024-01-30,108.54,-1.7,-1.54,0.8,0.82,2.11
ARE,2023-10-23,After-Hours (AMC),2023-10-23,81.47,2023-10-24,80.57,-0.91,-1.11,0.88,0.87,-1.44
ARES,2026-05-01,Pre-Market (BMO),2026-04-30,116.23,2026-05-01,118.9,2.67,2.3,1.33,1.24,-6.57
ARES,2026-02-05,Pre-Market (BMO),2026-02-04,134.03,2026-02-05,128.91,-5.12,-3.82,1.69,1.45,-14.0
ARES,2025-11-03,Pre-Market (BMO),2025-10-31,144.31,2025-11-03,149.76,5.44,3.77,1.14,1.19,3.99
ARES,2025-08-01,Pre-Market (BMO),2025-07-31,178.92,2025-08-01,173.48,-5.44,-3.04,1.09,1.03,-5.83
ARES,2025-05-05,Pre-Market (BMO),2025-05-02,150.46,2025-05-05,149.86,-0.59,-0.39,0.94,1.09,15.91
ARES,2025-02-05,Pre-Market (BMO),2025-02-04,185.68,2025-02-05,172.19,-13.5,-7.27,1.3,1.23,-5.18
ARES,2024-11-01,Pre-Market (BMO),2024-10-31,158.57,2024-11-01,161.43,2.87,1.81,0.94,0.95,0.85
ARES,2024-08-02,Pre-Market (BMO),2024-08-01,140.16,2024-08-02,135.02,-5.14,-3.67,0.98,0.99,0.61
ARES,2024-05-02,Pre-Market (BMO),2024-05-01,122.9,2024-05-02,120.38,-2.52,-2.05,0.92,0.8,-13.01
ARES,2024-02-08,Pre-Market (BMO),2024-02-07,119.41,2024-02-08,126.07,6.66,5.58,1.1,1.21,10.43
ARES,2023-10-31,Pre-Market (BMO),2023-10-30,93.35,2023-10-31,88.83,-4.52,-4.84,0.87,0.83,-4.24
ARES,2023-08-01,Pre-Market (BMO),2023-07-31,90.66,2023-08-01,90.83,0.17,0.19,0.85,0.9,5.66
ATO,2026-05-06,After-Hours (AMC),2026-05-06,183.72,2026-05-07,185.81,2.09,1.14,3.41,3.47,1.84
ATO,2026-02-03,After-Hours (AMC),2026-02-03,166.93,2026-02-04,169.22,2.28,1.37,2.44,2.44,0.07
ATO,2025-11-06,Pre-Market (BMO),2025-11-05,169.7,2025-11-06,174.18,4.48,2.64,1.0,1.07,6.85
ATO,2025-08-06,After-Hours (AMC),2025-08-06,153.59,2025-08-07,157.47,3.88,2.53,1.15,1.16,1.25
ATO,2025-05-07,After-Hours (AMC),2025-05-07,158.23,2025-05-08,161.47,3.25,2.05,2.88,3.03,5.3
ATO,2025-02-04,After-Hours (AMC),2025-02-04,137.72,2025-02-05,139.17,1.45,1.05,2.21,2.23,0.84
ATO,2024-11-18,After-Hours (AMC),2024-11-18,141.31,2024-11-19,140.86,-0.45,-0.32,0.81,0.83,2.72
ATO,2024-08-07,After-Hours (AMC),2024-08-07,122.41,2024-08-08,122.02,-0.38,-0.31,1.05,1.08,2.8
ATO,2024-05-08,After-Hours (AMC),2024-05-08,114.42,2024-05-09,113.15,-1.26,-1.1,2.61,2.85,9.25
ATO,2024-02-06,After-Hours (AMC),2024-02-06,105.34,2024-02-07,106.7,1.37,1.3,2.05,2.08,1.56
ATO,2023-11-08,After-Hours (AMC),2023-11-08,102.21,2023-11-09,104.84,2.63,2.57,0.72,0.8,11.1
ATO,2023-08-02,After-Hours (AMC),2023-08-02,112.91,2023-08-03,114.04,1.12,1.0,0.99,0.94,-5.48
AVGO,2026-06-03,After-Hours (AMC),2026-06-03,478.47,2026-06-04,408.34,-70.13,-14.66,2.4,2.44,1.74
AVGO,2026-03-04,After-Hours (AMC),2026-03-04,316.36,2026-03-05,328.97,12.6,3.98,2.02,2.05,1.32
AVGO,2025-12-11,After-Hours (AMC),2025-12-11,404.11,2025-12-12,377.84,-26.26,-6.5,1.87,1.95,4.38
AVGO,2025-09-04,After-Hours (AMC),2025-09-04,303.87,2025-09-05,353.19,49.32,16.23,1.66,1.69,1.6
AVGO,2025-06-05,After-Hours (AMC),2025-06-05,257.43,2025-06-06,248.73,-8.71,-3.38,1.57,1.58,0.59
AVGO,2025-03-06,After-Hours (AMC),2025-03-06,177.19,2025-03-07,185.37,8.18,4.61,1.51,1.6,6.11
AVGO,2024-12-12,After-Hours (AMC),2024-12-12,177.91,2024-12-13,210.64,32.73,18.4,1.39,1.42,2.04
AVGO,2024-09-05,After-Hours (AMC),2024-09-05,150.0,2024-09-06,140.61,-9.39,-6.26,1.21,1.24,2.79
AVGO,2024-06-12,After-Hours (AMC),2024-06-12,146.33,2024-06-13,167.31,20.99,14.34,1.08,1.1,1.08
AVGO,2024-03-07,After-Hours (AMC),2024-03-07,137.08,2024-03-08,135.84,-1.24,-0.91,1.04,1.1,5.44
AVGO,2023-12-07,After-Hours (AMC),2023-12-07,89.44,2023-12-08,89.98,0.54,0.61,1.1,1.11,0.94
AVGO,2023-08-31,After-Hours (AMC),2023-08-31,89.02,2023-09-01,86.99,-2.03,-2.28,1.04,1.05,1.03
AWK,2026-04-29,After-Hours (AMC),2026-04-29,131.03,2026-04-30,134.23,3.2,2.44,1.09,1.01,-7.4
AWK,2026-02-18,After-Hours (AMC),2026-02-18,130.23,2026-02-19,131.16,0.93,0.72,1.27,1.24,-2.29
AWK,2025-10-29,After-Hours (AMC),2025-10-29,127.45,2025-10-30,127.52,0.07,0.05,1.88,1.94,2.99
AWK,2025-07-30,After-Hours (AMC),2025-07-30,136.07,2025-07-31,134.95,-1.12,-0.82,1.53,1.48,-3.06
AWK,2025-04-30,After-Hours (AMC),2025-04-30,142.38,2025-05-01,140.44,-1.95,-1.37,1.07,1.05,-1.5
AWK,2025-02-19,After-Hours (AMC),2025-02-19,123.84,2025-02-20,125.91,2.07,1.67,1.12,1.22,9.2
AWK,2024-10-30,After-Hours (AMC),2024-10-30,129.87,2024-10-31,131.92,2.06,1.58,1.84,1.8,-2.07
AWK,2024-07-31,After-Hours (AMC),2024-07-31,135.52,2024-08-01,136.12,0.6,0.44,1.46,1.42,-2.41
AWK,2024-05-01,After-Hours (AMC),2024-05-01,118.44,2024-05-02,117.12,-1.32,-1.11,0.98,0.95,-2.86
AWK,2024-02-14,After-Hours (AMC),2024-02-14,114.04,2024-02-15,115.78,1.74,1.53,0.83,0.88,6.18
AWK,2023-11-01,After-Hours (AMC),2023-11-01,111.16,2023-11-02,112.51,1.35,1.21,1.66,1.66,0.15
AXON,2026-05-06,After-Hours (AMC),2026-05-06,385.86,2026-05-07,408.4,22.54,5.84,1.6,1.61,0.8
AXON,2026-02-24,After-Hours (AMC),2026-02-24,442.51,2026-02-25,498.43,55.92,12.64,1.6,2.15,34.51
AXON,2025-11-04,After-Hours (AMC),2025-11-04,706.13,2025-11-05,563.84,-142.29,-20.15,1.54,1.17,-24.08
AXON,2025-08-04,After-Hours (AMC),2025-08-04,744.88,2025-08-05,818.0,73.12,9.82,1.46,2.12,45.01
AXON,2025-05-07,After-Hours (AMC),2025-05-07,601.82,2025-05-08,646.38,44.56,7.4,1.28,1.41,10.25
AXON,2025-02-25,After-Hours (AMC),2025-02-25,496.65,2025-02-26,584.95,88.3,17.78,1.4,2.08,48.21
AXON,2024-11-07,After-Hours (AMC),2024-11-07,468.75,2024-11-08,540.0,71.25,15.2,1.2,1.45,21.03
AXON,2024-08-06,After-Hours (AMC),2024-08-06,295.0,2024-08-07,330.0,35.0,11.86,0.98,1.2,22.71
AXON,2024-05-06,After-Hours (AMC),2024-05-06,327.64,2024-05-07,312.82,-14.82,-4.52,0.95,1.15,21.64
AXON,2024-02-27,After-Hours (AMC),2024-02-27,271.82,2024-02-28,280.7,8.88,3.27,0.85,1.12,31.24
AXON,2023-11-07,After-Hours (AMC),2023-11-07,216.37,2023-11-08,224.5,8.13,3.76,0.76,1.02,34.78
AXON,2023-08-08,After-Hours (AMC),2023-08-08,175.73,2023-08-09,198.12,22.39,12.74,0.62,1.11,78.63
AXP,2026-07-24,Pre-Market (BMO),2026-07-23,340.84,2026-07-24,326.12,-14.72,-4.32,4.4,4.53,2.88
AXP,2026-04-23,Pre-Market (BMO),2026-04-22,331.99,2026-04-23,331.29,-0.7,-0.21,3.99,4.28,7.18
AXP,2026-01-30,Pre-Market (BMO),2026-01-29,356.39,2026-01-30,352.92,-3.48,-0.98,3.55,3.53,-0.66
AXP,2025-10-17,Pre-Market (BMO),2025-10-16,320.51,2025-10-17,329.7,9.19,2.87,3.98,4.14,4.02
AXP,2025-07-18,Pre-Market (BMO),2025-07-17,312.01,2025-07-18,308.56,-3.45,-1.11,3.88,4.08,5.09
AXP,2025-04-17,Pre-Market (BMO),2025-04-16,249.61,2025-04-17,249.64,0.03,0.01,3.47,3.64,4.8
AXP,2025-01-24,Pre-Market (BMO),2025-01-23,320.55,2025-01-24,319.1,-1.45,-0.45,3.03,3.04,0.17
AXP,2024-10-18,Pre-Market (BMO),2024-10-17,280.45,2024-10-18,271.64,-8.81,-3.14,3.28,3.49,6.49
AXP,2024-07-19,Pre-Market (BMO),2024-07-18,243.92,2024-07-19,236.67,-7.24,-2.97,3.26,4.15,27.11
AXP,2024-04-19,Pre-Market (BMO),2024-04-18,212.26,2024-04-19,213.56,1.31,0.62,2.98,3.33,11.68
AXP,2024-01-26,Pre-Market (BMO),2024-01-25,182.97,2024-01-26,187.32,4.35,2.38,2.65,2.62,-1.01
AXP,2023-10-20,Pre-Market (BMO),2023-10-19,145.09,2023-10-20,140.32,-4.77,-3.29,2.95,3.3,11.87
BA,2026-04-22,Pre-Market (BMO),2026-04-21,219.16,2026-04-22,227.05,7.89,3.6,-0.67,-0.2,70.26
BA,2026-01-27,Pre-Market (BMO),2026-01-26,248.43,2026-01-27,242.5,-5.93,-2.39,-0.41,9.92,2525.31
BA,2025-10-29,Pre-Market (BMO),2025-10-28,223.33,2025-10-29,221.36,-1.97,-0.88,-2.38,-7.47,-214.44
BA,2025-07-29,Pre-Market (BMO),2025-07-28,236.41,2025-07-29,239.5,3.09,1.31,-1.27,-1.24,2.35
BA,2025-04-23,Pre-Market (BMO),2025-04-22,162.52,2025-04-23,174.0,11.48,7.06,-1.3,-0.49,62.39
BA,2025-01-28,Pre-Market (BMO),2025-01-27,175.16,2025-01-28,181.31,6.15,3.51,-3.78,-5.9,-56.1
BA,2024-10-23,Pre-Market (BMO),2024-10-22,159.88,2024-10-23,160.0,0.12,0.08,-8.72,-10.44,-19.66
BA,2024-07-31,Pre-Market (BMO),2024-07-30,186.86,2024-07-31,189.88,3.02,1.62,-2.01,-2.9,-44.2
BA,2024-04-24,Pre-Market (BMO),2024-04-23,169.18,2024-04-24,176.5,7.32,4.33,-1.52,-1.13,25.63
BA,2024-01-31,Pre-Market (BMO),2024-01-30,200.44,2024-01-31,204.92,4.48,2.24,-0.79,-0.47,40.28
BA,2023-10-25,Pre-Market (BMO),2023-10-24,182.36,2023-10-25,186.0,3.64,2.0,-2.61,-3.26,-25.01
BAC,2026-07-14,Pre-Market (BMO),2026-07-13,59.5,2026-07-14,59.0,-0.5,-0.84,1.12,1.21,7.74
BAC,2026-04-15,Pre-Market (BMO),2026-04-14,53.07,2026-04-15,53.97,0.9,1.69,1.02,1.11,8.78
BAC,2026-01-14,Pre-Market (BMO),2026-01-13,53.95,2026-01-14,52.31,-1.64,-3.04,0.96,0.98,2.23
BAC,2025-10-15,Pre-Market (BMO),2025-10-14,49.29,2025-10-15,50.75,1.46,2.95,0.95,1.06,11.43
BAC,2025-07-16,Pre-Market (BMO),2025-07-15,45.17,2025-07-16,45.26,0.1,0.22,0.86,0.89,3.61
BAC,2025-04-15,Pre-Market (BMO),2025-04-14,35.68,2025-04-15,36.78,1.1,3.08,0.81,0.9,10.74
BAC,2025-01-16,Pre-Market (BMO),2025-01-15,45.54,2025-01-16,45.44,-0.1,-0.21,0.77,0.82,6.84
BAC,2024-10-15,Pre-Market (BMO),2024-10-14,40.3,2024-10-15,41.57,1.27,3.15,0.76,0.81,6.34
BAC,2024-07-16,Pre-Market (BMO),2024-07-15,40.02,2024-07-16,40.62,0.6,1.5,0.8,0.83,3.58
BAC,2024-04-16,Pre-Market (BMO),2024-04-15,34.13,2024-04-16,34.28,0.14,0.42,0.77,0.76,-1.84
BAC,2024-01-12,Pre-Market (BMO),2024-01-11,31.26,2024-01-12,30.41,-0.85,-2.71,0.64,0.35,-45.64
BAC,2023-10-17,Pre-Market (BMO),2023-10-16,25.25,2023-10-17,25.3,0.06,0.22,0.82,0.9,10.05
BALL,2026-05-05,Pre-Market (BMO),2026-05-04,60.71,2026-05-05,61.39,0.69,1.13,0.84,0.94,11.31
BALL,2026-02-03,Pre-Market (BMO),2026-02-02,56.31,2026-02-03,59.07,2.75,4.89,0.9,0.91,1.51
BALL,2025-11-04,Pre-Market (BMO),2025-11-03,46.61,2025-11-04,45.95,-0.66,-1.42,1.02,1.02,-0.17
BALL,2025-08-05,Pre-Market (BMO),2025-08-04,56.78,2025-08-05,57.95,1.17,2.07,0.87,0.9,3.26
BALL,2025-05-06,Pre-Market (BMO),2025-05-05,50.91,2025-05-06,52.33,1.41,2.78,0.7,0.76,8.69
BALL,2025-02-04,Pre-Market (BMO),2025-02-03,54.47,2025-02-04,50.94,-3.52,-6.47,0.81,0.84,3.72
BALL,2024-10-31,Pre-Market (BMO),2024-10-30,62.59,2024-10-31,63.14,0.56,0.89,0.86,0.91,6.02
BALL,2024-08-01,Pre-Market (BMO),2024-07-31,62.04,2024-08-01,60.58,-1.46,-2.35,0.7,0.74,5.19
BALL,2024-04-26,Pre-Market (BMO),2024-04-25,63.43,2024-04-26,64.45,1.02,1.6,0.54,0.68,25.66
BALL,2024-02-01,Pre-Market (BMO),2024-01-31,53.57,2024-02-01,56.82,3.25,6.06,0.75,0.78,3.59
BALL,2023-11-02,Pre-Market (BMO),2023-11-01,45.77,2023-11-02,46.33,0.56,1.22,0.81,0.83,2.78
BALL,2023-08-03,Pre-Market (BMO),2023-08-02,54.74,2023-08-03,55.46,0.72,1.31,0.61,0.61,0.18
BAX,2026-04-30,Pre-Market (BMO),2026-04-29,16.89,2026-04-30,17.72,0.83,4.91,0.31,0.36,15.93
BAX,2026-02-12,Pre-Market (BMO),2026-02-11,22.25,2026-02-12,19.5,-2.75,-12.35,0.54,0.44,-17.8
BAX,2025-10-30,Pre-Market (BMO),2025-10-29,22.39,2025-10-30,18.91,-3.47,-15.52,0.6,0.69,15.4
BAX,2025-07-31,Pre-Market (BMO),2025-07-30,27.81,2025-07-31,23.56,-4.25,-15.29,0.61,0.59,-3.28
BAX,2025-05-01,Pre-Market (BMO),2025-04-30,30.73,2025-05-01,31.7,0.97,3.14,0.48,0.55,13.82
BAX,2025-02-20,Pre-Market (BMO),2025-02-19,30.24,2025-02-20,32.66,2.41,7.98,0.53,0.58,9.62
BAX,2024-11-08,Pre-Market (BMO),2024-11-07,35.18,2024-11-08,34.62,-0.57,-1.61,0.78,0.8,3.03
BAX,2024-08-06,Pre-Market (BMO),2024-08-05,33.56,2024-08-06,33.89,0.33,0.98,0.66,0.68,2.68
BAX,2024-05-02,Pre-Market (BMO),2024-05-01,38.74,2024-05-02,37.55,-1.19,-3.07,0.61,0.65,7.19
BAX,2024-02-08,Pre-Market (BMO),2024-02-07,37.56,2024-02-08,37.19,-0.36,-0.96,0.86,0.88,1.76
BAX,2023-11-02,Pre-Market (BMO),2023-11-01,31.02,2023-11-02,31.11,0.09,0.27,0.68,0.68,0.34
BAX,2023-07-27,Pre-Market (BMO),2023-07-26,45.99,2023-07-27,44.38,-1.62,-3.51,0.6,0.55,-8.34
BBY,2026-05-28,Pre-Market (BMO),2026-05-27,63.69,2026-05-28,68.78,5.09,8.0,1.23,1.28,4.32
BBY,2026-03-03,Pre-Market (BMO),2026-03-02,59.87,2026-03-03,62.81,2.94,4.9,2.47,2.61,5.83
BBY,2025-11-25,Pre-Market (BMO),2025-11-24,72.55,2025-11-25,73.53,0.98,1.35,1.31,1.4,6.65
BBY,2025-08-28,Pre-Market (BMO),2025-08-27,71.46,2025-08-28,73.55,2.08,2.92,1.22,1.28,4.51
BBY,2025-05-29,Pre-Market (BMO),2025-05-28,66.81,2025-05-29,63.87,-2.94,-4.4,1.1,1.15,5.02
BBY,2025-03-04,Pre-Market (BMO),2025-03-03,80.02,2025-03-04,73.28,-6.73,-8.42,2.41,2.58,7.21
BBY,2024-11-26,Pre-Market (BMO),2024-11-25,84.91,2024-11-26,79.0,-5.91,-6.95,1.29,1.26,-2.45
BBY,2024-08-29,Pre-Market (BMO),2024-08-28,79.36,2024-08-29,92.8,13.43,16.93,1.16,1.34,15.65
BBY,2024-05-30,Pre-Market (BMO),2024-05-29,64.35,2024-05-30,69.76,5.41,8.41,1.07,1.2,11.77
BBY,2024-02-29,Pre-Market (BMO),2024-02-28,70.45,2024-02-29,73.4,2.94,4.18,2.5,2.72,8.67
BBY,2023-11-21,Pre-Market (BMO),2023-11-20,59.47,2023-11-21,56.76,-2.72,-4.57,1.2,1.29,7.92
BBY,2023-08-29,Pre-Market (BMO),2023-08-28,63.86,2023-08-29,65.45,1.59,2.5,1.07,1.22,13.55
BDX,2026-05-07,Pre-Market (BMO),2026-05-06,143.75,2026-05-07,149.94,6.2,4.31,2.77,2.9,4.51
BDX,2026-02-09,Pre-Market (BMO),2026-02-06,162.91,2026-02-09,158.24,-4.67,-2.87,2.8,2.91,3.88
BDX,2025-11-06,Pre-Market (BMO),2025-11-05,136.09,2025-11-06,126.91,-9.17,-6.74,3.91,3.96,1.15
BDX,2025-08-07,Pre-Market (BMO),2025-08-06,132.3,2025-08-07,143.76,11.46,8.67,3.4,3.68,8.16
BDX,2025-05-01,Pre-Market (BMO),2025-04-30,157.95,2025-05-01,143.26,-14.69,-9.3,3.28,3.35,2.12
BDX,2025-02-05,After-Hours (AMC),2025-02-05,186.07,2025-02-06,177.33,-8.74,-4.7,2.99,3.43,14.74
BDX,2024-11-07,Pre-Market (BMO),2024-11-06,181.41,2024-11-07,180.5,-0.91,-0.5,3.77,3.81,1.12
BDX,2024-08-01,Pre-Market (BMO),2024-07-31,181.42,2024-08-01,171.26,-10.17,-5.6,3.31,3.5,5.8
BDX,2024-05-02,Pre-Market (BMO),2024-05-01,175.2,2024-05-02,182.16,6.96,3.97,2.97,3.17,6.77
BDX,2024-02-01,Pre-Market (BMO),2024-01-31,178.3,2024-02-01,177.32,-0.98,-0.55,2.4,2.68,11.64
BDX,2023-11-09,Pre-Market (BMO),2023-11-08,190.3,2023-11-09,176.35,-13.95,-7.33,3.43,3.42,-0.15
BDX,2023-08-03,Pre-Market (BMO),2023-08-02,204.7,2023-08-03,204.04,-0.67,-0.33,2.91,2.96,1.58
BEN,2026-04-28,Pre-Market (BMO),2026-04-27,27.3,2026-04-28,27.56,0.27,0.98,0.55,0.71,28.64
BEN,2026-01-30,Pre-Market (BMO),2026-01-29,25.25,2026-01-30,25.13,-0.13,-0.5,0.55,0.7,27.53
BEN,2025-11-07,Pre-Market (BMO),2025-11-06,22.38,2025-11-07,21.96,-0.42,-1.89,0.59,0.67,14.03
BEN,2025-08-01,Pre-Market (BMO),2025-07-31,22.79,2025-08-01,22.1,-0.68,-3.0,0.5,0.49,-2.31
BEN,2025-05-02,Pre-Market (BMO),2025-05-01,17.55,2025-05-02,17.97,0.42,2.4,0.47,0.47,-0.62
BEN,2025-01-31,Pre-Market (BMO),2025-01-30,18.56,2025-01-31,19.16,0.6,3.23,0.53,0.59,11.43
BEN,2024-11-04,Pre-Market (BMO),2024-11-01,18.89,2024-11-04,18.64,-0.25,-1.34,0.59,0.59,-0.72
BEN,2024-07-26,Pre-Market (BMO),2024-07-25,21.11,2024-07-26,21.44,0.32,1.52,0.57,0.6,5.43
BEN,2024-04-29,Pre-Market (BMO),2024-04-26,22.01,2024-04-29,21.81,-0.2,-0.92,0.57,0.56,-1.32
BEN,2024-01-29,Pre-Market (BMO),2024-01-26,24.02,2024-01-29,24.49,0.46,1.92,0.58,0.65,11.8
BEN,2023-10-31,Pre-Market (BMO),2023-10-30,19.4,2023-10-31,19.95,0.55,2.84,0.59,0.84,42.35
BEN,2023-07-28,Pre-Market (BMO),2023-07-27,24.18,2023-07-28,25.22,1.04,4.29,0.59,0.63,5.9
BF-B,2026-06-04,Pre-Market (BMO),2026-06-03,24.55,2026-06-04,25.11,0.57,2.3,0.32,0.12,-62.65
BF-B,2026-03-04,Pre-Market (BMO),2026-03-03,27.63,2026-03-04,28.62,0.99,3.59,0.47,0.58,24.68
BF-B,2025-12-04,Pre-Market (BMO),2025-12-03,29.33,2025-12-04,29.73,0.4,1.36,0.48,0.47,-1.46
BF-B,2025-08-28,Pre-Market (BMO),2025-08-27,29.45,2025-08-28,30.48,1.03,3.51,0.37,0.36,-1.86
BF-B,2025-06-05,Pre-Market (BMO),2025-06-04,31.85,2025-06-05,26.37,-5.48,-17.2,0.34,0.31,-9.77
BF-B,2025-03-05,Pre-Market (BMO),2025-03-04,31.16,2025-03-05,33.65,2.49,7.98,0.46,0.57,23.36
BF-B,2024-12-05,Pre-Market (BMO),2024-12-04,38.88,2024-12-05,43.19,4.31,11.07,0.49,0.55,12.24
BF-B,2024-08-29,Pre-Market (BMO),2024-08-28,42.33,2024-08-29,42.65,0.32,0.76,0.46,0.41,-10.24
BF-B,2024-06-05,Pre-Market (BMO),2024-06-04,42.96,2024-06-05,43.22,0.26,0.61,0.42,0.56,34.1
BF-B,2024-03-06,Pre-Market (BMO),2024-03-05,56.86,2024-03-06,53.0,-3.86,-6.79,0.56,0.6,7.23
BF-B,2023-12-06,Pre-Market (BMO),2023-12-05,56.35,2023-12-06,53.11,-3.24,-5.74,0.51,0.5,-1.37
BF-B,2023-08-30,Pre-Market (BMO),2023-08-29,64.14,2023-08-30,61.59,-2.55,-3.97,0.53,0.48,-9.41
BG,2026-04-29,Pre-Market (BMO),2026-04-28,125.6,2026-04-29,121.74,-3.87,-3.08,0.87,1.83,109.39
BG,2026-02-04,Pre-Market (BMO),2026-02-03,115.52,2026-02-04,115.2,-0.32,-0.27,1.82,1.99,9.62
BG,2025-11-05,Pre-Market (BMO),2025-11-04,92.13,2025-11-05,91.17,-0.96,-1.04,1.97,2.27,15.32
BG,2025-07-30,Pre-Market (BMO),2025-07-29,74.25,2025-07-30,76.25,2.0,2.7,1.08,1.31,20.91
BG,2025-05-07,Pre-Market (BMO),2025-05-06,75.37,2025-05-07,77.41,2.04,2.71,1.31,1.81,38.3
BG,2025-02-05,Pre-Market (BMO),2025-02-04,71.64,2025-02-05,68.05,-3.59,-5.01,2.25,2.13,-5.35
BG,2024-10-30,Pre-Market (BMO),2024-10-29,83.25,2024-10-30,83.64,0.39,0.47,2.15,2.29,6.58
BG,2024-07-31,Pre-Market (BMO),2024-07-30,107.81,2024-07-31,99.04,-8.77,-8.14,1.83,1.73,-5.48
BG,2024-04-24,Pre-Market (BMO),2024-04-23,102.49,2024-04-24,98.17,-4.32,-4.21,2.53,3.04,20.1
BG,2024-02-07,Pre-Market (BMO),2024-02-06,83.55,2024-02-07,81.0,-2.55,-3.05,2.8,3.7,32.22
BG,2023-10-26,Pre-Market (BMO),2023-10-25,94.24,2023-10-26,96.83,2.59,2.75,2.5,2.99,19.74
BG,2023-08-02,Pre-Market (BMO),2023-08-01,99.4,2023-08-02,100.85,1.45,1.46,2.66,3.72,39.63
BIIB,2026-04-29,Pre-Market (BMO),2026-04-28,183.38,2026-04-29,183.12,-0.26,-0.14,2.89,3.57,23.61
BIIB,2026-02-06,Pre-Market (BMO),2026-02-05,185.36,2026-02-06,187.01,1.65,0.89,1.62,1.99,23.18
BIIB,2025-10-30,Pre-Market (BMO),2025-10-29,147.86,2025-10-30,140.1,-7.76,-5.25,3.88,4.81,23.88
BIIB,2025-07-31,Pre-Market (BMO),2025-07-30,126.64,2025-07-31,133.0,6.36,5.02,3.88,5.47,40.97
BIIB,2025-05-01,Pre-Market (BMO),2025-04-30,121.08,2025-05-01,120.37,-0.71,-0.59,2.95,3.02,2.43
BIIB,2025-02-12,Pre-Market (BMO),2025-02-11,139.39,2025-02-12,136.76,-2.63,-1.89,3.36,3.44,2.26
BIIB,2024-10-30,Pre-Market (BMO),2024-10-29,183.47,2024-10-30,184.63,1.16,0.63,3.79,4.08,7.79
BIIB,2024-08-01,Pre-Market (BMO),2024-07-31,213.2,2024-08-01,215.8,2.6,1.22,4.03,5.28,31.03
BIIB,2024-04-24,Pre-Market (BMO),2024-04-23,193.18,2024-04-24,198.97,5.79,3.0,3.46,3.67,6.0
BIIB,2024-02-13,Pre-Market (BMO),2024-02-12,244.74,2024-02-13,235.64,-9.1,-3.72,3.18,2.95,-7.21
BIIB,2023-11-08,Pre-Market (BMO),2023-11-07,245.61,2023-11-08,245.69,0.08,0.03,3.98,4.36,9.42
BKNG,2026-04-28,After-Hours (AMC),2026-04-28,172.95,2026-04-29,164.13,-8.82,-5.1,1.08,1.14,5.67
BKNG,2026-02-18,After-Hours (AMC),2026-02-18,169.98,2026-02-19,162.77,-7.21,-4.24,1.95,1.95,0.27
BKNG,2025-10-28,After-Hours (AMC),2025-10-28,203.45,2025-10-29,206.61,3.16,1.55,3.84,3.98,3.73
BKNG,2025-07-29,After-Hours (AMC),2025-07-29,221.76,2025-07-30,217.76,-4.0,-1.8,2.02,2.22,9.93
BKNG,2025-04-29,After-Hours (AMC),2025-04-29,194.39,2025-04-30,187.38,-7.01,-3.61,0.7,0.99,41.23
BKNG,2025-02-20,After-Hours (AMC),2025-02-20,198.3,2025-02-21,206.01,7.71,3.89,1.44,1.66,15.24
BKNG,2024-10-30,After-Hours (AMC),2024-10-30,176.1,2024-10-31,186.76,10.65,6.05,3.1,3.36,8.42
BKNG,2024-08-01,After-Hours (AMC),2024-08-01,144.22,2024-08-02,130.34,-13.88,-9.62,1.55,1.68,8.28
BKNG,2024-05-02,After-Hours (AMC),2024-05-02,136.38,2024-05-03,145.29,8.92,6.54,0.57,0.82,44.24
BKNG,2024-02-22,After-Hours (AMC),2024-02-22,152.83,2024-02-23,144.85,-7.98,-5.22,1.2,1.28,6.48
BKNG,2023-11-02,After-Hours (AMC),2023-11-02,111.18,2023-11-03,108.89,-2.3,-2.07,2.72,2.89,6.49
BKNG,2023-08-03,After-Hours (AMC),2023-08-03,111.23,2023-08-04,123.58,12.34,11.1,1.17,1.5,29.01
BKR,2026-04-23,After-Hours (AMC),2026-04-23,64.28,2026-04-24,66.24,1.96,3.05,0.49,0.58,17.94
BKR,2026-01-25,After-Hours (AMC),2026-01-23,53.54,2026-01-26,55.26,1.72,3.21,0.67,0.78,16.74
BKR,2025-10-23,After-Hours (AMC),2025-10-23,48.31,2025-10-24,47.36,-0.96,-1.98,0.62,0.68,9.29
BKR,2025-07-22,After-Hours (AMC),2025-07-22,39.34,2025-07-23,40.8,1.45,3.7,0.55,0.63,13.61
BKR,2025-04-22,After-Hours (AMC),2025-04-22,37.47,2025-04-23,35.95,-1.52,-4.07,0.47,0.51,7.59
BKR,2025-01-30,After-Hours (AMC),2025-01-30,43.36,2025-01-31,44.82,1.46,3.36,0.63,0.7,11.85
BKR,2024-10-22,After-Hours (AMC),2024-10-22,34.78,2024-10-23,35.1,0.32,0.92,0.61,0.67,10.38
BKR,2024-07-25,After-Hours (AMC),2024-07-25,34.19,2024-07-26,34.9,0.71,2.08,0.49,0.57,16.39
BKR,2024-04-23,After-Hours (AMC),2024-04-23,31.5,2024-04-24,31.27,-0.23,-0.73,0.4,0.43,8.62
BKR,2024-01-23,After-Hours (AMC),2024-01-23,29.88,2024-01-24,28.67,-1.21,-4.06,0.48,0.51,6.88
BKR,2023-10-25,After-Hours (AMC),2023-10-25,32.06,2023-10-26,32.4,0.34,1.06,0.4,0.42,5.82
BLDR,2026-04-30,Pre-Market (BMO),2026-04-29,83.38,2026-04-30,83.49,0.11,0.13,0.37,0.27,-27.61
BLDR,2026-02-17,Pre-Market (BMO),2026-02-13,114.73,2026-02-17,114.14,-0.59,-0.51,1.28,1.12,-12.25
BLDR,2025-10-30,Pre-Market (BMO),2025-10-29,115.29,2025-10-30,119.63,4.34,3.76,1.72,1.88,9.06
BLDR,2025-07-31,Pre-Market (BMO),2025-07-30,126.11,2025-07-31,121.94,-4.17,-3.31,2.34,2.38,1.57
BLDR,2025-05-01,Pre-Market (BMO),2025-04-30,119.63,2025-05-01,116.05,-3.58,-2.99,1.42,1.51,6.36
BLDR,2025-02-20,Pre-Market (BMO),2025-02-19,144.79,2025-02-20,145.15,0.36,0.25,2.21,2.31,4.66
BLDR,2024-11-05,Pre-Market (BMO),2024-11-04,172.43,2024-11-05,175.95,3.52,2.04,3.02,3.07,1.65
BLDR,2024-08-06,Pre-Market (BMO),2024-08-05,149.65,2024-08-06,138.93,-10.72,-7.16,3.08,3.5,13.68
BLDR,2024-05-07,Pre-Market (BMO),2024-05-06,200.88,2024-05-07,175.16,-25.72,-12.8,2.33,2.65,13.77
BLDR,2024-02-22,Pre-Market (BMO),2024-02-21,183.66,2024-02-22,192.01,8.35,4.55,2.58,3.55,37.67
BLDR,2023-11-01,Pre-Market (BMO),2023-10-31,108.52,2023-11-01,108.94,0.42,0.39,3.92,4.24,8.19
BLDR,2023-08-02,Pre-Market (BMO),2023-08-01,146.76,2023-08-02,156.85,10.09,6.88,2.59,3.89,50.24
BMY,2026-04-30,Pre-Market (BMO),2026-04-29,56.95,2026-04-30,57.05,0.1,0.17,1.42,1.58,11.18
BMY,2026-02-05,Pre-Market (BMO),2026-02-04,56.4,2026-02-05,57.66,1.26,2.24,1.2,1.26,4.57
BMY,2025-10-30,Pre-Market (BMO),2025-10-29,41.21,2025-10-30,41.86,0.65,1.57,1.52,1.63,7.55
BMY,2025-07-31,Pre-Market (BMO),2025-07-30,43.87,2025-07-31,42.15,-1.73,-3.94,1.1,1.46,32.6
BMY,2025-04-24,Pre-Market (BMO),2025-04-23,45.7,2025-04-24,45.15,-0.56,-1.22,1.5,1.8,19.88
BMY,2025-02-06,Pre-Market (BMO),2025-02-05,55.63,2025-02-06,53.45,-2.18,-3.92,1.47,1.67,13.8
BMY,2024-10-31,Pre-Market (BMO),2024-10-30,48.53,2024-10-31,49.58,1.05,2.16,1.5,1.8,19.98
BMY,2024-07-26,Pre-Market (BMO),2024-07-25,41.25,2024-07-26,43.99,2.73,6.63,1.63,2.07,27.37
BMY,2024-04-25,Pre-Market (BMO),2024-04-24,43.86,2024-04-25,42.54,-1.32,-3.01,-4.4,-4.4,-0.05
BMY,2024-02-02,Pre-Market (BMO),2024-02-01,43.19,2024-02-02,43.72,0.53,1.23,1.58,1.7,7.77
BMY,2023-10-26,Pre-Market (BMO),2023-10-25,49.66,2023-10-26,47.33,-2.32,-4.68,1.77,2.0,13.02
BMY,2023-07-27,Pre-Market (BMO),2023-07-26,55.06,2023-07-27,52.97,-2.09,-3.8,1.99,1.75,-11.98
BNY,2026-07-15,Pre-Market (BMO),2026-07-14,154.5,2026-07-15,156.44,1.94,1.26,2.22,2.46,10.7
BNY,2026-04-16,Pre-Market (BMO),2026-04-15,131.44,2026-04-16,134.15,2.71,2.06,1.93,2.25,16.54
BNY,2026-01-13,Pre-Market (BMO),2026-01-12,119.65,2026-01-13,120.25,0.59,0.5,1.9,2.02,6.3
BNY,2025-10-16,Pre-Market (BMO),2025-10-15,107.49,2025-10-16,106.28,-1.21,-1.13,1.76,1.88,6.71
BNY,2025-07-15,Pre-Market (BMO),2025-07-14,93.49,2025-07-15,91.97,-1.52,-1.63,1.76,1.94,10.09
BNY,2025-04-11,Pre-Market (BMO),2025-04-10,74.73,2025-04-11,71.81,-2.93,-3.92,1.49,1.58,5.93
BNY,2025-01-15,Pre-Market (BMO),2025-01-14,73.67,2025-01-15,76.74,3.07,4.16,1.57,1.72,9.81
BNY,2024-10-11,Pre-Market (BMO),2024-10-10,71.79,2024-10-11,72.53,0.74,1.03,1.42,1.52,6.88
BNY,2024-07-12,Pre-Market (BMO),2024-07-11,58.83,2024-07-12,60.41,1.59,2.7,1.43,1.51,5.77
BNY,2024-04-16,Pre-Market (BMO),2024-04-15,52.34,2024-04-16,52.6,0.27,0.51,1.19,1.29,8.48
BNY,2024-01-12,Pre-Market (BMO),2024-01-11,49.71,2024-01-12,51.85,2.14,4.3,1.12,1.28,14.03
BNY,2023-10-17,Pre-Market (BMO),2023-10-16,39.05,2023-10-17,38.26,-0.78,-2.01,1.14,1.27,11.61
BR,2026-04-30,Pre-Market (BMO),2026-04-29,159.67,2026-04-30,155.01,-4.66,-2.92,2.6,2.72,4.45
BR,2026-02-03,Pre-Market (BMO),2026-02-02,195.93,2026-02-03,197.64,1.71,0.87,1.36,1.59,16.81
BR,2025-11-04,Pre-Market (BMO),2025-11-03,217.57,2025-11-04,222.08,4.52,2.08,1.25,1.51,21.22
BR,2025-08-05,Pre-Market (BMO),2025-08-04,243.45,2025-08-05,245.84,2.39,0.98,3.5,3.55,1.48
BR,2025-05-01,Pre-Market (BMO),2025-04-30,236.65,2025-05-01,231.55,-5.1,-2.15,2.41,2.44,1.17
BR,2025-01-31,Pre-Market (BMO),2025-01-30,232.53,2025-01-31,224.67,-7.87,-3.38,1.49,1.56,4.89
BR,2024-11-05,Pre-Market (BMO),2024-11-04,203.1,2024-11-05,202.09,-1.02,-0.5,0.97,1.0,3.04
BR,2024-08-06,Pre-Market (BMO),2024-08-05,201.18,2024-08-06,204.06,2.88,1.43,3.49,3.5,0.35
BR,2024-05-08,Pre-Market (BMO),2024-05-07,193.48,2024-05-08,190.25,-3.23,-1.67,2.24,2.23,-0.24
BR,2024-02-01,Pre-Market (BMO),2024-01-31,195.43,2024-02-01,194.21,-1.23,-0.63,0.89,0.92,3.18
BR,2023-11-02,Pre-Market (BMO),2023-11-01,162.53,2023-11-02,163.44,0.91,0.56,0.97,1.09,12.95
BR,2023-08-08,Pre-Market (BMO),2023-08-07,157.69,2023-08-08,162.66,4.97,3.15,3.1,3.21,3.44
BRK-B,2026-05-02,Pre-Market (BMO),2026-05-01,473.01,2026-05-04,473.03,0.02,0.0,5.05,5.26,4.17
BRK-B,2026-02-28,Pre-Market (BMO),2026-02-27,504.95,2026-03-02,495.23,-9.72,-1.92,5.17,4.73,-8.48
BRK-B,2025-11-01,Pre-Market (BMO),2025-10-31,477.54,2025-11-03,479.51,1.97,0.41,5.73,6.25,9.0
BRK-B,2025-08-02,Pre-Market (BMO),2025-08-01,472.84,2025-08-04,468.05,-4.79,-1.01,5.04,5.17,2.71
BRK-B,2025-05-03,Pre-Market (BMO),2025-05-02,539.8,2025-05-05,520.08,-19.72,-3.65,4.72,4.47,-5.37
BRK-B,2025-02-22,Pre-Market (BMO),2025-02-21,478.74,2025-02-24,483.5,4.76,0.99,4.19,6.73,60.69
BRK-B,2024-11-02,Pre-Market (BMO),2024-11-01,452.14,2024-11-04,450.37,-1.77,-0.39,5.28,4.68,-11.34
BRK-B,2024-08-03,Pre-Market (BMO),2024-08-02,428.36,2024-08-05,413.43,-14.93,-3.49,4.77,5.38,12.84
BRK-B,2024-05-04,Pre-Market (BMO),2024-05-03,400.87,2024-05-06,403.96,3.09,0.77,4.9,5.2,5.99
BRK-B,2024-02-24,Pre-Market (BMO),2024-02-23,417.22,2024-02-26,422.0,4.78,1.15,3.79,3.92,3.28
BRK-B,2023-11-04,Pre-Market (BMO),2023-11-03,351.81,2023-11-06,354.03,2.22,0.63,4.93,4.96,0.62
BRK-B,2023-08-05,Pre-Market (BMO),2023-08-04,349.99,2023-08-07,355.73,5.74,1.64,3.99,4.62,15.84
BRO,2026-04-27,After-Hours (AMC),2026-04-27,65.93,2026-04-28,62.82,-3.11,-4.72,1.36,1.39,2.3
BRO,2026-01-26,After-Hours (AMC),2026-01-26,79.21,2026-01-27,73.91,-5.29,-6.68,0.9,0.93,3.34
BRO,2025-10-27,After-Hours (AMC),2025-10-27,87.12,2025-10-28,86.12,-1.0,-1.15,0.93,1.05,12.91
BRO,2025-07-28,After-Hours (AMC),2025-07-28,101.67,2025-07-29,96.42,-5.25,-5.17,0.99,1.03,4.55
BRO,2025-04-28,After-Hours (AMC),2025-04-28,113.71,2025-04-29,106.58,-7.13,-6.27,1.3,1.29,-0.53
BRO,2025-01-27,After-Hours (AMC),2025-01-27,106.59,2025-01-28,107.8,1.21,1.13,0.77,0.86,12.09
BRO,2024-10-28,After-Hours (AMC),2024-10-28,102.01,2024-10-29,102.34,0.34,0.33,0.88,0.91,3.8
BRO,2024-07-22,After-Hours (AMC),2024-07-22,91.83,2024-07-23,95.62,3.79,4.12,0.88,0.93,6.07
BRO,2024-04-22,After-Hours (AMC),2024-04-22,81.2,2024-04-23,81.3,0.11,0.13,1.07,1.14,6.61
BRO,2024-01-22,After-Hours (AMC),2024-01-22,73.98,2024-01-23,78.11,4.14,5.59,0.53,0.58,10.01
BRO,2023-10-23,After-Hours (AMC),2023-10-23,65.49,2023-10-24,65.85,0.36,0.55,0.62,0.71,13.92
BSX,2026-04-22,Pre-Market (BMO),2026-04-21,59.52,2026-04-22,62.51,2.99,5.02,0.79,0.8,1.62
BSX,2026-02-04,Pre-Market (BMO),2026-02-03,91.62,2026-02-04,81.38,-10.24,-11.18,0.78,0.8,2.43
BSX,2025-10-22,Pre-Market (BMO),2025-10-21,99.9,2025-10-22,103.1,3.2,3.2,0.71,0.75,5.09
BSX,2025-07-23,Pre-Market (BMO),2025-07-22,103.16,2025-07-23,107.06,3.9,3.78,0.73,0.75,3.42
BSX,2025-04-23,Pre-Market (BMO),2025-04-22,95.05,2025-04-23,100.0,4.95,5.21,0.67,0.75,11.52
BSX,2025-02-05,Pre-Market (BMO),2025-02-04,103.54,2025-02-05,102.94,-0.6,-0.58,0.66,0.7,6.57
BSX,2024-10-23,Pre-Market (BMO),2024-10-22,88.01,2024-10-23,85.28,-2.73,-3.1,0.59,0.63,7.05
BSX,2024-07-24,Pre-Market (BMO),2024-07-23,78.59,2024-07-24,76.6,-1.99,-2.53,0.58,0.62,6.51
BSX,2024-04-24,Pre-Market (BMO),2024-04-23,68.99,2024-04-24,73.14,4.15,6.02,0.51,0.56,9.14
BSX,2024-01-31,Pre-Market (BMO),2024-01-30,61.42,2024-01-31,64.0,2.58,4.2,0.51,0.55,7.33
BSX,2023-10-26,Pre-Market (BMO),2023-10-25,49.99,2023-10-26,50.75,0.76,1.52,0.48,0.5,4.72
BSX,2023-07-27,Pre-Market (BMO),2023-07-26,52.4,2023-07-27,53.2,0.8,1.53,0.49,0.53,8.15
BX,2026-07-23,Pre-Market (BMO),2026-07-22,122.82,2026-07-23,121.45,-1.37,-1.12,1.34,1.52,13.71
BX,2026-04-23,Pre-Market (BMO),2026-04-22,128.54,2026-04-23,125.16,-3.38,-2.63,1.34,1.36,1.69
BX,2026-01-29,Pre-Market (BMO),2026-01-28,143.77,2026-01-29,144.96,1.19,0.82,1.54,1.75,13.92
BX,2025-10-23,Pre-Market (BMO),2025-10-22,157.0,2025-10-23,157.09,0.09,0.06,1.23,1.52,23.89
BX,2025-07-24,Pre-Market (BMO),2025-07-23,165.93,2025-07-24,172.79,6.86,4.13,1.1,1.21,9.81
BX,2025-04-17,Pre-Market (BMO),2025-04-16,123.97,2025-04-17,126.48,2.51,2.03,1.06,1.09,3.11
BX,2025-01-30,Pre-Market (BMO),2025-01-29,176.13,2025-01-30,178.62,2.49,1.41,1.47,1.69,15.23
BX,2024-10-17,Pre-Market (BMO),2024-10-16,150.96,2024-10-17,155.35,4.39,2.91,0.91,1.01,10.47
BX,2024-07-18,Pre-Market (BMO),2024-07-17,126.73,2024-07-18,124.28,-2.44,-1.93,0.98,0.96,-2.34
BX,2024-04-17,After-Hours (AMC),2024-04-17,114.99,2024-04-18,113.07,-1.92,-1.67,0.97,0.98,1.27
BX,2024-01-25,Pre-Market (BMO),2024-01-24,111.75,2024-01-25,115.88,4.13,3.7,0.95,1.11,16.94
BX,2023-10-19,Pre-Market (BMO),2023-10-18,93.95,2023-10-19,89.39,-4.56,-4.85,1.01,0.94,-7.31
BXP,2026-04-28,After-Hours (AMC),2026-04-28,58.54,2026-04-29,57.86,-0.68,-1.17,0.28,0.55,97.57
BXP,2026-01-27,After-Hours (AMC),2026-01-27,63.67,2026-01-28,62.38,-1.29,-2.02,0.51,0.68,34.57
BXP,2025-10-28,After-Hours (AMC),2025-10-28,71.6,2025-10-29,70.59,-1.0,-1.4,0.39,-0.36,-194.03
BXP,2025-07-29,After-Hours (AMC),2025-07-29,67.43,2025-07-30,66.79,-0.63,-0.94,0.42,0.56,33.62
BXP,2025-04-29,After-Hours (AMC),2025-04-29,61.45,2025-04-30,58.62,-2.83,-4.61,0.33,0.4,22.55
BXP,2025-01-28,After-Hours (AMC),2025-01-28,68.06,2025-01-29,65.49,-2.57,-3.77,0.44,0.71,59.21
BXP,2024-10-29,After-Hours (AMC),2024-10-29,79.1,2024-10-30,78.3,-0.8,-1.01,0.48,0.51,6.42
BXP,2024-07-30,After-Hours (AMC),2024-07-30,65.85,2024-07-31,64.94,-0.91,-1.38,0.45,0.5,11.96
BXP,2024-04-30,After-Hours (AMC),2024-04-30,55.21,2024-05-01,51.74,-3.47,-6.29,0.47,0.44,-6.39
BXP,2024-01-30,After-Hours (AMC),2024-01-30,61.44,2024-01-31,61.0,-0.44,-0.71,0.62,0.57,-6.85
BXP,2023-11-01,After-Hours (AMC),2023-11-01,46.32,2023-11-02,47.51,1.19,2.58,0.63,-0.71,-212.43
BXP,2023-08-01,After-Hours (AMC),2023-08-01,55.09,2023-08-02,54.6,-0.49,-0.9,0.59,0.65,11.33
C,2026-07-14,Pre-Market (BMO),2026-07-13,140.71,2026-07-14,137.74,-2.97,-2.11,2.71,3.14,15.62
C,2026-04-14,Pre-Market (BMO),2026-04-13,125.69,2026-04-14,127.47,1.78,1.42,2.6,3.06,17.91
C,2026-01-14,Pre-Market (BMO),2026-01-13,115.15,2026-01-14,116.75,1.59,1.38,1.62,1.24,-23.43
C,2025-10-14,Pre-Market (BMO),2025-10-13,94.59,2025-10-14,93.87,-0.72,-0.76,1.93,2.26,17.44
C,2025-07-15,Pre-Market (BMO),2025-07-14,85.56,2025-07-15,86.68,1.12,1.31,1.59,2.04,28.26
C,2025-04-15,Pre-Market (BMO),2025-04-14,61.33,2025-04-15,62.27,0.94,1.53,1.85,1.96,5.93
C,2025-01-15,Pre-Market (BMO),2025-01-14,70.81,2025-01-15,73.41,2.6,3.67,1.24,1.35,8.7
C,2024-10-15,Pre-Market (BMO),2024-10-14,63.04,2024-10-15,63.74,0.71,1.12,1.32,1.52,15.76
C,2024-07-12,Pre-Market (BMO),2024-07-11,62.15,2024-07-12,63.0,0.85,1.37,1.39,1.56,11.58
C,2024-04-12,Pre-Market (BMO),2024-04-11,56.93,2024-04-12,58.41,1.48,2.6,1.27,1.79,41.0
C,2024-01-12,Pre-Market (BMO),2024-01-11,48.37,2024-01-12,48.58,0.2,0.42,0.69,0.84,21.41
C,2023-10-12,After-Hours (AMC),2023-10-12,38.08,2023-10-13,39.39,1.31,3.44,1.22,1.52,24.2
CAH,2026-04-30,Pre-Market (BMO),2026-04-29,202.38,2026-04-30,194.87,-7.51,-3.71,2.79,3.17,13.7
CAH,2026-02-05,Pre-Market (BMO),2026-02-04,205.9,2026-02-05,216.01,10.1,4.91,2.37,2.63,11.17
CAH,2025-10-30,Pre-Market (BMO),2025-10-29,163.31,2025-10-30,180.16,16.85,10.32,2.17,2.55,17.6
CAH,2025-08-12,Pre-Market (BMO),2025-08-11,156.04,2025-08-12,139.55,-16.49,-10.57,2.03,2.08,2.36
CAH,2025-05-01,Pre-Market (BMO),2025-04-30,139.41,2025-05-01,138.15,-1.26,-0.91,2.15,2.35,9.36
CAH,2025-01-30,Pre-Market (BMO),2025-01-29,125.6,2025-01-30,125.01,-0.59,-0.47,1.76,1.93,9.39
CAH,2024-11-01,Pre-Market (BMO),2024-10-31,106.23,2024-11-01,110.48,4.26,4.01,1.62,1.88,15.88
CAH,2024-08-14,Pre-Market (BMO),2024-08-13,99.95,2024-08-14,106.21,6.26,6.26,1.73,1.84,6.27
CAH,2024-05-02,Pre-Market (BMO),2024-05-01,99.04,2024-05-02,96.94,-2.1,-2.12,1.95,2.08,6.63
CAH,2024-02-01,Pre-Market (BMO),2024-01-31,105.37,2024-02-01,100.37,-5.01,-4.75,1.6,1.82,14.0
CAH,2023-11-03,Pre-Market (BMO),2023-11-02,90.05,2023-11-03,92.44,2.39,2.66,1.41,1.73,22.98
CAH,2023-08-15,Pre-Market (BMO),2023-08-14,88.78,2023-08-15,89.98,1.2,1.35,1.48,1.55,4.86
CARR,2026-04-30,Pre-Market (BMO),2026-04-29,61.3,2026-04-30,63.75,2.45,4.0,0.51,0.57,12.03
CARR,2026-02-05,Pre-Market (BMO),2026-02-04,63.1,2026-02-05,64.15,1.05,1.67,0.36,0.34,-4.54
CARR,2025-10-28,Pre-Market (BMO),2025-10-27,57.41,2025-10-28,59.09,1.68,2.93,0.57,0.67,17.69
CARR,2025-07-29,Pre-Market (BMO),2025-07-28,78.97,2025-07-29,72.76,-6.2,-7.86,0.9,0.92,1.94
CARR,2025-05-01,Pre-Market (BMO),2025-04-30,61.21,2025-05-01,66.28,5.07,8.28,0.58,0.65,11.28
CARR,2025-02-11,Pre-Market (BMO),2025-02-10,64.83,2025-02-11,63.13,-1.69,-2.61,0.48,0.54,11.41
CARR,2024-10-24,Pre-Market (BMO),2024-10-23,77.79,2024-10-24,73.65,-4.14,-5.32,0.79,0.77,-2.22
CARR,2024-07-25,Pre-Market (BMO),2024-07-24,64.21,2024-07-25,62.79,-1.41,-2.2,0.85,0.87,2.82
CARR,2024-04-25,Pre-Market (BMO),2024-04-24,52.97,2024-04-25,54.88,1.91,3.62,0.5,0.62,23.06
CARR,2024-02-06,Pre-Market (BMO),2024-02-05,54.41,2024-02-06,53.05,-1.35,-2.49,0.51,0.53,3.85
CARR,2023-10-26,Pre-Market (BMO),2023-10-25,45.16,2023-10-26,47.14,1.98,4.39,0.79,0.89,12.07
CARR,2023-07-27,Pre-Market (BMO),2023-07-26,52.26,2023-07-27,51.5,-0.76,-1.45,0.77,0.79,2.57
CAT,2026-04-30,Pre-Market (BMO),2026-04-29,808.55,2026-04-30,855.04,46.49,5.75,4.64,5.54,19.3
CAT,2026-01-29,Pre-Market (BMO),2026-01-28,640.87,2026-01-29,652.71,11.85,1.85,4.71,5.16,9.51
CAT,2025-10-29,Pre-Market (BMO),2025-10-28,521.28,2025-10-29,554.79,33.51,6.43,4.52,4.95,9.43
CAT,2025-08-05,Pre-Market (BMO),2025-08-04,429.83,2025-08-05,423.83,-6.0,-1.39,4.9,4.72,-3.73
CAT,2025-04-30,Pre-Market (BMO),2025-04-29,303.55,2025-04-30,311.26,7.71,2.54,4.34,4.25,-2.19
CAT,2025-01-30,Pre-Market (BMO),2025-01-29,386.44,2025-01-30,367.05,-19.39,-5.02,5.03,5.14,2.25
CAT,2024-10-30,Pre-Market (BMO),2024-10-29,379.43,2024-10-30,366.2,-13.23,-3.49,5.35,5.17,-3.44
CAT,2024-08-06,Pre-Market (BMO),2024-08-05,309.08,2024-08-06,306.4,-2.68,-0.87,5.54,5.99,8.14
CAT,2024-04-25,Pre-Market (BMO),2024-04-24,353.22,2024-04-25,321.08,-32.14,-9.1,5.13,5.6,9.13
CAT,2024-02-05,Pre-Market (BMO),2024-02-02,305.05,2024-02-05,324.2,19.15,6.28,4.75,5.23,10.06
CAT,2023-10-31,Pre-Market (BMO),2023-10-30,233.37,2023-10-31,219.38,-13.98,-5.99,4.79,5.52,15.18
CAT,2023-08-01,Pre-Market (BMO),2023-07-31,254.23,2023-08-01,261.49,7.27,2.86,4.58,5.55,21.24
CB,2026-07-21,After-Hours (AMC),2026-07-21,354.8,2026-07-22,345.5,-9.3,-2.62,6.75,7.26,7.63
CB,2026-04-21,After-Hours (AMC),2026-04-21,328.27,2026-04-22,320.66,-7.61,-2.32,6.61,6.82,3.16
CB,2026-02-03,After-Hours (AMC),2026-02-03,311.49,2026-02-04,318.83,7.35,2.36,6.78,7.52,10.98
CB,2025-10-21,After-Hours (AMC),2025-10-21,267.63,2025-10-22,274.19,6.56,2.45,6.16,7.49,21.68
CB,2025-07-22,After-Hours (AMC),2025-07-22,277.05,2025-07-23,271.36,-5.69,-2.05,5.97,6.14,2.85
CB,2025-04-22,After-Hours (AMC),2025-04-22,287.7,2025-04-23,282.54,-5.16,-1.79,3.23,3.68,14.0
CB,2025-01-28,After-Hours (AMC),2025-01-28,268.87,2025-01-29,264.66,-4.21,-1.56,5.45,6.02,10.46
CB,2024-10-29,After-Hours (AMC),2024-10-29,282.67,2024-10-30,285.1,2.43,0.86,4.99,5.72,14.64
CB,2024-07-23,After-Hours (AMC),2024-07-23,258.28,2024-07-24,262.81,4.52,1.75,5.15,5.38,4.4
CB,2024-04-23,After-Hours (AMC),2024-04-23,244.32,2024-04-24,235.21,-9.1,-3.73,5.3,5.41,2.11
CB,2024-01-30,After-Hours (AMC),2024-01-30,236.97,2024-01-31,240.9,3.93,1.66,5.12,5.54,8.13
CB,2023-10-24,After-Hours (AMC),2023-10-24,205.27,2023-10-25,208.71,3.45,1.68,4.42,4.95,12.05
CBOE,2026-05-01,Pre-Market (BMO),2026-04-30,299.46,2026-05-01,313.71,14.25,4.76,3.38,3.7,9.54
CBOE,2026-02-06,Pre-Market (BMO),2026-02-05,274.03,2026-02-06,266.28,-7.74,-2.83,2.95,3.06,3.76
CBOE,2025-10-31,Pre-Market (BMO),2025-10-30,235.73,2025-10-31,238.29,2.56,1.09,2.53,2.67,5.58
CBOE,2025-08-01,Pre-Market (BMO),2025-07-31,239.94,2025-08-01,240.36,0.42,0.17,2.43,2.46,1.11
CBOE,2025-05-02,Pre-Market (BMO),2025-05-01,219.59,2025-05-02,217.34,-2.25,-1.03,2.36,2.5,5.76
CBOE,2025-02-07,Pre-Market (BMO),2025-02-06,204.86,2025-02-07,204.41,-0.46,-0.22,2.12,2.1,-0.88
CBOE,2024-11-01,Pre-Market (BMO),2024-10-31,210.76,2024-11-01,204.43,-6.33,-3.0,2.19,2.22,1.29
CBOE,2024-08-02,Pre-Market (BMO),2024-08-01,182.74,2024-08-02,183.09,0.34,0.19,2.1,2.15,2.2
CBOE,2024-05-03,Pre-Market (BMO),2024-05-02,170.76,2024-05-03,173.11,2.34,1.37,2.04,2.15,5.23
CBOE,2024-02-02,Pre-Market (BMO),2024-02-01,180.66,2024-02-02,176.98,-3.68,-2.04,2.03,2.06,1.28
CBOE,2023-11-03,Pre-Market (BMO),2023-11-02,158.73,2023-11-03,159.02,0.29,0.18,1.86,2.06,10.62
CBOE,2023-08-04,Pre-Market (BMO),2023-08-03,136.01,2023-08-04,135.05,-0.96,-0.71,1.77,1.78,0.44
CBRE,2026-04-23,Pre-Market (BMO),2026-04-22,153.52,2026-04-23,157.0,3.48,2.27,1.13,1.61,42.05
CBRE,2026-02-12,Pre-Market (BMO),2026-02-11,149.49,2026-02-12,151.94,2.45,1.64,2.68,2.73,1.99
CBRE,2025-10-23,Pre-Market (BMO),2025-10-22,163.77,2025-10-23,163.78,0.01,0.01,1.46,1.61,10.57
CBRE,2025-07-29,Pre-Market (BMO),2025-07-28,146.56,2025-07-29,152.73,6.17,4.21,1.07,1.19,11.16
CBRE,2025-04-24,Pre-Market (BMO),2025-04-23,122.05,2025-04-24,118.79,-3.26,-2.67,0.76,0.86,12.71
CBRE,2025-02-13,Pre-Market (BMO),2025-02-12,140.65,2025-02-13,136.04,-4.61,-3.28,2.23,2.32,3.87
CBRE,2024-10-24,Pre-Market (BMO),2024-10-23,123.12,2024-10-24,130.63,7.51,6.1,1.06,1.2,13.1
CBRE,2024-07-25,Pre-Market (BMO),2024-07-24,98.3,2024-07-25,104.07,5.77,5.87,0.71,0.81,14.28
CBRE,2024-05-03,Pre-Market (BMO),2024-05-02,86.79,2024-05-03,86.21,-0.58,-0.67,0.69,0.78,12.66
CBRE,2024-02-15,Pre-Market (BMO),2024-02-14,86.89,2024-02-15,92.51,5.62,6.47,1.18,1.38,16.71
CBRE,2023-10-27,Pre-Market (BMO),2023-10-26,66.46,2023-10-27,65.95,-0.51,-0.77,0.67,0.72,8.16
CBRE,2023-07-27,Pre-Market (BMO),2023-07-26,88.36,2023-07-27,87.53,-0.83,-0.94,0.76,0.82,7.76
CCI,2026-07-22,After-Hours (AMC),2026-07-22,77.5,2026-07-23,77.78,0.28,0.36,0.51,0.69,36.09
CCI,2026-04-22,After-Hours (AMC),2026-04-22,85.02,2026-04-23,87.87,2.86,3.36,0.47,0.5,6.18
CCI,2026-02-04,After-Hours (AMC),2026-02-04,84.07,2026-02-05,77.86,-6.21,-7.39,0.58,0.63,8.83
CCI,2025-10-22,After-Hours (AMC),2025-10-22,94.27,2025-10-23,96.49,2.22,2.35,0.51,0.64,24.58
CCI,2025-07-23,After-Hours (AMC),2025-07-23,104.69,2025-07-24,107.78,3.09,2.95,0.51,0.61,19.56
CCI,2025-04-30,After-Hours (AMC),2025-04-30,99.83,2025-05-01,100.05,0.22,0.22,-0.05,0.65,1485.34
CCI,2025-03-13,After-Hours (AMC),2025-03-13,88.28,2025-03-14,94.79,6.51,7.37,0.42,0.73,74.06
CCI,2024-10-16,After-Hours (AMC),2024-10-16,105.7,2024-10-17,102.34,-3.36,-3.18,0.67,0.84,24.91
CCI,2024-07-17,After-Hours (AMC),2024-07-17,95.25,2024-07-18,94.68,-0.57,-0.6,0.55,0.68,23.65
CCI,2024-04-17,After-Hours (AMC),2024-04-17,82.59,2024-04-18,84.93,2.34,2.84,0.7,0.75,7.1
CCI,2024-01-24,After-Hours (AMC),2024-01-24,92.36,2024-01-25,95.34,2.98,3.23,0.76,0.86,13.52
CCI,2023-10-18,After-Hours (AMC),2023-10-18,78.49,2023-10-19,76.0,-2.49,-3.18,0.78,0.77,-0.38
CCL,2026-06-23,Pre-Market (BMO),2026-06-22,30.19,2026-06-23,27.4,-2.79,-9.24,0.34,0.41,21.08
CCL,2026-03-27,Pre-Market (BMO),2026-03-26,25.13,2026-03-27,24.42,-0.71,-2.81,0.18,0.2,8.94
CCL,2025-12-19,Pre-Market (BMO),2025-12-18,28.04,2025-12-19,28.25,0.21,0.74,0.25,0.34,38.64
CCL,2025-09-29,Pre-Market (BMO),2025-09-26,30.29,2025-09-29,31.87,1.57,5.19,1.32,1.43,8.54
CCL,2025-06-24,Pre-Market (BMO),2025-06-23,23.78,2025-06-24,24.8,1.02,4.28,0.24,0.35,45.31
CCL,2025-03-21,Pre-Market (BMO),2025-03-20,20.97,2025-03-21,20.17,-0.8,-3.82,0.02,0.13,485.06
CCL,2024-12-20,Pre-Market (BMO),2024-12-19,24.91,2024-12-20,25.51,0.59,2.38,0.07,0.14,93.99
CCL,2024-09-30,Pre-Market (BMO),2024-09-27,18.34,2024-09-30,18.47,0.13,0.7,1.15,1.27,10.0
CCL,2024-06-25,Pre-Market (BMO),2024-06-24,16.22,2024-06-25,16.84,0.62,3.84,-0.02,0.11,692.67
CCL,2024-03-27,Pre-Market (BMO),2024-03-26,16.85,2024-03-27,16.43,-0.42,-2.47,-0.18,-0.14,22.13
CCL,2023-12-21,Pre-Market (BMO),2023-12-20,17.88,2023-12-21,18.3,0.43,2.38,-0.13,-0.07,44.27
CCL,2023-09-29,Pre-Market (BMO),2023-09-28,14.29,2023-09-29,14.49,0.21,1.45,0.74,0.86,16.06
CDNS,2026-04-27,After-Hours (AMC),2026-04-27,336.54,2026-04-28,329.7,-6.84,-2.03,1.89,1.96,3.98
CDNS,2026-02-17,After-Hours (AMC),2026-02-17,283.46,2026-02-18,302.96,19.5,6.88,1.91,1.99,4.07
CDNS,2025-10-27,After-Hours (AMC),2025-10-27,351.4,2025-10-28,339.01,-12.39,-3.53,1.79,1.93,7.85
CDNS,2025-07-28,After-Hours (AMC),2025-07-28,333.76,2025-07-29,355.0,21.24,6.36,1.56,1.65,6.0
CDNS,2025-04-28,After-Hours (AMC),2025-04-28,285.74,2025-04-29,289.64,3.9,1.36,1.5,1.57,4.75
CDNS,2025-02-18,After-Hours (AMC),2025-02-18,300.43,2025-02-19,285.22,-15.21,-5.06,1.82,1.88,3.16
CDNS,2024-10-28,After-Hours (AMC),2024-10-28,252.77,2024-10-29,274.94,22.17,8.77,1.44,1.64,13.73
CDNS,2024-07-22,After-Hours (AMC),2024-07-22,287.08,2024-07-23,285.86,-1.22,-0.42,1.23,1.28,4.27
CDNS,2024-04-22,After-Hours (AMC),2024-04-22,285.02,2024-04-23,278.0,-7.02,-2.46,1.13,1.17,3.47
CDNS,2024-02-12,After-Hours (AMC),2024-02-12,306.58,2024-02-13,290.0,-16.58,-5.41,1.33,1.38,3.68
CDNS,2023-10-23,After-Hours (AMC),2023-10-23,239.92,2023-10-24,234.69,-5.23,-2.18,1.22,1.26,3.56
CDW,2026-05-06,Pre-Market (BMO),2026-05-05,135.99,2026-05-06,126.75,-9.25,-6.8,2.29,2.28,-0.26
CDW,2026-02-04,Pre-Market (BMO),2026-02-03,124.79,2026-02-04,132.05,7.26,5.82,2.44,2.57,5.13
CDW,2025-11-04,Pre-Market (BMO),2025-11-03,152.47,2025-11-04,149.81,-2.66,-1.74,2.62,2.71,3.35
CDW,2025-08-06,Pre-Market (BMO),2025-08-05,162.11,2025-08-06,164.51,2.4,1.48,2.49,2.6,4.36
CDW,2025-05-07,Pre-Market (BMO),2025-05-06,160.27,2025-05-07,159.81,-0.46,-0.29,1.96,2.15,9.54
CDW,2025-02-05,Pre-Market (BMO),2025-02-04,194.24,2025-02-05,217.21,22.97,11.82,2.32,2.48,6.74
CDW,2024-10-30,Pre-Market (BMO),2024-10-29,213.53,2024-10-30,194.41,-19.12,-8.95,2.85,2.63,-7.87
CDW,2024-07-31,Pre-Market (BMO),2024-07-30,225.12,2024-07-31,214.5,-10.62,-4.72,2.53,2.5,-1.17
CDW,2024-05-01,Pre-Market (BMO),2024-04-30,233.6,2024-05-01,216.35,-17.25,-7.38,2.15,1.92,-10.71
CDW,2024-02-07,Pre-Market (BMO),2024-02-06,222.07,2024-02-07,226.25,4.18,1.88,2.56,2.57,0.36
CDW,2023-11-01,Pre-Market (BMO),2023-10-31,192.52,2023-11-01,178.26,-14.27,-7.41,2.59,2.72,5.14
CDW,2023-08-02,Pre-Market (BMO),2023-08-01,179.45,2023-08-02,179.5,0.06,0.03,2.33,2.56,9.9
CEG,2026-05-11,Pre-Market (BMO),2026-05-08,303.16,2026-05-11,314.81,11.65,3.84,2.6,2.74,5.3
CEG,2026-02-24,Pre-Market (BMO),2026-02-23,292.95,2026-02-24,296.55,3.59,1.23,2.25,2.3,2.41
CEG,2025-11-07,Pre-Market (BMO),2025-11-06,349.88,2025-11-07,334.13,-15.76,-4.5,3.12,3.04,-2.57
CEG,2025-08-07,Pre-Market (BMO),2025-08-06,336.69,2025-08-07,333.51,-3.18,-0.95,1.83,1.91,4.24
CEG,2025-05-06,Pre-Market (BMO),2025-05-05,246.63,2025-05-06,257.13,10.49,4.25,2.21,2.14,-3.1
CEG,2025-02-18,Pre-Market (BMO),2025-02-14,314.62,2025-02-18,321.11,6.48,2.06,2.14,2.44,14.06
CEG,2024-11-04,Pre-Market (BMO),2024-11-01,255.52,2024-11-04,230.18,-25.34,-9.92,2.68,2.74,2.3
CEG,2024-08-06,Pre-Market (BMO),2024-08-05,167.96,2024-08-06,171.58,3.63,2.16,1.69,1.68,-0.44
CEG,2024-05-09,Pre-Market (BMO),2024-05-08,205.22,2024-05-09,202.69,-2.54,-1.24,1.29,1.82,41.36
CEG,2024-02-27,Pre-Market (BMO),2024-02-26,131.18,2024-02-27,132.94,1.75,1.34,2.17,1.51,-30.24
CEG,2023-11-06,Pre-Market (BMO),2023-11-03,115.01,2023-11-06,116.9,1.89,1.64,1.67,1.99,19.23
CEG,2023-08-03,Pre-Market (BMO),2023-08-02,93.62,2023-08-03,94.03,0.41,0.44,0.78,1.45,85.9
CF,2026-05-06,After-Hours (AMC),2026-05-06,119.27,2026-05-07,113.64,-5.64,-4.73,2.66,2.89,8.66
CF,2026-02-18,After-Hours (AMC),2026-02-18,95.43,2026-02-19,96.61,1.18,1.23,2.47,3.06,23.91
CF,2025-11-05,After-Hours (AMC),2025-11-05,83.75,2025-11-06,81.9,-1.85,-2.21,2.07,2.19,5.59
CF,2025-08-06,After-Hours (AMC),2025-08-06,88.01,2025-08-07,82.43,-5.58,-6.34,2.47,2.39,-3.43
CF,2025-05-07,After-Hours (AMC),2025-05-07,78.54,2025-05-08,81.96,3.43,4.36,1.5,1.98,31.56
CF,2025-02-19,After-Hours (AMC),2025-02-19,81.57,2025-02-20,80.6,-0.97,-1.19,1.51,1.79,18.13
CF,2024-10-30,After-Hours (AMC),2024-10-30,78.65,2024-10-31,80.23,1.59,2.02,1.16,1.55,34.29
CF,2024-08-07,After-Hours (AMC),2024-08-07,70.05,2024-08-08,73.77,3.72,5.31,1.91,2.3,20.47
CF,2024-05-01,After-Hours (AMC),2024-05-01,74.02,2024-05-02,72.62,-1.4,-1.89,1.62,1.03,-36.26
CF,2024-02-14,After-Hours (AMC),2024-02-14,73.65,2024-02-15,73.91,0.27,0.36,1.56,1.58,1.55
CF,2023-11-01,After-Hours (AMC),2023-11-01,74.38,2023-11-02,73.64,-0.74,-1.0,1.01,1.14,12.62
CF,2023-08-02,After-Hours (AMC),2023-08-02,75.3,2023-08-03,78.65,3.35,4.45,2.15,2.71,26.26
CFG,2026-07-16,Pre-Market (BMO),2026-07-15,71.12,2026-07-16,73.8,2.68,3.77,1.25,1.3,4.39
CFG,2026-04-16,Pre-Market (BMO),2026-04-15,64.72,2026-04-16,63.54,-1.18,-1.83,1.09,1.13,3.73
CFG,2026-01-21,Pre-Market (BMO),2026-01-20,58.97,2026-01-21,59.9,0.93,1.57,1.11,1.13,2.24
CFG,2025-10-15,Pre-Market (BMO),2025-10-14,50.61,2025-10-15,51.79,1.17,2.32,1.03,1.05,2.27
CFG,2025-07-17,Pre-Market (BMO),2025-07-16,45.5,2025-07-17,45.81,0.31,0.68,0.88,0.92,4.13
CFG,2025-04-16,Pre-Market (BMO),2025-04-15,34.58,2025-04-16,34.46,-0.11,-0.33,0.75,0.77,2.68
CFG,2025-01-17,Pre-Market (BMO),2025-01-16,44.44,2025-01-17,43.95,-0.48,-1.09,0.83,0.85,2.3
CFG,2024-10-16,Pre-Market (BMO),2024-10-15,40.87,2024-10-16,39.79,-1.08,-2.64,0.79,0.79,-0.24
CFG,2024-07-17,Pre-Market (BMO),2024-07-16,36.87,2024-07-17,36.33,-0.54,-1.46,0.79,0.82,3.5
CFG,2024-04-17,Pre-Market (BMO),2024-04-16,29.81,2024-04-17,30.61,0.8,2.68,0.76,0.79,4.52
CFG,2024-01-17,Pre-Market (BMO),2024-01-16,28.34,2024-01-17,28.7,0.35,1.25,0.84,0.85,1.16
CFG,2023-10-18,Pre-Market (BMO),2023-10-17,24.18,2023-10-18,22.94,-1.24,-5.13,0.91,0.89,-2.67
CHD,2026-05-01,Pre-Market (BMO),2026-04-30,96.74,2026-05-01,98.16,1.42,1.46,0.93,0.95,2.23
CHD,2026-01-30,Pre-Market (BMO),2026-01-29,91.38,2026-01-30,95.85,4.47,4.89,0.83,0.86,3.02
CHD,2025-10-31,Pre-Market (BMO),2025-10-30,81.0,2025-10-31,86.12,5.12,6.32,0.74,0.81,9.93
CHD,2025-08-01,Pre-Market (BMO),2025-07-31,92.56,2025-08-01,91.8,-0.76,-0.82,0.86,0.94,9.51
CHD,2025-05-01,Pre-Market (BMO),2025-04-30,97.75,2025-05-01,91.5,-6.25,-6.39,0.9,0.91,1.42
CHD,2025-01-31,Pre-Market (BMO),2025-01-30,105.11,2025-01-31,104.99,-0.12,-0.11,0.77,0.77,0.42
CHD,2024-11-01,Pre-Market (BMO),2024-10-31,97.78,2024-11-01,103.49,5.72,5.85,0.68,0.79,15.86
CHD,2024-08-02,Pre-Market (BMO),2024-08-01,97.6,2024-08-02,94.6,-3.0,-3.07,0.84,0.93,10.09
CHD,2024-05-02,Pre-Market (BMO),2024-05-01,103.42,2024-05-02,103.26,-0.17,-0.16,0.87,0.96,10.07
CHD,2024-02-02,Pre-Market (BMO),2024-02-01,98.78,2024-02-02,98.76,-0.02,-0.02,0.65,0.65,0.63
CHD,2023-11-03,Pre-Market (BMO),2023-11-02,88.98,2023-11-03,82.53,-6.44,-7.24,0.69,0.74,7.55
CHD,2023-07-28,Pre-Market (BMO),2023-07-27,92.57,2023-07-28,93.61,1.03,1.12,0.8,0.92,15.41
CHRW,2026-04-29,After-Hours (AMC),2026-04-29,185.79,2026-04-30,188.65,2.86,1.54,1.23,1.35,9.64
CHRW,2026-01-28,After-Hours (AMC),2026-01-28,183.03,2026-01-29,191.54,8.51,4.65,1.13,1.23,9.22
CHRW,2025-10-29,After-Hours (AMC),2025-10-29,127.99,2025-10-30,148.0,20.01,15.64,1.3,1.4,7.37
CHRW,2025-07-30,After-Hours (AMC),2025-07-30,96.13,2025-07-31,108.75,12.62,13.13,1.16,1.29,11.61
CHRW,2025-04-30,After-Hours (AMC),2025-04-30,87.26,2025-05-01,85.69,-1.57,-1.8,1.05,1.17,11.38
CHRW,2025-01-29,After-Hours (AMC),2025-01-29,104.89,2025-01-30,96.8,-8.1,-7.72,1.11,1.21,9.25
CHRW,2024-10-30,After-Hours (AMC),2024-10-30,105.93,2024-10-31,99.77,-6.16,-5.82,1.15,1.28,11.45
CHRW,2024-07-31,After-Hours (AMC),2024-07-31,85.52,2024-08-01,94.94,9.42,11.02,0.96,1.15,20.15
CHRW,2024-05-01,After-Hours (AMC),2024-05-01,68.75,2024-05-02,77.25,8.5,12.36,0.63,0.86,36.65
CHRW,2024-01-31,After-Hours (AMC),2024-01-31,79.54,2024-02-01,73.33,-6.2,-7.8,0.81,0.5,-37.92
CHRW,2023-11-01,After-Hours (AMC),2023-11-01,76.47,2023-11-02,78.77,2.3,3.01,0.8,0.84,4.4
CHRW,2023-08-02,After-Hours (AMC),2023-08-02,90.88,2023-08-03,92.92,2.03,2.24,0.91,0.9,-1.26
CHTR,2026-07-24,Pre-Market (BMO),2026-07-23,126.5,2026-07-24,111.8,-14.7,-11.62,10.06,10.66,5.94
CHTR,2026-04-24,Pre-Market (BMO),2026-04-23,241.78,2026-04-24,233.0,-8.78,-3.63,10.08,9.17,-9.07
CHTR,2026-01-30,Pre-Market (BMO),2026-01-29,191.52,2026-01-30,204.12,12.6,6.58,9.93,10.34,4.09
CHTR,2025-10-31,Pre-Market (BMO),2025-10-30,230.92,2025-10-31,218.0,-12.92,-5.6,9.32,8.34,-10.5
CHTR,2025-07-25,Pre-Market (BMO),2025-07-24,380.0,2025-07-25,329.0,-51.0,-13.42,9.77,9.18,-6.06
CHTR,2025-04-25,Pre-Market (BMO),2025-04-24,335.33,2025-04-25,359.5,24.17,7.21,8.37,8.42,0.56
CHTR,2025-01-31,Pre-Market (BMO),2025-01-30,336.62,2025-01-31,360.75,24.13,7.17,9.14,10.1,10.5
CHTR,2024-11-01,Pre-Market (BMO),2024-10-31,327.61,2024-11-01,360.61,33.0,10.07,8.49,8.82,3.87
CHTR,2024-07-26,Pre-Market (BMO),2024-07-25,315.23,2024-07-26,357.74,42.51,13.49,7.9,8.49,7.47
CHTR,2024-04-26,Pre-Market (BMO),2024-04-25,259.1,2024-04-26,238.96,-20.14,-7.77,7.87,7.55,-4.09
CHTR,2024-02-02,Pre-Market (BMO),2024-02-01,382.34,2024-02-02,344.99,-37.35,-9.77,8.84,7.07,-19.99
CHTR,2023-10-27,Pre-Market (BMO),2023-10-26,411.71,2023-10-27,373.01,-38.7,-9.4,8.11,8.25,1.71
CHTR,2023-07-28,Pre-Market (BMO),2023-07-27,400.99,2023-07-28,399.96,-1.03,-0.26,8.2,8.05,-1.79
CI,2026-04-30,Pre-Market (BMO),2026-04-29,290.64,2026-04-30,292.08,1.44,0.5,7.61,7.79,2.41
CI,2026-02-05,Pre-Market (BMO),2026-02-04,268.66,2026-02-05,274.09,5.43,2.02,7.88,8.08,2.5
CI,2025-10-30,Pre-Market (BMO),2025-10-29,294.11,2025-10-30,260.57,-33.55,-11.41,7.64,7.83,2.47
CI,2025-07-31,Pre-Market (BMO),2025-07-30,291.4,2025-07-31,286.84,-4.57,-1.57,7.15,7.2,0.65
CI,2025-05-02,Pre-Market (BMO),2025-05-01,326.34,2025-05-02,334.96,8.62,2.64,6.35,6.74,6.17
CI,2025-01-30,Pre-Market (BMO),2025-01-29,293.87,2025-01-30,266.44,-27.43,-9.33,7.82,6.64,-15.1
CI,2024-10-31,Pre-Market (BMO),2024-10-30,301.88,2024-10-31,321.65,19.77,6.55,7.25,7.51,3.52
CI,2024-08-01,Pre-Market (BMO),2024-07-31,335.12,2024-08-01,322.94,-12.18,-3.63,6.42,6.72,4.74
CI,2024-05-02,Pre-Market (BMO),2024-05-01,341.89,2024-05-02,344.59,2.7,0.79,6.22,6.47,4.02
CI,2024-02-02,Pre-Market (BMO),2024-02-01,292.94,2024-02-02,301.06,8.12,2.77,6.54,6.79,3.83
CI,2023-11-02,Pre-Market (BMO),2023-11-01,293.55,2023-11-02,290.61,-2.94,-1.0,6.68,6.77,1.35
CI,2023-08-03,Pre-Market (BMO),2023-08-02,282.79,2023-08-03,276.39,-6.4,-2.26,6.04,6.13,1.57
CIEN,2026-06-04,Pre-Market (BMO),2026-06-03,620.37,2026-06-04,552.39,-67.98,-10.96,1.46,1.64,12.34
CIEN,2026-03-05,Pre-Market (BMO),2026-03-04,343.55,2026-03-05,312.01,-31.54,-9.18,1.17,1.35,15.55
CIEN,2025-12-11,Pre-Market (BMO),2025-12-10,221.85,2025-12-11,236.35,14.5,6.54,0.77,0.91,18.24
CIEN,2025-09-04,Pre-Market (BMO),2025-09-03,94.82,2025-09-04,115.0,20.18,21.28,0.53,0.67,27.56
CIEN,2025-06-05,Pre-Market (BMO),2025-06-04,83.89,2025-06-05,76.85,-7.04,-8.39,0.52,0.42,-18.89
CIEN,2025-03-11,Pre-Market (BMO),2025-03-10,65.53,2025-03-11,61.78,-3.75,-5.72,0.41,0.64,54.71
CIEN,2024-12-12,Pre-Market (BMO),2024-12-11,73.21,2024-12-12,83.67,10.46,14.29,0.65,0.54,-17.47
CIEN,2024-09-04,Pre-Market (BMO),2024-09-03,55.35,2024-09-04,58.2,2.85,5.15,0.26,0.35,34.46
CIEN,2024-06-06,Pre-Market (BMO),2024-06-05,48.24,2024-06-06,52.58,4.34,9.0,0.15,0.27,80.14
CIEN,2024-03-07,Pre-Market (BMO),2024-03-06,61.96,2024-03-07,53.75,-8.21,-13.25,0.48,0.66,38.76
CIEN,2023-12-07,Pre-Market (BMO),2023-12-06,45.76,2023-12-07,45.09,-0.67,-1.46,0.69,0.75,8.74
CIEN,2023-08-31,Pre-Market (BMO),2023-08-30,43.16,2023-08-31,48.61,5.45,12.63,0.51,0.59,16.14
CL,2026-05-01,Pre-Market (BMO),2026-04-30,84.87,2026-05-01,87.67,2.79,3.29,0.94,0.97,2.7
CL,2026-01-30,Pre-Market (BMO),2026-01-29,84.23,2026-01-30,87.65,3.42,4.06,0.91,0.95,4.19
CL,2025-10-31,Pre-Market (BMO),2025-10-30,75.14,2025-10-31,74.2,-0.94,-1.25,0.89,0.91,2.36
CL,2025-08-01,Pre-Market (BMO),2025-07-31,81.8,2025-08-01,81.97,0.17,0.2,0.89,0.92,2.81
CL,2025-04-25,Pre-Market (BMO),2025-04-24,89.9,2025-04-25,92.61,2.71,3.01,0.86,0.91,6.12
CL,2025-01-31,Pre-Market (BMO),2025-01-30,87.65,2025-01-31,82.39,-5.27,-6.01,0.89,0.91,2.32
CL,2024-10-25,Pre-Market (BMO),2024-10-24,95.65,2024-10-25,92.58,-3.07,-3.21,0.88,0.91,2.87
CL,2024-07-26,Pre-Market (BMO),2024-07-25,92.07,2024-07-26,94.46,2.4,2.6,0.87,0.91,4.72
CL,2024-04-26,Pre-Market (BMO),2024-04-25,84.77,2024-04-26,86.39,1.62,1.92,0.81,0.86,5.85
CL,2024-01-26,Pre-Market (BMO),2024-01-25,76.66,2024-01-26,76.94,0.28,0.37,0.85,0.87,2.6
CL,2023-10-27,Pre-Market (BMO),2023-10-26,68.57,2023-10-27,68.78,0.22,0.31,0.8,0.86,7.3
CL,2023-07-28,Pre-Market (BMO),2023-07-27,71.88,2023-07-28,70.09,-1.78,-2.48,0.75,0.77,3.28
CLX,2026-04-30,After-Hours (AMC),2026-04-30,96.44,2026-05-01,90.99,-5.45,-5.65,1.54,1.64,6.16
CLX,2026-02-03,After-Hours (AMC),2026-02-03,113.55,2026-02-04,112.43,-1.12,-0.98,1.43,1.39,-3.04
CLX,2025-11-03,After-Hours (AMC),2025-11-03,106.6,2025-11-04,108.91,2.31,2.16,0.78,0.85,9.23
CLX,2025-07-31,After-Hours (AMC),2025-07-31,120.14,2025-08-01,121.77,1.63,1.35,2.21,2.87,29.75
CLX,2025-05-05,After-Hours (AMC),2025-05-05,132.42,2025-05-06,128.22,-4.2,-3.17,1.56,1.45,-6.9
CLX,2025-02-03,After-Hours (AMC),2025-02-03,151.58,2025-02-04,146.09,-5.48,-3.62,1.4,1.55,10.68
CLX,2024-10-30,After-Hours (AMC),2024-10-30,147.34,2024-10-31,152.35,5.01,3.4,1.39,1.86,33.57
CLX,2024-08-01,After-Hours (AMC),2024-08-01,124.25,2024-08-02,131.53,7.28,5.86,1.56,1.82,16.43
CLX,2024-04-30,After-Hours (AMC),2024-04-30,136.96,2024-05-01,129.53,-7.44,-5.43,1.37,1.71,25.15
CLX,2024-02-01,After-Hours (AMC),2024-02-01,135.99,2024-02-02,145.6,9.61,7.07,1.1,2.16,95.83
CLX,2023-11-01,After-Hours (AMC),2023-11-01,105.1,2023-11-02,116.14,11.04,10.5,-0.23,0.49,312.25
CLX,2023-08-02,After-Hours (AMC),2023-08-02,136.51,2023-08-03,144.99,8.49,6.22,1.18,1.67,41.09
CMCSA,2026-07-23,Pre-Market (BMO),2026-07-22,23.52,2026-07-23,24.01,0.49,2.08,0.97,1.04,7.62
CMCSA,2026-04-23,Pre-Market (BMO),2026-04-22,28.98,2026-04-23,30.09,1.11,3.85,0.73,0.79,8.29
CMCSA,2026-01-29,Pre-Market (BMO),2026-01-28,27.71,2026-01-29,26.95,-0.76,-2.75,0.76,0.84,10.76
CMCSA,2025-10-30,Pre-Market (BMO),2025-10-29,25.77,2025-10-30,23.57,-2.2,-8.55,1.1,1.12,1.72
CMCSA,2025-07-31,Pre-Market (BMO),2025-07-30,29.05,2025-07-31,30.38,1.33,4.58,1.18,1.25,5.87
CMCSA,2025-04-24,Pre-Market (BMO),2025-04-23,30.53,2025-04-24,28.33,-2.21,-7.22,0.99,1.09,9.89
CMCSA,2025-01-30,Pre-Market (BMO),2025-01-29,32.8,2025-01-30,30.21,-2.58,-7.87,0.86,0.96,11.38
CMCSA,2024-10-31,Pre-Market (BMO),2024-10-30,36.77,2024-10-31,39.36,2.59,7.03,1.06,1.12,5.27
CMCSA,2024-07-23,Pre-Market (BMO),2024-07-22,34.16,2024-07-23,34.05,-0.1,-0.3,1.12,1.21,8.22
CMCSA,2024-04-25,Pre-Market (BMO),2024-04-24,34.46,2024-04-25,33.12,-1.34,-3.88,0.99,1.04,5.31
CMCSA,2024-01-25,Pre-Market (BMO),2024-01-24,37.26,2024-01-25,37.18,-0.09,-0.23,0.79,0.84,6.35
CMCSA,2023-10-26,Pre-Market (BMO),2023-10-25,36.13,2023-10-26,33.85,-2.28,-6.32,0.95,1.08,13.67
CMCSA,2023-07-27,Pre-Market (BMO),2023-07-26,36.03,2023-07-27,37.38,1.35,3.75,0.98,1.13,15.51
CME,2026-07-22,Pre-Market (BMO),2026-07-21,237.38,2026-07-22,247.58,10.2,4.3,2.91,2.99,2.75
CME,2026-04-22,Pre-Market (BMO),2026-04-21,282.93,2026-04-22,273.64,-9.29,-3.28,3.37,3.36,-0.25
CME,2026-02-04,Pre-Market (BMO),2026-02-03,284.75,2026-02-04,284.11,-0.64,-0.23,2.74,2.77,0.99
CME,2025-10-22,Pre-Market (BMO),2025-10-21,259.79,2025-10-22,255.02,-4.77,-1.84,2.63,2.68,1.98
CME,2025-07-23,Pre-Market (BMO),2025-07-22,264.36,2025-07-23,263.95,-0.4,-0.15,2.92,2.96,1.45
CME,2025-04-23,Pre-Market (BMO),2025-04-22,254.45,2025-04-23,245.91,-8.54,-3.36,2.81,2.8,-0.31
CME,2025-02-12,Pre-Market (BMO),2025-02-11,230.49,2025-02-12,234.42,3.93,1.7,2.45,2.52,3.05
CME,2024-10-23,Pre-Market (BMO),2024-10-22,209.4,2024-10-23,204.62,-4.78,-2.28,2.65,2.68,0.96
CME,2024-07-24,Pre-Market (BMO),2024-07-23,181.85,2024-07-24,184.42,2.57,1.41,2.53,2.56,1.04
CME,2024-04-24,Pre-Market (BMO),2024-04-23,198.51,2024-04-24,197.47,-1.04,-0.53,2.45,2.5,2.0
CME,2024-02-14,Pre-Market (BMO),2024-02-13,188.97,2024-02-14,191.76,2.8,1.48,2.28,2.37,3.87
CME,2023-10-25,Pre-Market (BMO),2023-10-24,189.43,2023-10-25,183.63,-5.8,-3.06,2.22,2.25,1.27
CMG,2026-04-29,After-Hours (AMC),2026-04-29,32.99,2026-04-30,35.1,2.11,6.4,0.24,0.24,1.4
CMG,2026-02-03,After-Hours (AMC),2026-02-03,39.17,2026-02-04,37.72,-1.45,-3.7,0.24,0.25,4.89
CMG,2025-10-29,After-Hours (AMC),2025-10-29,39.76,2025-10-30,31.27,-8.49,-21.35,0.29,0.29,0.87
CMG,2025-07-23,After-Hours (AMC),2025-07-23,52.78,2025-07-24,46.2,-6.58,-12.47,0.33,0.33,1.26
CMG,2025-04-23,After-Hours (AMC),2025-04-23,48.76,2025-04-24,49.2,0.44,0.9,0.28,0.29,4.72
CMG,2025-02-04,After-Hours (AMC),2025-02-04,59.02,2025-02-05,56.02,-3.0,-5.08,0.25,0.25,1.45
CMG,2024-10-29,After-Hours (AMC),2024-10-29,60.49,2024-10-30,57.36,-3.13,-5.17,0.25,0.27,6.57
CMG,2024-07-24,After-Hours (AMC),2024-07-24,51.78,2024-07-25,50.51,-1.27,-2.45,0.32,0.34,7.04
CMG,2024-04-24,After-Hours (AMC),2024-04-24,58.54,2024-04-25,60.24,1.7,2.91,0.23,0.27,14.5
CMG,2024-02-06,After-Hours (AMC),2024-02-06,49.75,2024-02-07,51.23,1.48,2.96,0.19,0.21,6.52
CMG,2023-10-26,After-Hours (AMC),2023-10-26,36.13,2023-10-27,37.69,1.57,4.33,0.21,0.23,6.86
CMS,2026-04-28,Pre-Market (BMO),2026-04-27,75.46,2026-04-28,76.6,1.13,1.5,1.1,1.13,2.71
CMS,2026-02-05,Pre-Market (BMO),2026-02-04,70.52,2026-02-05,71.48,0.96,1.35,0.94,0.95,1.49
CMS,2025-10-30,Pre-Market (BMO),2025-10-29,70.67,2025-10-30,71.22,0.56,0.79,0.86,0.93,8.39
CMS,2025-07-31,Pre-Market (BMO),2025-07-30,70.03,2025-07-31,70.01,-0.02,-0.03,0.68,0.71,3.94
CMS,2025-04-24,Pre-Market (BMO),2025-04-23,70.79,2025-04-24,70.93,0.13,0.19,1.01,1.02,1.21
CMS,2025-02-06,Pre-Market (BMO),2025-02-05,64.14,2025-02-06,64.36,0.22,0.34,0.87,0.87,-0.01
CMS,2024-10-31,Pre-Market (BMO),2024-10-30,66.49,2024-10-31,66.51,0.02,0.03,0.78,0.84,7.83
CMS,2024-07-25,Pre-Market (BMO),2024-07-24,58.79,2024-07-25,59.75,0.96,1.63,0.62,0.66,6.07
CMS,2024-04-25,Pre-Market (BMO),2024-04-24,56.26,2024-04-25,56.86,0.6,1.06,0.95,0.97,2.48
CMS,2024-02-01,Pre-Market (BMO),2024-01-31,52.86,2024-02-01,52.95,0.08,0.16,1.04,1.05,0.62
CMS,2023-10-26,Pre-Market (BMO),2023-10-25,49.91,2023-10-26,49.92,0.01,0.02,0.59,0.61,3.71
CMS,2023-07-27,Pre-Market (BMO),2023-07-26,57.66,2023-07-27,57.53,-0.13,-0.22,0.69,0.75,8.04
CNC,2026-04-28,Pre-Market (BMO),2026-04-27,43.5,2026-04-28,44.8,1.3,2.99,2.13,3.37,57.91
CNC,2026-02-06,Pre-Market (BMO),2026-02-05,39.92,2026-02-06,37.24,-2.68,-6.71,-1.22,-1.19,2.46
CNC,2025-10-29,Pre-Market (BMO),2025-10-28,33.19,2025-10-29,36.6,3.41,10.27,-0.16,0.5,404.28
CNC,2025-07-25,Pre-Market (BMO),2025-07-24,26.76,2025-07-25,27.13,0.37,1.38,0.21,-0.16,-177.27
CNC,2025-04-25,Pre-Market (BMO),2025-04-24,61.58,2025-04-25,58.4,-3.18,-5.16,2.52,2.9,15.27
CNC,2025-02-04,Pre-Market (BMO),2025-02-03,64.82,2025-02-04,60.25,-4.57,-7.05,0.49,0.8,62.18
CNC,2024-10-25,Pre-Market (BMO),2024-10-24,61.62,2024-10-25,70.0,8.38,13.6,1.41,1.62,14.87
CNC,2024-07-26,Pre-Market (BMO),2024-07-25,67.4,2024-07-26,69.45,2.05,3.04,2.09,2.42,16.05
CNC,2024-04-26,Pre-Market (BMO),2024-04-25,75.68,2024-04-26,73.96,-1.72,-2.27,2.08,2.26,8.65
CNC,2024-02-06,Pre-Market (BMO),2024-02-05,74.07,2024-02-06,73.76,-0.31,-0.42,0.44,0.45,2.13
CNC,2023-10-24,Pre-Market (BMO),2023-10-23,70.86,2023-10-24,72.56,1.7,2.4,1.54,2.0,30.07
CNC,2023-07-28,Pre-Market (BMO),2023-07-27,69.95,2023-07-28,69.08,-0.87,-1.24,2.05,2.1,2.6
CNP,2026-04-23,Pre-Market (BMO),2026-04-22,41.89,2026-04-23,42.41,0.52,1.23,0.55,0.56,1.1
CNP,2026-02-19,Pre-Market (BMO),2026-02-18,41.47,2026-02-19,41.95,0.48,1.15,0.45,0.45,-0.36
CNP,2025-10-23,Pre-Market (BMO),2025-10-22,39.39,2025-10-23,39.83,0.43,1.1,0.44,0.5,12.59
CNP,2025-07-24,Pre-Market (BMO),2025-07-23,36.3,2025-07-24,35.9,-0.4,-1.1,0.3,0.29,-4.56
CNP,2025-04-24,Pre-Market (BMO),2025-04-23,36.3,2025-04-24,36.09,-0.2,-0.56,0.53,0.53,-0.8
CNP,2025-02-20,Pre-Market (BMO),2025-02-19,32.93,2025-02-20,33.14,0.21,0.65,0.4,0.4,-0.32
CNP,2024-10-28,Pre-Market (BMO),2024-10-25,28.12,2024-10-28,28.61,0.49,1.74,0.31,0.31,0.31
CNP,2024-07-30,Pre-Market (BMO),2024-07-29,27.79,2024-07-30,27.84,0.05,0.17,0.32,0.36,11.45
CNP,2024-04-30,Pre-Market (BMO),2024-04-29,27.63,2024-04-30,27.36,-0.26,-0.96,0.52,0.55,4.84
CNP,2024-02-20,Pre-Market (BMO),2024-02-16,26.36,2024-02-20,26.37,0.01,0.04,0.32,0.32,-0.13
CNP,2023-10-26,Pre-Market (BMO),2023-10-25,25.59,2023-10-26,25.92,0.34,1.31,0.36,0.4,12.56
CNP,2023-07-27,Pre-Market (BMO),2023-07-26,28.88,2023-07-27,28.92,0.05,0.16,0.27,0.28,4.58
COF,2026-07-21,After-Hours (AMC),2026-07-21,206.22,2026-07-22,207.53,1.31,0.64,4.69,5.81,23.79
COF,2026-04-21,After-Hours (AMC),2026-04-21,201.63,2026-04-22,201.63,0.0,0.0,4.57,4.42,-3.34
COF,2026-01-22,After-Hours (AMC),2026-01-22,233.17,2026-01-23,221.98,-11.19,-4.8,4.14,3.86,-6.83
COF,2025-10-21,After-Hours (AMC),2025-10-21,214.48,2025-10-22,224.32,9.84,4.59,4.36,5.95,36.42
COF,2025-07-22,After-Hours (AMC),2025-07-22,214.27,2025-07-23,224.55,10.29,4.8,3.72,5.48,47.43
COF,2025-04-22,After-Hours (AMC),2025-04-22,167.2,2025-04-23,173.88,6.68,4.0,3.65,4.06,11.19
COF,2025-01-21,After-Hours (AMC),2025-01-21,189.24,2025-01-22,192.69,3.46,1.83,2.8,3.09,10.37
COF,2024-10-24,After-Hours (AMC),2024-10-24,149.62,2024-10-25,160.38,10.76,7.19,3.76,4.51,19.97
COF,2024-07-23,After-Hours (AMC),2024-07-23,141.42,2024-07-24,139.64,-1.78,-1.26,3.39,3.14,-7.4
COF,2024-04-25,After-Hours (AMC),2024-04-25,141.27,2024-04-26,140.49,-0.78,-0.55,3.38,3.21,-4.9
COF,2024-01-25,After-Hours (AMC),2024-01-25,127.72,2024-01-26,127.72,0.0,0.0,2.67,2.24,-15.96
COF,2023-10-26,After-Hours (AMC),2023-10-26,85.75,2023-10-27,92.44,6.69,7.8,3.24,4.45,37.56
COHR,2026-05-06,After-Hours (AMC),2026-05-06,344.67,2026-05-07,328.84,-15.83,-4.59,1.39,1.41,1.12
COHR,2026-02-04,After-Hours (AMC),2026-02-04,211.0,2026-02-05,179.11,-31.89,-15.11,1.21,1.29,6.82
COHR,2025-11-05,After-Hours (AMC),2025-11-05,134.63,2025-11-06,153.7,19.07,14.16,1.04,1.16,11.27
COHR,2025-08-13,After-Hours (AMC),2025-08-13,114.01,2025-08-14,91.1,-22.91,-20.09,0.92,1.0,8.7
COHR,2025-05-07,After-Hours (AMC),2025-05-07,69.62,2025-05-08,72.89,3.27,4.7,0.86,0.91,6.24
COHR,2025-02-05,After-Hours (AMC),2025-02-05,90.1,2025-02-06,103.25,13.15,14.59,0.67,0.95,41.04
COHR,2024-11-06,After-Hours (AMC),2024-11-06,99.43,2024-11-07,103.0,3.57,3.59,0.61,0.74,20.52
COHR,2024-08-15,After-Hours (AMC),2024-08-15,71.28,2024-08-16,74.0,2.72,3.82,0.6,0.61,2.18
COHR,2024-05-07,Pre-Market (BMO),2024-05-06,57.92,2024-05-07,61.0,3.08,5.32,0.42,0.53,25.58
COHR,2024-02-05,After-Hours (AMC),2024-02-05,49.42,2024-02-06,58.48,9.06,18.33,0.26,0.36,40.91
COHR,2023-11-07,Pre-Market (BMO),2023-11-06,32.82,2023-11-07,33.18,0.36,1.1,0.12,0.16,32.67
COHR,2023-08-16,Pre-Market (BMO),2023-08-15,47.01,2023-08-16,35.74,-11.27,-23.97,0.38,0.41,9.19
COIN,2026-05-07,After-Hours (AMC),2026-05-07,192.96,2026-05-08,186.05,-6.91,-3.58,0.04,-1.49,-3458.88
COIN,2026-02-12,After-Hours (AMC),2026-02-12,141.09,2026-02-13,153.7,12.61,8.94,0.94,-2.49,-364.89
COIN,2025-10-30,After-Hours (AMC),2025-10-30,328.51,2025-10-31,336.0,7.49,2.28,1.13,1.5,32.31
COIN,2025-07-31,After-Hours (AMC),2025-07-31,377.76,2025-08-01,335.14,-42.62,-11.28,1.49,5.14,245.59
COIN,2025-05-08,After-Hours (AMC),2025-05-08,206.5,2025-05-09,204.52,-1.98,-0.96,1.9,0.24,-87.38
COIN,2025-02-13,After-Hours (AMC),2025-02-13,298.11,2025-02-14,288.02,-10.09,-3.38,2.04,4.68,128.96
COIN,2024-10-30,After-Hours (AMC),2024-10-30,211.74,2024-10-31,203.73,-8.01,-3.78,0.42,0.28,-33.33
COIN,2024-08-01,After-Hours (AMC),2024-08-01,212.64,2024-08-02,213.12,0.48,0.23,0.8,0.14,-82.45
COIN,2024-05-02,After-Hours (AMC),2024-05-02,228.85,2024-05-03,230.9,2.05,0.9,1.27,4.4,245.1
COIN,2024-02-15,After-Hours (AMC),2024-02-15,165.67,2024-02-16,189.05,23.38,14.11,0.2,1.04,420.0
COIN,2023-11-02,After-Hours (AMC),2023-11-02,84.6,2023-11-03,83.79,-0.81,-0.96,-0.53,-0.01,98.13
COIN,2023-08-03,After-Hours (AMC),2023-08-03,90.75,2023-08-04,89.0,-1.75,-1.93,-0.76,-0.42,44.98
COO,2026-06-04,After-Hours (AMC),2026-06-04,62.02,2026-06-05,65.24,3.22,5.19,1.09,1.21,10.52
COO,2026-03-05,After-Hours (AMC),2026-03-05,80.2,2026-03-06,77.0,-3.2,-3.99,1.03,1.1,7.05
COO,2025-12-04,After-Hours (AMC),2025-12-04,77.03,2025-12-05,89.66,12.63,16.4,1.11,1.15,3.29
COO,2025-08-27,After-Hours (AMC),2025-08-27,74.11,2025-08-28,62.27,-11.84,-15.98,1.07,1.1,3.04
COO,2025-05-29,After-Hours (AMC),2025-05-29,79.96,2025-05-30,71.98,-7.98,-9.98,0.93,0.96,3.31
COO,2025-03-06,After-Hours (AMC),2025-03-06,90.98,2025-03-07,86.18,-4.8,-5.28,0.91,0.92,0.93
COO,2024-12-05,After-Hours (AMC),2024-12-05,103.23,2024-12-06,99.39,-3.84,-3.72,1.0,1.04,4.01
COO,2024-08-28,After-Hours (AMC),2024-08-28,94.54,2024-08-29,104.1,9.56,10.11,0.91,0.96,5.42
COO,2024-05-30,After-Hours (AMC),2024-05-30,90.23,2024-05-31,96.0,5.77,6.39,0.83,0.85,2.59
COO,2024-02-29,After-Hours (AMC),2024-02-29,93.6,2024-03-01,102.04,8.44,9.02,0.78,0.85,8.47
COO,2023-12-07,After-Hours (AMC),2023-12-07,86.24,2023-12-08,86.0,-0.24,-0.28,0.87,0.87,-0.39
COO,2023-08-30,After-Hours (AMC),2023-08-30,95.21,2023-08-31,94.57,-0.64,-0.67,0.84,0.84,0.27
COP,2026-04-30,Pre-Market (BMO),2026-04-29,127.3,2026-04-30,123.62,-3.68,-2.89,1.69,1.89,11.52
COP,2026-02-05,Pre-Market (BMO),2026-02-04,105.97,2026-02-05,105.34,-0.63,-0.59,1.09,1.02,-6.47
COP,2025-11-06,Pre-Market (BMO),2025-11-05,85.59,2025-11-06,84.9,-0.68,-0.8,1.41,1.61,14.05
COP,2025-08-07,Pre-Market (BMO),2025-08-06,90.12,2025-08-07,89.09,-1.04,-1.15,1.36,1.42,4.71
COP,2025-05-08,Pre-Market (BMO),2025-05-07,84.18,2025-05-08,85.76,1.58,1.88,2.05,2.09,1.98
COP,2025-02-06,Pre-Market (BMO),2025-02-05,95.4,2025-02-06,94.15,-1.26,-1.32,1.83,1.98,7.92
COP,2024-10-31,Pre-Market (BMO),2024-10-30,97.36,2024-10-31,101.13,3.77,3.87,1.64,1.78,8.49
COP,2024-08-01,Pre-Market (BMO),2024-07-31,104.38,2024-08-01,105.55,1.17,1.12,1.95,1.98,1.67
COP,2024-05-02,Pre-Market (BMO),2024-05-01,115.97,2024-05-02,116.33,0.35,0.31,2.03,2.03,0.15
COP,2024-02-08,Pre-Market (BMO),2024-02-07,104.02,2024-02-08,104.75,0.73,0.7,2.17,2.4,10.7
COP,2023-11-02,Pre-Market (BMO),2023-11-01,107.5,2023-11-02,108.61,1.11,1.03,2.09,2.16,3.3
COP,2023-08-03,Pre-Market (BMO),2023-08-02,105.52,2023-08-03,104.9,-0.62,-0.59,1.96,1.84,-6.04
COR,2026-05-06,Pre-Market (BMO),2026-05-05,305.2,2026-05-06,267.4,-37.79,-12.38,4.73,4.75,0.48
COR,2026-02-04,Pre-Market (BMO),2026-02-03,360.3,2026-02-04,343.62,-16.68,-4.63,4.04,4.08,0.99
COR,2025-11-05,Pre-Market (BMO),2025-11-04,342.59,2025-11-05,351.76,9.17,2.68,3.79,3.84,1.44
COR,2025-08-06,Pre-Market (BMO),2025-08-05,290.16,2025-08-06,280.0,-10.16,-3.5,3.84,4.0,4.24
COR,2025-05-07,Pre-Market (BMO),2025-05-06,288.08,2025-05-07,292.78,4.71,1.63,4.1,4.42,7.92
COR,2025-02-05,Pre-Market (BMO),2025-02-04,248.64,2025-02-05,251.37,2.73,1.1,3.52,3.73,5.96
COR,2024-11-06,Pre-Market (BMO),2024-11-05,230.75,2024-11-06,233.52,2.77,1.2,3.23,3.34,3.47
COR,2024-07-31,Pre-Market (BMO),2024-07-30,227.34,2024-07-31,234.75,7.41,3.26,3.22,3.34,3.75
COR,2024-05-01,Pre-Market (BMO),2024-04-30,234.69,2024-05-01,224.97,-9.72,-4.14,3.69,3.8,2.89
COR,2024-01-31,Pre-Market (BMO),2024-01-30,216.05,2024-01-31,223.36,7.32,3.39,2.89,3.28,13.46
COR,2023-11-02,Pre-Market (BMO),2023-11-01,182.95,2023-11-02,181.84,-1.1,-0.6,2.81,2.86,1.92
COR,2023-08-02,Pre-Market (BMO),2023-08-01,184.29,2023-08-02,183.1,-1.19,-0.65,2.83,2.92,3.35
COST,2026-05-28,After-Hours (AMC),2026-05-28,993.62,2026-05-29,985.0,-8.62,-0.87,4.97,4.93,-0.85
COST,2026-03-05,After-Hours (AMC),2026-03-05,979.59,2026-03-06,964.08,-15.51,-1.58,4.55,4.58,0.71
COST,2025-12-11,After-Hours (AMC),2025-12-11,880.59,2025-12-12,879.42,-1.17,-0.13,4.27,4.5,5.49
COST,2025-09-25,After-Hours (AMC),2025-09-25,937.84,2025-09-26,920.18,-17.66,-1.88,5.8,5.87,1.13
COST,2025-05-29,After-Hours (AMC),2025-05-29,1001.5,2025-05-30,995.11,-6.39,-0.64,4.23,4.28,1.23
COST,2025-03-06,After-Hours (AMC),2025-03-06,1017.93,2025-03-07,986.72,-31.2,-3.07,4.1,4.02,-1.85
COST,2024-12-12,After-Hours (AMC),2024-12-12,978.94,2024-12-13,971.62,-7.32,-0.75,3.8,4.04,6.43
COST,2024-09-26,After-Hours (AMC),2024-09-26,891.64,2024-09-27,883.54,-8.09,-0.91,5.08,5.15,1.41
COST,2024-06-06,Pre-Market (BMO),2024-06-05,824.05,2024-06-06,825.16,1.11,0.13,3.76,3.78,0.43
COST,2024-03-07,After-Hours (AMC),2024-03-07,774.7,2024-03-08,745.57,-29.13,-3.76,3.64,3.71,2.02
COST,2023-12-14,After-Hours (AMC),2023-12-14,607.31,2023-12-15,617.63,10.32,1.7,3.42,3.58,4.83
COST,2023-09-26,After-Hours (AMC),2023-09-26,531.41,2023-09-27,526.05,-5.36,-1.01,4.78,4.86,1.76
CPRT,2026-05-21,After-Hours (AMC),2026-05-21,34.4,2026-05-22,34.18,-0.22,-0.64,0.41,0.43,5.71
CPRT,2026-02-19,After-Hours (AMC),2026-02-19,37.65,2026-02-20,34.3,-3.35,-8.9,0.39,0.36,-8.12
CPRT,2025-11-20,After-Hours (AMC),2025-11-20,41.02,2025-11-21,40.11,-0.91,-2.22,0.39,0.41,5.09
CPRT,2025-09-04,After-Hours (AMC),2025-09-04,49.97,2025-09-05,48.76,-1.21,-2.42,0.36,0.41,13.29
CPRT,2025-05-22,After-Hours (AMC),2025-05-22,60.66,2025-05-23,57.44,-3.22,-5.31,0.42,0.42,0.78
CPRT,2025-02-20,After-Hours (AMC),2025-02-20,58.22,2025-02-21,58.73,0.51,0.88,0.37,0.4,7.52
CPRT,2024-11-21,After-Hours (AMC),2024-11-21,56.9,2024-11-22,59.82,2.92,5.13,0.37,0.37,0.94
CPRT,2024-09-04,After-Hours (AMC),2024-09-04,53.05,2024-09-05,50.0,-3.05,-5.75,0.37,0.33,-9.87
CPRT,2024-05-16,After-Hours (AMC),2024-05-16,54.58,2024-05-17,53.58,-1.0,-1.83,0.39,0.39,0.98
CPRT,2024-02-22,After-Hours (AMC),2024-02-22,49.41,2024-02-23,48.94,-0.47,-0.95,0.34,0.33,-4.25
CPRT,2023-11-16,After-Hours (AMC),2023-11-16,49.31,2023-11-17,51.23,1.92,3.89,0.32,0.34,4.65
CPRT,2023-09-14,After-Hours (AMC),2023-09-14,44.85,2023-09-15,44.78,-0.07,-0.16,0.32,0.34,4.82
CRH,2026-04-30,Pre-Market (BMO),2026-04-29,113.03,2026-04-30,114.84,1.81,1.6,-0.23,-0.21,8.1
CRH,2026-02-18,After-Hours (AMC),2026-02-18,123.86,2026-02-19,120.78,-3.08,-2.48,1.53,1.51,-1.79
CRH,2025-11-05,After-Hours (AMC),2025-11-05,114.85,2025-11-06,112.4,-2.44,-2.13,2.21,2.23,0.93
CRH,2025-08-06,After-Hours (AMC),2025-08-06,96.9,2025-08-07,105.37,8.47,8.74,1.94,1.96,0.89
CRH,2025-05-05,After-Hours (AMC),2025-05-05,97.17,2025-05-06,93.34,-3.83,-3.94,-0.09,-0.12,-38.03
CRH,2025-02-26,After-Hours (AMC),2025-02-26,100.81,2025-02-27,98.96,-1.85,-1.84,1.42,1.18,-16.82
CRH,2024-11-07,Pre-Market (BMO),2024-11-06,98.13,2024-11-07,100.2,2.07,2.11,2.09,1.97,-5.91
CRH,2024-08-08,Pre-Market (BMO),2024-08-07,74.4,2024-08-08,80.0,5.59,7.52,1.79,1.86,3.85
CRH,2024-05-10,Pre-Market (BMO),2024-05-09,78.2,2024-05-10,81.87,3.67,4.69,-0.06,-0.04,39.5
CRM,2026-05-27,After-Hours (AMC),2026-05-27,177.05,2026-05-28,177.97,0.92,0.52,3.13,3.88,24.07
CRM,2026-02-25,After-Hours (AMC),2026-02-25,190.78,2026-02-26,195.76,4.98,2.61,3.05,3.81,24.85
CRM,2025-12-03,After-Hours (AMC),2025-12-03,237.13,2025-12-04,242.07,4.94,2.08,2.86,3.25,13.55
CRM,2025-09-03,After-Hours (AMC),2025-09-03,254.3,2025-09-04,238.05,-16.25,-6.39,2.78,2.91,4.7
CRM,2025-05-28,After-Hours (AMC),2025-05-28,273.28,2025-05-29,260.96,-12.32,-4.51,2.55,2.58,1.31
CRM,2025-02-26,After-Hours (AMC),2025-02-26,303.79,2025-02-27,292.93,-10.86,-3.58,2.61,2.78,6.43
CRM,2024-12-03,After-Hours (AMC),2024-12-03,327.24,2024-12-04,362.17,34.93,10.67,2.45,2.41,-1.47
CRM,2024-08-28,After-Hours (AMC),2024-08-28,255.23,2024-08-29,267.16,11.94,4.68,2.36,2.56,8.63
CRM,2024-05-29,After-Hours (AMC),2024-05-29,267.35,2024-05-30,219.89,-47.46,-17.75,2.37,2.44,2.75
CRM,2024-02-28,After-Hours (AMC),2024-02-28,294.67,2024-02-29,294.9,0.23,0.08,2.27,2.29,0.96
CRM,2023-11-29,After-Hours (AMC),2023-11-29,226.43,2023-11-30,244.81,18.38,8.12,2.06,2.11,2.52
CRM,2023-08-30,After-Hours (AMC),2023-08-30,211.38,2023-08-31,224.12,12.74,6.03,1.9,2.12,11.45
CRWD,2026-06-03,After-Hours (AMC),2026-06-03,186.9,2026-06-04,168.52,-18.38,-9.84,0.27,0.28,3.05
CRWD,2026-03-03,After-Hours (AMC),2026-03-03,97.86,2026-03-04,96.55,-1.31,-1.34,0.28,0.28,1.56
CRWD,2025-12-02,After-Hours (AMC),2025-12-02,129.14,2025-12-03,124.5,-4.64,-3.59,0.24,0.24,1.98
CRWD,2025-08-27,After-Hours (AMC),2025-08-27,105.65,2025-08-28,102.5,-3.15,-2.98,0.21,0.23,12.05
CRWD,2025-06-03,After-Hours (AMC),2025-06-03,122.19,2025-06-04,113.69,-8.5,-6.96,0.16,0.18,10.62
CRWD,2025-03-04,After-Hours (AMC),2025-03-04,97.54,2025-03-05,90.42,-7.12,-7.3,0.21,0.26,19.85
CRWD,2024-11-26,After-Hours (AMC),2024-11-26,91.07,2024-11-27,89.81,-1.27,-1.39,0.2,0.23,14.94
CRWD,2024-08-28,After-Hours (AMC),2024-08-28,66.05,2024-08-29,65.5,-0.55,-0.83,0.24,0.26,7.74
CRWD,2024-06-04,After-Hours (AMC),2024-06-04,76.39,2024-06-05,83.65,7.26,9.5,0.22,0.23,4.38
CRWD,2024-03-05,After-Hours (AMC),2024-03-05,74.39,2024-03-06,90.01,15.62,21.0,0.21,0.24,15.29
CRWD,2023-11-28,After-Hours (AMC),2023-11-28,53.09,2023-11-29,55.0,1.91,3.6,0.18,0.21,10.85
CRWD,2023-08-30,After-Hours (AMC),2023-08-30,37.29,2023-08-31,38.53,1.23,3.3,0.14,0.19,32.62
CSCO,2026-05-13,After-Hours (AMC),2026-05-13,101.49,2026-05-14,117.11,15.62,15.39,1.04,1.06,2.29
CSCO,2026-02-11,After-Hours (AMC),2026-02-11,84.76,2026-02-12,78.89,-5.88,-6.93,1.02,1.04,1.75
CSCO,2025-11-12,After-Hours (AMC),2025-11-12,72.9,2025-11-13,76.83,3.93,5.39,0.98,1.0,1.82
CSCO,2025-08-13,After-Hours (AMC),2025-08-13,68.97,2025-08-14,66.62,-2.35,-3.41,0.98,0.99,1.3
CSCO,2025-05-14,After-Hours (AMC),2025-05-14,59.69,2025-05-15,61.42,1.73,2.9,0.92,0.96,4.64
CSCO,2025-02-12,After-Hours (AMC),2025-02-12,60.49,2025-02-13,63.95,3.45,5.71,0.91,0.94,3.41
CSCO,2024-11-13,After-Hours (AMC),2024-11-13,56.86,2024-11-14,56.68,-0.18,-0.32,0.87,0.91,4.47
CSCO,2024-08-14,After-Hours (AMC),2024-08-14,43.33,2024-08-15,46.49,3.16,7.28,0.85,0.87,2.49
CSCO,2024-05-15,After-Hours (AMC),2024-05-15,46.96,2024-05-16,47.35,0.39,0.83,0.82,0.88,7.71
CSCO,2024-02-14,After-Hours (AMC),2024-02-14,47.15,2024-02-15,45.26,-1.89,-4.02,0.84,0.87,3.96
CSCO,2023-11-15,After-Hours (AMC),2023-11-15,49.58,2023-11-16,44.12,-5.46,-11.02,1.03,1.11,7.71
CSCO,2023-08-16,After-Hours (AMC),2023-08-16,48.93,2023-08-17,50.3,1.37,2.79,1.06,1.14,7.68
CSGP,2026-04-28,After-Hours (AMC),2026-04-28,35.96,2026-04-29,35.65,-0.31,-0.86,0.18,0.23,24.8
CSGP,2026-02-24,After-Hours (AMC),2026-02-24,49.15,2026-02-25,46.59,-2.56,-5.21,0.27,0.31,13.82
CSGP,2025-10-28,After-Hours (AMC),2025-10-28,78.23,2025-10-29,72.34,-5.89,-7.53,0.19,0.23,21.82
CSGP,2025-07-22,After-Hours (AMC),2025-07-22,85.16,2025-07-23,88.24,3.08,3.62,0.14,0.17,23.4
CSGP,2025-04-29,After-Hours (AMC),2025-04-29,82.7,2025-04-30,81.34,-1.36,-1.64,0.11,0.15,43.86
CSGP,2025-02-18,After-Hours (AMC),2025-02-18,75.46,2025-02-19,72.83,-2.63,-3.49,0.23,0.26,15.63
CSGP,2024-10-22,After-Hours (AMC),2024-10-22,76.87,2024-10-23,72.44,-4.43,-5.76,0.16,0.22,35.5
CSGP,2024-07-23,After-Hours (AMC),2024-07-23,74.84,2024-07-24,75.36,0.52,0.69,0.09,0.15,63.27
CSGP,2024-04-22,After-Hours (AMC),2024-04-22,85.31,2024-04-23,85.53,0.22,0.26,0.07,0.1,51.86
CSGP,2024-02-20,After-Hours (AMC),2024-02-20,81.24,2024-02-21,82.73,1.49,1.83,0.32,0.33,3.95
CSGP,2023-10-24,After-Hours (AMC),2023-10-24,74.17,2023-10-25,68.0,-6.17,-8.32,0.3,0.3,1.39
CSX,2026-07-22,After-Hours (AMC),2026-07-22,49.93,2026-07-23,51.96,2.03,4.07,0.52,0.54,4.19
CSX,2026-04-22,After-Hours (AMC),2026-04-22,43.05,2026-04-23,45.33,2.28,5.3,0.39,0.43,10.6
CSX,2026-01-22,After-Hours (AMC),2026-01-22,35.55,2026-01-23,36.73,1.17,3.3,0.41,0.39,-5.32
CSX,2025-10-16,After-Hours (AMC),2025-10-16,35.63,2025-10-17,36.51,0.88,2.47,0.42,0.44,3.79
CSX,2025-07-23,After-Hours (AMC),2025-07-23,34.48,2025-07-24,35.86,1.38,4.0,0.42,0.44,5.7
CSX,2025-04-16,After-Hours (AMC),2025-04-16,26.86,2025-04-17,26.8,-0.06,-0.22,0.37,0.34,-7.67
CSX,2025-01-23,After-Hours (AMC),2025-01-23,32.93,2025-01-24,31.35,-1.58,-4.81,0.42,0.42,0.01
CSX,2024-10-16,After-Hours (AMC),2024-10-16,34.58,2024-10-17,33.05,-1.53,-4.43,0.48,0.46,-3.6
CSX,2024-08-05,After-Hours (AMC),2024-08-05,32.05,2024-08-06,31.22,-0.84,-2.61,0.48,0.49,2.55
CSX,2024-04-17,After-Hours (AMC),2024-04-17,33.06,2024-04-18,33.63,0.57,1.73,0.45,0.46,1.7
CSX,2024-01-24,After-Hours (AMC),2024-01-24,33.18,2024-01-25,33.3,0.13,0.38,0.44,0.45,1.86
CSX,2023-10-19,After-Hours (AMC),2023-10-19,29.36,2023-10-20,30.03,0.66,2.26,0.43,0.42,-2.01
CTAS,2026-07-15,Pre-Market (BMO),2026-07-14,184.33,2026-07-15,187.99,3.66,1.99,1.23,1.26,2.35
CTAS,2026-03-25,Pre-Market (BMO),2026-03-24,177.65,2026-03-25,183.68,6.03,3.4,1.24,1.24,0.06
CTAS,2025-12-18,Pre-Market (BMO),2025-12-17,186.43,2025-12-18,191.12,4.69,2.51,1.19,1.21,1.3
CTAS,2025-09-24,Pre-Market (BMO),2025-09-23,199.11,2025-09-24,195.58,-3.53,-1.77,1.19,1.2,0.74
CTAS,2025-07-17,Pre-Market (BMO),2025-07-16,212.01,2025-07-17,209.48,-2.53,-1.19,1.07,1.09,1.75
CTAS,2025-03-26,Pre-Market (BMO),2025-03-25,191.29,2025-03-26,202.25,10.96,5.73,1.05,1.13,7.4
CTAS,2024-12-19,Pre-Market (BMO),2024-12-18,201.72,2024-12-19,190.14,-11.58,-5.74,1.01,1.09,7.53
CTAS,2024-09-25,Pre-Market (BMO),2024-09-24,201.81,2024-09-25,205.01,3.2,1.59,1.0,1.1,10.19
CTAS,2024-07-18,Pre-Market (BMO),2024-07-17,176.91,2024-07-18,189.19,12.28,6.94,0.95,1.0,5.14
CTAS,2024-03-27,Pre-Market (BMO),2024-03-26,155.38,2024-03-27,161.53,6.16,3.96,0.9,0.96,7.12
CTAS,2023-12-21,Pre-Market (BMO),2023-12-20,135.51,2023-12-21,141.22,5.71,4.22,0.87,0.9,3.52
CTAS,2023-09-26,Pre-Market (BMO),2023-09-25,123.42,2023-09-26,122.03,-1.38,-1.12,0.92,0.93,0.47
CTSH,2026-04-29,Pre-Market (BMO),2026-04-28,54.73,2026-04-29,53.21,-1.52,-2.78,1.33,1.4,4.98
CTSH,2026-02-04,Pre-Market (BMO),2026-02-03,73.6,2026-02-04,72.23,-1.37,-1.87,1.32,1.35,2.02
CTSH,2025-10-29,Pre-Market (BMO),2025-10-28,66.71,2025-10-29,73.95,7.24,10.85,1.3,1.39,6.73
CTSH,2025-07-30,After-Hours (AMC),2025-07-30,72.01,2025-07-31,71.84,-0.17,-0.23,1.26,1.31,3.99
CTSH,2025-04-30,After-Hours (AMC),2025-04-30,71.77,2025-05-01,74.84,3.06,4.27,1.2,1.23,2.55
CTSH,2025-02-05,After-Hours (AMC),2025-02-05,81.28,2025-02-06,81.85,0.57,0.71,1.13,1.21,7.55
CTSH,2024-10-30,After-Hours (AMC),2024-10-30,72.0,2024-10-31,75.37,3.37,4.68,1.15,1.25,9.03
CTSH,2024-07-31,After-Hours (AMC),2024-07-31,73.0,2024-08-01,75.24,2.24,3.07,1.12,1.17,4.62
CTSH,2024-05-01,After-Hours (AMC),2024-05-01,62.79,2024-05-02,64.74,1.95,3.11,1.11,1.12,1.05
CTSH,2024-02-06,After-Hours (AMC),2024-02-06,75.33,2024-02-07,72.37,-2.96,-3.92,1.04,1.18,13.94
CTSH,2023-11-01,After-Hours (AMC),2023-11-01,61.9,2023-11-02,59.65,-2.25,-3.63,1.09,1.16,6.39
CTSH,2023-08-02,After-Hours (AMC),2023-08-02,62.0,2023-08-03,66.42,4.42,7.13,0.99,1.1,11.37
CTVA,2026-05-05,After-Hours (AMC),2026-05-05,83.71,2026-05-06,82.05,-1.66,-1.98,1.18,1.5,27.11
CTVA,2026-02-03,After-Hours (AMC),2026-02-03,74.7,2026-02-04,72.76,-1.94,-2.6,0.22,0.22,-1.6
CTVA,2025-11-04,After-Hours (AMC),2025-11-04,62.05,2025-11-05,64.23,2.18,3.52,-0.47,-0.23,50.61
CTVA,2025-08-06,After-Hours (AMC),2025-08-06,70.49,2025-08-07,69.83,-0.65,-0.93,1.88,2.2,17.09
CTVA,2025-05-07,After-Hours (AMC),2025-05-07,61.73,2025-05-08,63.86,2.12,3.44,0.88,1.13,28.24
CTVA,2025-02-05,After-Hours (AMC),2025-02-05,62.89,2025-02-06,62.64,-0.25,-0.39,0.31,0.32,2.51
CTVA,2024-11-06,After-Hours (AMC),2024-11-06,60.67,2024-11-07,56.99,-3.68,-6.06,-0.3,-0.49,-64.42
CTVA,2024-07-31,After-Hours (AMC),2024-07-31,54.96,2024-08-01,52.87,-2.1,-3.81,1.72,1.83,6.16
CTVA,2024-05-01,After-Hours (AMC),2024-05-01,52.67,2024-05-02,55.68,3.02,5.73,0.83,0.89,7.31
CTVA,2024-01-31,After-Hours (AMC),2024-01-31,44.3,2024-02-01,55.02,10.72,24.21,0.06,0.15,170.03
CTVA,2023-10-27,Pre-Market (BMO),2023-10-26,47.28,2023-10-27,46.1,-1.17,-2.48,-0.26,-0.23,9.97
CTVA,2023-08-03,After-Hours (AMC),2023-08-03,53.89,2023-08-04,53.3,-0.59,-1.1,1.58,1.6,1.2
CVNA,2026-04-29,After-Hours (AMC),2026-04-29,79.32,2026-04-30,83.91,4.6,5.79,0.3,0.34,11.71
CVNA,2026-02-18,After-Hours (AMC),2026-02-18,72.31,2026-02-19,68.38,-3.93,-5.43,0.24,0.84,258.98
CVNA,2025-10-29,After-Hours (AMC),2025-10-29,70.79,2025-10-30,62.42,-8.37,-11.82,0.26,0.21,-21.97
CVNA,2025-07-30,After-Hours (AMC),2025-07-30,66.72,2025-07-31,78.05,11.33,16.98,0.21,0.26,21.62
CVNA,2025-05-07,After-Hours (AMC),2025-05-07,51.83,2025-05-08,55.14,3.31,6.38,0.15,0.3,102.14
CVNA,2025-02-19,After-Hours (AMC),2025-02-19,56.36,2025-02-20,52.98,-3.39,-6.01,0.05,0.12,128.48
CVNA,2024-10-30,After-Hours (AMC),2024-10-30,41.46,2024-10-31,47.64,6.18,14.9,0.04,0.13,184.82
CVNA,2024-07-31,After-Hours (AMC),2024-07-31,26.65,2024-08-01,29.47,2.82,10.59,-0.02,0.08,424.08
CVNA,2024-05-01,After-Hours (AMC),2024-05-01,17.42,2024-05-02,23.99,6.57,37.73,-0.15,0.05,131.12
CVNA,2024-02-22,After-Hours (AMC),2024-02-22,10.48,2024-02-23,13.57,3.09,29.43,-0.18,-0.35,-90.67
CVNA,2023-11-02,After-Hours (AMC),2023-11-02,5.98,2023-11-03,5.74,-0.24,-4.08,-0.16,-0.14,15.39
CVS,2026-05-06,Pre-Market (BMO),2026-05-05,80.19,2026-05-06,84.98,4.79,5.97,2.21,2.57,16.48
CVS,2026-02-10,Pre-Market (BMO),2026-02-09,74.65,2026-02-10,72.68,-1.97,-2.64,1.0,1.09,9.38
CVS,2025-10-29,Pre-Market (BMO),2025-10-28,80.32,2025-10-29,80.62,0.29,0.36,1.36,1.6,17.93
CVS,2025-07-31,Pre-Market (BMO),2025-07-30,60.38,2025-07-31,63.49,3.11,5.15,1.46,1.81,23.85
CVS,2025-05-01,Pre-Market (BMO),2025-04-30,63.96,2025-05-01,69.51,5.55,8.68,1.67,2.25,34.49
CVS,2025-02-12,Pre-Market (BMO),2025-02-11,52.19,2025-02-12,57.52,5.32,10.2,0.92,1.19,29.56
CVS,2024-11-06,Pre-Market (BMO),2024-11-05,51.86,2024-11-06,57.82,5.96,11.49,1.46,1.09,-25.23
CVS,2024-08-07,Pre-Market (BMO),2024-08-06,54.07,2024-08-07,53.75,-0.32,-0.58,1.73,1.83,5.95
CVS,2024-05-01,Pre-Market (BMO),2024-04-30,62.05,2024-05-01,51.32,-10.73,-17.29,1.7,1.31,-22.79
CVS,2024-02-07,Pre-Market (BMO),2024-02-06,66.95,2024-02-07,68.21,1.26,1.88,1.99,2.12,6.59
CVS,2023-11-01,Pre-Market (BMO),2023-10-31,62.07,2023-11-01,59.14,-2.93,-4.72,2.13,2.21,3.72
CVS,2023-08-02,Pre-Market (BMO),2023-08-01,65.95,2023-08-02,64.65,-1.3,-1.97,2.12,2.21,4.23
CVX,2026-05-01,Pre-Market (BMO),2026-04-30,191.56,2026-05-01,189.56,-1.99,-1.04,0.97,1.41,45.56
CVX,2026-01-30,Pre-Market (BMO),2026-01-29,167.99,2026-01-30,169.4,1.4,0.84,1.44,1.52,5.2
CVX,2025-10-31,Pre-Market (BMO),2025-10-30,148.99,2025-10-31,151.13,2.14,1.44,1.71,1.85,8.39
CVX,2025-08-01,Pre-Market (BMO),2025-07-31,145.54,2025-08-01,146.41,0.86,0.59,1.74,1.77,1.71
CVX,2025-05-02,Pre-Market (BMO),2025-05-01,129.21,2025-05-02,130.74,1.54,1.19,2.15,2.18,1.31
CVX,2025-01-31,Pre-Market (BMO),2025-01-30,146.6,2025-01-31,144.2,-2.4,-1.64,2.11,2.06,-2.28
CVX,2024-11-01,Pre-Market (BMO),2024-10-31,138.16,2024-11-01,141.56,3.4,2.46,2.42,2.51,3.86
CVX,2024-08-02,Pre-Market (BMO),2024-08-01,140.12,2024-08-02,138.75,-1.37,-0.98,3.0,2.55,-14.9
CVX,2024-04-26,Pre-Market (BMO),2024-04-25,150.23,2024-04-26,150.18,-0.05,-0.03,2.91,2.93,0.59
CVX,2024-02-02,Pre-Market (BMO),2024-02-01,132.97,2024-02-02,135.64,2.67,2.01,3.22,3.45,7.26
CVX,2023-10-27,Pre-Market (BMO),2023-10-26,137.69,2023-10-27,134.11,-3.59,-2.6,3.68,3.05,-17.07
D,2026-05-01,Pre-Market (BMO),2026-04-30,63.86,2026-05-01,63.86,-0.0,-0.0,0.91,0.95,4.37
D,2026-02-23,Pre-Market (BMO),2026-02-20,64.62,2026-02-23,64.83,0.22,0.33,0.67,0.68,1.4
D,2025-10-31,Pre-Market (BMO),2025-10-30,57.66,2025-10-31,57.87,0.21,0.37,0.95,1.06,11.84
D,2025-08-01,Pre-Market (BMO),2025-07-31,55.98,2025-08-01,56.58,0.6,1.08,0.68,0.75,10.69
D,2025-05-01,Pre-Market (BMO),2025-04-30,51.46,2025-05-01,53.6,2.14,4.16,0.76,0.93,23.16
D,2025-02-12,Pre-Market (BMO),2025-02-11,52.09,2025-02-12,51.7,-0.39,-0.75,0.55,0.58,4.6
D,2024-11-01,Pre-Market (BMO),2024-10-31,55.04,2024-11-01,55.41,0.37,0.67,0.93,0.98,5.45
D,2024-08-01,Pre-Market (BMO),2024-07-31,48.84,2024-08-01,48.96,0.12,0.24,0.57,0.65,14.4
D,2024-05-02,Pre-Market (BMO),2024-05-01,46.15,2024-05-02,47.06,0.91,1.97,0.52,0.55,6.56
D,2024-02-22,Pre-Market (BMO),2024-02-21,41.19,2024-02-22,40.59,-0.6,-1.45,0.36,0.29,-18.79
D,2023-11-03,Pre-Market (BMO),2023-11-02,36.03,2023-11-03,37.35,1.32,3.68,0.77,0.77,0.28
D,2023-08-04,Pre-Market (BMO),2023-08-03,43.9,2023-08-04,43.99,0.1,0.22,0.47,0.53,12.49
DAL,2026-07-10,Pre-Market (BMO),2026-07-09,89.0,2026-07-10,87.94,-1.06,-1.19,1.49,1.56,4.54
DAL,2026-04-08,Pre-Market (BMO),2026-04-07,65.29,2026-04-08,72.63,7.34,11.25,0.57,0.64,11.35
DAL,2026-01-13,Pre-Market (BMO),2026-01-12,70.48,2026-01-13,67.57,-2.91,-4.13,1.55,1.55,0.27
DAL,2025-10-09,Pre-Market (BMO),2025-10-08,56.5,2025-10-09,61.23,4.73,8.37,1.53,1.71,11.87
DAL,2025-07-10,Pre-Market (BMO),2025-07-09,49.98,2025-07-10,55.4,5.42,10.85,2.06,2.1,1.89
DAL,2025-04-09,Pre-Market (BMO),2025-04-08,35.26,2025-04-09,36.28,1.01,2.87,0.39,0.46,19.14
DAL,2025-01-10,Pre-Market (BMO),2025-01-08,60.22,2025-01-10,63.72,3.5,5.81,1.74,1.85,6.18
DAL,2024-10-10,Pre-Market (BMO),2024-10-09,49.84,2024-10-10,49.52,-0.31,-0.63,1.52,1.5,-1.16
DAL,2024-07-11,Pre-Market (BMO),2024-07-10,45.65,2024-07-11,41.9,-3.75,-8.22,2.38,2.36,-0.78
DAL,2024-04-10,Pre-Market (BMO),2024-04-09,46.01,2024-04-10,46.52,0.52,1.12,0.36,0.45,24.16
DAL,2024-01-12,Pre-Market (BMO),2024-01-11,40.99,2024-01-12,38.94,-2.05,-4.99,1.16,1.28,9.88
DAL,2023-10-12,Pre-Market (BMO),2023-10-11,34.9,2023-10-12,35.9,1.0,2.86,1.95,2.03,4.32
DASH,2026-05-06,After-Hours (AMC),2026-05-06,167.97,2026-05-07,181.82,13.85,8.25,1.06,1.14,7.71
DASH,2026-02-18,After-Hours (AMC),2026-02-18,173.38,2026-02-19,185.0,11.62,6.7,0.58,0.48,-17.73
DASH,2025-11-05,After-Hours (AMC),2025-11-05,238.0,2025-11-06,211.26,-26.74,-11.24,0.68,0.55,-18.73
DASH,2025-08-06,After-Hours (AMC),2025-08-06,258.08,2025-08-07,272.64,14.56,5.64,0.43,0.65,49.52
DASH,2025-05-06,Pre-Market (BMO),2025-05-05,205.4,2025-05-06,193.75,-11.65,-5.67,0.38,0.44,14.56
DASH,2025-02-11,After-Hours (AMC),2025-02-11,193.09,2025-02-12,198.0,4.91,2.54,0.33,0.33,-0.57
DASH,2024-10-30,After-Hours (AMC),2024-10-30,155.25,2024-10-31,164.31,9.06,5.84,0.81,1.05,29.63
DASH,2024-08-01,After-Hours (AMC),2024-08-01,108.2,2024-08-02,116.66,8.46,7.82,0.61,0.81,33.51
DASH,2024-05-01,After-Hours (AMC),2024-05-01,127.46,2024-05-02,117.25,-10.21,-8.01,0.57,0.66,16.49
DASH,2024-02-15,After-Hours (AMC),2024-02-15,126.27,2024-02-16,111.88,-14.39,-11.4,-0.13,-0.39,-197.26
DASH,2023-11-01,After-Hours (AMC),2023-11-01,75.9,2023-11-02,85.09,9.19,12.11,0.32,0.64,96.55
DASH,2023-08-02,After-Hours (AMC),2023-08-02,85.98,2023-08-03,86.29,0.31,0.36,0.28,0.49,74.57
DD,2026-05-05,Pre-Market (BMO),2026-05-04,135.69,2026-05-05,137.87,2.18,1.61,1.45,1.65,13.58
DD,2026-02-10,Pre-Market (BMO),2026-02-09,140.18,2026-02-10,143.84,3.66,2.61,1.29,1.38,6.6
DD,2025-11-06,Pre-Market (BMO),2025-11-05,117.35,2025-11-06,116.22,-1.13,-0.96,2.94,3.27,11.16
DD,2025-08-05,Pre-Market (BMO),2025-08-04,87.39,2025-08-05,93.32,5.93,6.78,3.18,3.36,5.54
DD,2025-05-02,Pre-Market (BMO),2025-05-01,80.92,2025-05-02,80.59,-0.33,-0.41,2.86,3.09,8.14
DD,2025-02-11,Pre-Market (BMO),2025-02-10,92.96,2025-02-11,97.22,4.27,4.59,2.94,3.39,15.33
DD,2024-11-05,Pre-Market (BMO),2024-11-04,99.32,2024-11-05,103.08,3.76,3.79,3.09,3.54,14.71
DD,2024-07-31,Pre-Market (BMO),2024-07-30,97.13,2024-07-31,101.22,4.09,4.22,2.56,2.91,13.65
DD,2024-05-01,Pre-Market (BMO),2024-04-30,87.17,2024-05-01,92.48,5.31,6.1,1.95,2.37,21.73
DD,2024-02-06,Pre-Market (BMO),2024-02-05,73.19,2024-02-06,77.04,3.85,5.26,2.53,2.61,3.07
DD,2023-11-01,Pre-Market (BMO),2023-10-31,86.7,2023-11-01,83.14,-3.57,-4.12,2.53,2.76,8.93
DD,2023-08-03,After-Hours (AMC),2023-08-03,91.76,2023-08-04,91.96,0.2,0.22,2.48,2.55,2.62
DDOG,2026-05-07,Pre-Market (BMO),2026-05-06,143.71,2026-05-07,187.99,44.28,30.81,0.51,0.6,18.25
DDOG,2026-02-10,Pre-Market (BMO),2026-02-09,114.01,2026-02-10,124.18,10.17,8.92,0.55,0.59,6.33
DDOG,2025-11-06,Pre-Market (BMO),2025-11-05,154.98,2025-11-06,178.89,23.91,15.43,0.46,0.55,20.33
DDOG,2025-08-07,Pre-Market (BMO),2025-08-06,136.96,2025-08-07,147.75,10.79,7.88,0.41,0.46,12.84
DDOG,2025-05-06,Pre-Market (BMO),2025-05-05,105.7,2025-05-06,104.67,-1.03,-0.97,0.42,0.46,8.45
DDOG,2025-02-13,Pre-Market (BMO),2025-02-12,148.09,2025-02-13,136.55,-11.54,-7.79,0.43,0.49,13.16
DDOG,2024-11-07,Pre-Market (BMO),2024-11-06,128.35,2024-11-07,126.87,-1.48,-1.15,0.4,0.46,16.43
DDOG,2024-08-08,Pre-Market (BMO),2024-08-07,108.04,2024-08-08,115.08,7.04,6.52,0.36,0.43,20.82
DDOG,2024-05-07,Pre-Market (BMO),2024-05-06,126.97,2024-05-07,113.26,-13.71,-10.8,0.35,0.44,25.83
DDOG,2024-02-13,Pre-Market (BMO),2024-02-12,134.85,2024-02-13,126.5,-8.35,-6.19,0.44,0.44,0.83
DDOG,2023-11-07,Pre-Market (BMO),2023-11-06,79.55,2023-11-07,98.99,19.44,24.44,0.34,0.45,33.46
DDOG,2023-08-08,Pre-Market (BMO),2023-08-07,106.3,2023-08-08,84.38,-21.92,-20.62,0.28,0.36,27.69
DE,2026-05-21,Pre-Market (BMO),2026-05-20,559.01,2026-05-21,545.77,-13.25,-2.37,5.7,6.55,15.01
DE,2026-02-19,Pre-Market (BMO),2026-02-18,590.01,2026-02-19,630.13,40.12,6.8,2.1,2.42,15.42
DE,2025-11-26,Pre-Market (BMO),2025-11-25,493.69,2025-11-26,472.87,-20.81,-4.22,3.83,3.93,2.5
DE,2025-08-14,Pre-Market (BMO),2025-08-13,507.19,2025-08-14,479.0,-28.19,-5.56,4.66,4.75,1.9
DE,2025-05-15,Pre-Market (BMO),2025-05-14,489.79,2025-05-15,509.34,19.54,3.99,5.62,6.64,18.05
DE,2025-02-13,Pre-Market (BMO),2025-02-12,467.55,2025-02-13,445.9,-21.64,-4.63,3.25,3.19,-1.81
DE,2024-11-21,Pre-Market (BMO),2024-11-20,395.78,2024-11-21,403.4,7.61,1.92,3.93,4.55,15.76
DE,2024-08-15,Pre-Market (BMO),2024-08-14,342.11,2024-08-15,349.83,7.71,2.25,5.79,6.29,8.57
DE,2024-05-16,Pre-Market (BMO),2024-05-15,401.64,2024-05-16,394.73,-6.92,-1.72,7.91,8.53,7.86
DE,2024-02-15,Pre-Market (BMO),2024-02-14,371.9,2024-02-15,354.81,-17.09,-4.59,5.25,6.23,18.68
DE,2023-11-22,Pre-Market (BMO),2023-11-21,368.49,2023-11-22,347.62,-20.87,-5.66,7.46,8.32,11.53
DE,2023-08-18,Pre-Market (BMO),2023-08-17,402.23,2023-08-18,391.24,-10.99,-2.73,8.18,10.2,24.66
DECK,2026-07-23,After-Hours (AMC),2026-07-23,96.23,2026-07-24,94.01,-2.22,-2.31,0.88,0.94,7.35
DECK,2026-05-21,After-Hours (AMC),2026-05-21,102.62,2026-05-22,102.05,-0.57,-0.56,0.83,0.96,15.21
DECK,2026-01-29,After-Hours (AMC),2026-01-29,99.9,2026-01-30,114.9,15.0,15.02,2.77,3.33,20.42
DECK,2025-10-23,After-Hours (AMC),2025-10-23,102.54,2025-10-24,88.5,-14.04,-13.69,1.58,1.82,14.89
DECK,2025-07-24,After-Hours (AMC),2025-07-24,104.94,2025-07-25,123.44,18.5,17.63,0.68,0.93,36.68
DECK,2025-05-22,After-Hours (AMC),2025-05-22,126.09,2025-05-23,97.94,-28.15,-22.33,0.61,1.0,65.07
DECK,2025-01-30,After-Hours (AMC),2025-01-30,223.11,2025-01-31,196.1,-27.01,-12.11,2.59,3.0,15.63
DECK,2024-10-24,After-Hours (AMC),2024-10-24,152.04,2024-10-25,169.95,17.91,11.78,1.24,1.59,28.31
DECK,2024-07-25,After-Hours (AMC),2024-07-25,140.25,2024-07-26,159.97,19.72,14.06,0.58,0.75,30.35
DECK,2024-05-23,After-Hours (AMC),2024-05-23,150.77,2024-05-24,169.15,18.38,12.19,0.5,0.83,65.03
DECK,2024-02-01,After-Hours (AMC),2024-02-01,128.81,2024-02-02,139.29,10.48,8.13,1.92,2.52,30.94
DECK,2023-10-26,After-Hours (AMC),2023-10-26,80.76,2023-10-27,90.86,10.1,12.51,0.74,1.14,53.7
DECK,2023-07-27,After-Hours (AMC),2023-07-27,89.5,2023-07-28,86.33,-3.17,-3.55,0.37,0.4,8.22
DELL,2026-05-28,After-Hours (AMC),2026-05-28,316.53,2026-05-29,417.31,100.78,31.84,2.96,4.86,63.99
DELL,2026-02-26,After-Hours (AMC),2026-02-26,120.88,2026-02-27,136.72,15.84,13.11,3.51,3.89,10.74
DELL,2025-11-25,After-Hours (AMC),2025-11-25,124.78,2025-11-26,132.37,7.59,6.08,2.48,2.59,4.55
DELL,2025-08-28,After-Hours (AMC),2025-08-28,132.36,2025-08-29,122.47,-9.89,-7.47,2.29,2.32,1.24
DELL,2025-05-29,After-Hours (AMC),2025-05-29,111.74,2025-05-30,110.61,-1.13,-1.01,1.69,1.55,-8.38
DELL,2025-02-27,After-Hours (AMC),2025-02-27,105.36,2025-02-28,98.65,-6.71,-6.37,2.52,2.68,6.42
DELL,2024-11-26,After-Hours (AMC),2024-11-26,137.95,2024-11-27,121.58,-16.37,-11.87,2.06,2.15,4.25
DELL,2024-08-29,After-Hours (AMC),2024-08-29,107.39,2024-08-30,111.87,4.48,4.17,1.71,1.89,10.22
DELL,2024-05-30,After-Hours (AMC),2024-05-30,164.22,2024-05-31,138.97,-25.24,-15.37,1.29,1.27,-1.92
DELL,2024-02-29,After-Hours (AMC),2024-02-29,91.13,2024-03-01,120.02,28.89,31.7,1.72,2.2,27.92
DELL,2023-11-30,After-Hours (AMC),2023-11-30,72.71,2023-12-01,68.87,-3.84,-5.29,1.46,1.88,29.19
DELL,2023-08-31,After-Hours (AMC),2023-08-31,53.6,2023-09-01,61.08,7.48,13.96,1.14,1.74,53.07
DG,2026-06-02,Pre-Market (BMO),2026-06-01,109.37,2026-06-02,112.68,3.3,3.02,1.88,2.0,6.22
DG,2026-03-12,Pre-Market (BMO),2026-03-11,143.42,2026-03-12,130.26,-13.16,-9.18,1.64,1.93,17.85
DG,2025-12-04,Pre-Market (BMO),2025-12-03,108.35,2025-12-04,114.13,5.78,5.33,0.93,1.28,38.27
DG,2025-08-28,Pre-Market (BMO),2025-08-27,108.99,2025-08-28,112.69,3.7,3.4,1.57,1.86,18.47
DG,2025-06-03,Pre-Market (BMO),2025-06-02,94.75,2025-06-03,104.3,9.55,10.08,1.48,1.78,19.88
DG,2025-03-13,Pre-Market (BMO),2025-03-12,72.52,2025-03-13,76.17,3.65,5.04,1.5,1.68,11.63
DG,2024-12-05,Pre-Market (BMO),2024-12-04,76.43,2024-12-05,77.07,0.64,0.84,0.94,0.89,-5.14
DG,2024-08-29,Pre-Market (BMO),2024-08-28,118.22,2024-08-29,88.01,-30.2,-25.55,1.79,1.7,-4.98
DG,2024-05-30,Pre-Market (BMO),2024-05-29,132.35,2024-05-30,136.74,4.38,3.31,1.58,1.65,4.56
DG,2024-03-14,Pre-Market (BMO),2024-03-13,149.75,2024-03-14,157.28,7.53,5.03,1.73,1.83,5.81
DG,2023-12-07,Pre-Market (BMO),2023-12-06,126.24,2023-12-07,131.21,4.97,3.94,1.18,1.26,6.76
DG,2023-08-31,Pre-Market (BMO),2023-08-30,147.79,2023-08-31,120.57,-27.22,-18.42,2.47,2.13,-13.6
DGX,2026-07-23,Pre-Market (BMO),2026-07-22,209.83,2026-07-23,228.09,18.26,8.7,2.82,3.12,10.51
DGX,2026-04-21,Pre-Market (BMO),2026-04-20,195.52,2026-04-21,202.43,6.91,3.54,2.37,2.5,5.61
DGX,2026-02-10,Pre-Market (BMO),2026-02-09,189.65,2026-02-10,193.09,3.44,1.81,2.36,2.42,2.63
DGX,2025-10-21,Pre-Market (BMO),2025-10-20,187.96,2025-10-21,192.57,4.61,2.45,2.5,2.6,3.85
DGX,2025-07-22,Pre-Market (BMO),2025-07-21,163.58,2025-07-22,167.69,4.11,2.51,2.57,2.62,1.87
DGX,2025-04-22,Pre-Market (BMO),2025-04-21,158.35,2025-04-22,165.33,6.99,4.41,2.15,2.21,2.78
DGX,2025-01-30,Pre-Market (BMO),2025-01-29,151.33,2025-01-30,149.93,-1.4,-0.93,2.18,2.23,2.09
DGX,2024-10-22,Pre-Market (BMO),2024-10-21,142.77,2024-10-22,146.61,3.84,2.69,2.26,2.3,1.9
DGX,2024-07-23,Pre-Market (BMO),2024-07-22,142.05,2024-07-23,138.78,-3.27,-2.3,2.33,2.35,0.68
DGX,2024-04-23,Pre-Market (BMO),2024-04-22,124.74,2024-04-23,129.45,4.71,3.77,1.86,2.04,9.75
DGX,2024-02-01,Pre-Market (BMO),2024-01-31,122.45,2024-02-01,118.27,-4.18,-3.41,2.11,2.15,1.68
DGX,2023-10-24,Pre-Market (BMO),2023-10-23,115.18,2023-10-24,116.33,1.15,1.0,2.19,2.22,1.4
DHI,2026-07-21,Pre-Market (BMO),2026-07-20,144.79,2026-07-21,145.01,0.22,0.15,2.99,3.2,7.09
DHI,2026-04-21,Pre-Market (BMO),2026-04-20,152.88,2026-04-21,166.48,13.6,8.9,2.12,2.24,5.57
DHI,2026-01-20,Pre-Market (BMO),2026-01-16,155.05,2026-01-20,149.25,-5.8,-3.74,1.92,2.03,5.98
DHI,2025-10-28,Pre-Market (BMO),2025-10-27,157.44,2025-10-28,146.68,-10.76,-6.84,3.27,3.04,-7.11
DHI,2025-07-22,Pre-Market (BMO),2025-07-21,129.71,2025-07-22,142.97,13.26,10.22,2.9,3.36,15.77
DHI,2025-04-17,Pre-Market (BMO),2025-04-16,115.82,2025-04-17,119.64,3.82,3.3,2.7,2.58,-4.49
DHI,2025-01-21,Pre-Market (BMO),2025-01-17,145.06,2025-01-21,149.24,4.18,2.88,2.36,2.61,10.81
DHI,2024-10-29,Pre-Market (BMO),2024-10-28,176.79,2024-10-29,150.14,-26.65,-15.07,4.16,3.92,-5.83
DHI,2024-07-18,Pre-Market (BMO),2024-07-17,154.12,2024-07-18,163.63,9.51,6.17,3.78,4.1,8.43
DHI,2024-04-18,Pre-Market (BMO),2024-04-17,142.3,2024-04-18,149.39,7.09,4.98,3.07,3.52,14.8
DHI,2024-01-23,Pre-Market (BMO),2024-01-22,153.67,2024-01-23,144.7,-8.96,-5.83,2.89,2.82,-2.28
DHI,2023-11-07,Pre-Market (BMO),2023-11-06,114.44,2023-11-07,115.49,1.05,0.92,3.93,4.45,13.2
DHR,2026-07-21,Pre-Market (BMO),2026-07-20,201.11,2026-07-21,168.84,-32.27,-16.05,1.85,1.94,4.9
DHR,2026-04-21,Pre-Market (BMO),2026-04-20,195.1,2026-04-21,196.59,1.5,0.77,1.94,2.06,6.45
DHR,2026-01-28,Pre-Market (BMO),2026-01-27,234.76,2026-01-28,228.04,-6.72,-2.86,2.19,2.23,1.99
DHR,2025-10-21,Pre-Market (BMO),2025-10-20,207.23,2025-10-21,222.26,15.03,7.25,1.72,1.89,9.78
DHR,2025-07-22,Pre-Market (BMO),2025-07-21,186.69,2025-07-22,185.38,-1.31,-0.7,1.64,1.8,9.49
DHR,2025-04-22,Pre-Market (BMO),2025-04-21,183.31,2025-04-22,196.48,13.16,7.18,1.64,1.88,14.38
DHR,2025-01-29,Pre-Market (BMO),2025-01-28,245.26,2025-01-29,232.57,-12.69,-5.17,2.16,2.14,-1.12
DHR,2024-10-22,Pre-Market (BMO),2024-10-21,268.94,2024-10-22,260.98,-7.97,-2.96,1.57,1.71,8.94
DHR,2024-07-23,Pre-Market (BMO),2024-07-22,247.75,2024-07-23,266.62,18.87,7.62,1.57,1.72,9.3
DHR,2024-04-23,Pre-Market (BMO),2024-04-22,232.87,2024-04-23,251.26,18.39,7.9,1.71,1.92,12.41
DHR,2024-01-30,Pre-Market (BMO),2024-01-29,230.5,2024-01-30,240.47,9.97,4.33,1.91,2.09,9.15
DHR,2023-10-24,Pre-Market (BMO),2023-10-23,200.85,2023-10-24,190.9,-9.95,-4.95,1.88,2.02,7.55
DIS,2026-05-06,Pre-Market (BMO),2026-05-05,99.72,2026-05-06,105.71,5.99,6.01,1.5,1.57,4.98
DIS,2026-02-02,Pre-Market (BMO),2026-01-30,111.94,2026-02-02,103.22,-8.72,-7.79,1.58,1.63,3.44
DIS,2025-11-13,Pre-Market (BMO),2025-11-12,114.98,2025-11-13,107.34,-7.65,-6.65,1.02,1.11,8.42
DIS,2025-08-06,Pre-Market (BMO),2025-08-05,116.63,2025-08-06,114.13,-2.5,-2.15,1.45,1.61,11.3
DIS,2025-05-07,Pre-Market (BMO),2025-05-06,90.47,2025-05-07,100.53,10.06,11.12,1.21,1.45,19.79
DIS,2025-02-05,Pre-Market (BMO),2025-02-04,111.21,2025-02-05,113.56,2.36,2.12,1.43,1.76,22.94
DIS,2024-11-14,Pre-Market (BMO),2024-11-13,100.38,2024-11-14,107.82,7.44,7.41,1.11,1.14,2.75
DIS,2024-08-07,Pre-Market (BMO),2024-08-06,87.92,2024-08-07,85.99,-1.93,-2.19,1.19,1.39,16.38
DIS,2024-05-07,Pre-Market (BMO),2024-05-06,113.29,2024-05-07,104.32,-8.97,-7.92,1.1,1.21,9.8
DIS,2024-02-07,After-Hours (AMC),2024-02-07,96.44,2024-02-08,104.16,7.72,8.01,1.03,1.22,18.24
DIS,2023-11-08,After-Hours (AMC),2023-11-08,81.93,2023-11-09,85.17,3.24,3.95,0.71,0.82,15.11
DIS,2023-08-09,After-Hours (AMC),2023-08-09,84.83,2023-08-10,87.23,2.4,2.83,0.98,1.04,6.77
DLR,2026-07-23,After-Hours (AMC),2026-07-23,179.34,2026-07-24,190.0,10.66,5.94,0.73,0.62,-15.0
DLR,2026-04-23,After-Hours (AMC),2026-04-23,198.68,2026-04-24,200.59,1.92,0.96,0.45,0.46,2.71
DLR,2026-02-05,After-Hours (AMC),2026-02-05,162.45,2026-02-06,165.38,2.93,1.8,0.39,0.4,2.21
DLR,2025-10-23,After-Hours (AMC),2025-10-23,171.68,2025-10-24,175.05,3.38,1.97,0.23,0.34,46.53
DLR,2025-07-24,After-Hours (AMC),2025-07-24,174.97,2025-07-25,176.41,1.44,0.82,0.31,0.39,26.35
DLR,2025-04-24,After-Hours (AMC),2025-04-24,148.4,2025-04-25,154.6,6.2,4.18,0.24,0.38,59.04
DLR,2025-02-13,After-Hours (AMC),2025-02-13,157.75,2025-02-14,157.75,-0.0,-0.0,0.26,0.29,13.27
DLR,2024-10-24,After-Hours (AMC),2024-10-24,157.02,2024-10-25,175.41,18.38,11.71,0.26,0.21,-19.46
DLR,2024-07-25,After-Hours (AMC),2024-07-25,139.07,2024-07-26,134.81,-4.26,-3.06,0.36,0.27,-24.94
DLR,2024-05-02,After-Hours (AMC),2024-05-02,131.18,2024-05-03,137.83,6.65,5.07,0.3,0.82,173.51
DLR,2024-02-15,After-Hours (AMC),2024-02-15,137.92,2024-02-16,129.93,-7.99,-5.79,0.2,0.08,-57.49
DLR,2023-10-26,After-Hours (AMC),2023-10-26,111.23,2023-10-27,111.79,0.56,0.5,0.23,0.19,-16.3
DLR,2023-07-27,After-Hours (AMC),2023-07-27,104.9,2023-07-28,112.26,7.35,7.01,0.37,0.22,-41.36
DLTR,2026-05-28,Pre-Market (BMO),2026-05-27,95.87,2026-05-28,111.01,15.14,15.79,1.54,1.74,12.89
DLTR,2026-03-16,Pre-Market (BMO),2026-03-13,107.46,2026-03-16,111.73,4.27,3.97,2.53,2.56,1.13
DLTR,2025-12-03,Pre-Market (BMO),2025-12-02,108.99,2025-12-03,108.88,-0.11,-0.1,1.08,1.21,11.8
DLTR,2025-09-03,Pre-Market (BMO),2025-09-02,111.35,2025-09-03,100.8,-10.55,-9.47,0.41,0.77,87.65
DLTR,2025-06-04,Pre-Market (BMO),2025-06-03,96.72,2025-06-04,90.93,-5.79,-5.99,1.21,1.26,4.51
DLTR,2025-03-26,Pre-Market (BMO),2025-03-25,67.14,2025-03-26,67.15,0.01,0.01,2.2,2.29,4.15
DLTR,2024-12-04,Pre-Market (BMO),2024-12-03,72.48,2024-12-04,76.02,3.54,4.88,1.08,1.12,4.15
DLTR,2024-09-04,Pre-Market (BMO),2024-09-03,81.65,2024-09-04,72.79,-8.86,-10.85,1.04,0.67,-35.55
DLTR,2024-06-05,Pre-Market (BMO),2024-06-04,120.3,2024-06-05,118.0,-2.3,-1.91,1.43,1.43,0.08
DLTR,2024-03-13,Pre-Market (BMO),2024-03-12,149.69,2024-03-13,129.15,-20.54,-13.72,2.65,2.55,-3.75
DLTR,2023-11-29,Pre-Market (BMO),2023-11-28,116.04,2023-11-29,117.33,1.29,1.11,1.01,0.97,-3.77
DLTR,2023-08-24,Pre-Market (BMO),2023-08-23,142.22,2023-08-24,131.0,-11.22,-7.89,0.87,0.91,4.78
DOC,2026-05-05,After-Hours (AMC),2026-05-05,16.27,2026-05-06,16.71,0.44,2.73,0.06,0.28,364.73
DOC,2026-02-02,After-Hours (AMC),2026-02-02,16.37,2026-02-03,15.97,-0.41,-2.48,0.06,0.1,59.33
DOC,2025-10-23,After-Hours (AMC),2025-10-23,17.62,2025-10-24,17.79,0.17,0.97,0.06,-0.18,-403.17
DOC,2025-07-24,After-Hours (AMC),2025-07-24,17.63,2025-07-25,17.19,-0.45,-2.54,0.06,0.06,12.22
DOC,2025-04-24,After-Hours (AMC),2025-04-24,17.28,2025-04-25,17.28,0.0,0.0,0.05,0.06,40.67
DOC,2025-02-03,After-Hours (AMC),2025-02-03,18.33,2025-02-04,18.0,-0.33,-1.82,0.05,0.05,-4.74
DOC,2024-10-24,After-Hours (AMC),2024-10-24,20.41,2024-10-25,20.1,-0.3,-1.48,0.05,0.05,-8.6
DOC,2024-07-25,After-Hours (AMC),2024-07-25,18.16,2024-07-26,19.16,1.0,5.49,0.09,0.05,-47.89
DOC,2024-04-25,After-Hours (AMC),2024-04-25,15.79,2024-04-26,15.91,0.11,0.71,0.05,0.09,90.89
DOC,2024-02-08,After-Hours (AMC),2024-02-08,15.23,2024-02-09,14.93,-0.3,-1.95,0.1,0.15,45.7
DOC,2023-10-30,Pre-Market (BMO),2023-10-27,13.66,2023-10-30,13.81,0.16,1.16,0.08,0.12,45.13
DOC,2023-07-27,After-Hours (AMC),2023-07-27,17.89,2023-07-28,18.29,0.39,2.2,0.1,0.09,-8.4
DOV,2026-07-23,Pre-Market (BMO),2026-07-22,214.53,2026-07-23,201.46,-13.07,-6.09,2.72,2.74,0.78
DOV,2026-04-23,Pre-Market (BMO),2026-04-22,215.64,2026-04-23,222.07,6.42,2.98,2.27,2.28,0.42
DOV,2026-01-29,Pre-Market (BMO),2026-01-28,205.03,2026-01-29,207.55,2.53,1.23,2.49,2.51,0.97
DOV,2025-10-23,Pre-Market (BMO),2025-10-22,166.35,2025-10-23,171.22,4.87,2.93,2.51,2.62,4.52
DOV,2025-07-24,Pre-Market (BMO),2025-07-23,188.92,2025-07-24,193.01,4.09,2.16,2.39,2.44,2.1
DOV,2025-04-24,Pre-Market (BMO),2025-04-23,164.16,2025-04-24,157.87,-6.29,-3.83,1.98,2.05,3.45
DOV,2025-01-30,Pre-Market (BMO),2025-01-29,194.25,2025-01-30,206.69,12.44,6.4,2.08,2.2,5.94
DOV,2024-10-24,Pre-Market (BMO),2024-10-23,188.19,2024-10-24,182.57,-5.62,-2.98,2.18,2.27,4.33
DOV,2024-07-25,Pre-Market (BMO),2024-07-24,172.63,2024-07-25,176.32,3.69,2.14,2.21,2.36,6.74
DOV,2024-04-25,Pre-Market (BMO),2024-04-24,167.37,2024-04-25,171.77,4.4,2.63,1.88,1.95,3.96
DOV,2024-02-01,Pre-Market (BMO),2024-01-31,145.77,2024-02-01,147.8,2.03,1.4,2.43,2.45,0.94
DOV,2023-10-24,Pre-Market (BMO),2023-10-23,129.79,2023-10-24,131.84,2.05,1.58,2.33,2.35,0.97
DOW,2026-07-23,Pre-Market (BMO),2026-07-22,31.25,2026-07-23,31.8,0.55,1.76,1.28,1.44,12.62
DOW,2026-04-23,Pre-Market (BMO),2026-04-22,38.42,2026-04-23,38.98,0.56,1.47,-0.29,-0.14,51.7
DOW,2026-01-29,Pre-Market (BMO),2026-01-28,27.18,2026-01-29,26.02,-1.15,-4.25,-0.51,-0.34,33.7
DOW,2025-10-23,Pre-Market (BMO),2025-10-22,20.92,2025-10-23,22.62,1.7,8.11,-0.3,-0.19,36.84
DOW,2025-07-24,Pre-Market (BMO),2025-07-23,28.86,2025-07-24,25.84,-3.02,-10.47,-0.17,-0.42,-146.25
DOW,2025-04-24,Pre-Market (BMO),2025-04-23,26.89,2025-04-24,26.44,-0.45,-1.66,-0.01,0.02,249.81
DOW,2025-01-30,Pre-Market (BMO),2025-01-29,37.37,2025-01-30,35.79,-1.57,-4.21,0.24,,-100.0
DOW,2024-10-24,Pre-Market (BMO),2024-10-23,46.14,2024-10-24,46.61,0.47,1.03,0.47,0.47,-0.24
DOW,2024-07-25,Pre-Market (BMO),2024-07-24,47.16,2024-07-25,44.91,-2.25,-4.76,0.72,0.68,-5.08
DOW,2024-04-25,Pre-Market (BMO),2024-04-24,49.78,2024-04-25,50.41,0.64,1.28,0.45,0.56,23.19
DOW,2024-01-25,Pre-Market (BMO),2024-01-24,45.8,2024-01-25,47.24,1.44,3.15,0.4,0.43,8.13
DOW,2023-10-24,Pre-Market (BMO),2023-10-23,41.05,2023-10-24,41.22,0.16,0.39,0.45,0.48,7.05
DPZ,2026-07-20,Pre-Market (BMO),2026-07-17,322.18,2026-07-20,342.75,20.57,6.38,4.17,4.07,-2.38
DPZ,2026-04-27,Pre-Market (BMO),2026-04-24,365.57,2026-04-27,339.37,-26.2,-7.17,4.27,4.13,-3.32
DPZ,2026-02-23,Pre-Market (BMO),2026-02-20,380.33,2026-02-23,397.42,17.1,4.5,5.38,5.35,-0.57
DPZ,2025-10-14,Pre-Market (BMO),2025-10-13,402.09,2025-10-14,401.09,-0.99,-0.25,3.96,4.08,2.96
DPZ,2025-07-21,Pre-Market (BMO),2025-07-18,457.14,2025-07-21,479.73,22.59,4.94,3.95,3.81,-3.6
DPZ,2025-04-28,Pre-Market (BMO),2025-04-25,476.51,2025-04-28,466.19,-10.32,-2.17,4.07,4.33,6.32
DPZ,2025-02-24,Pre-Market (BMO),2025-02-21,450.04,2025-02-24,429.24,-20.8,-4.62,4.91,4.89,-0.37
DPZ,2024-10-10,Pre-Market (BMO),2024-10-09,400.87,2024-10-10,405.34,4.46,1.11,3.64,4.19,15.2
DPZ,2024-07-18,Pre-Market (BMO),2024-07-17,457.44,2024-07-18,396.1,-61.35,-13.41,3.67,4.03,9.88
DPZ,2024-04-29,Pre-Market (BMO),2024-04-26,481.0,2024-04-29,511.1,30.1,6.26,3.4,3.58,5.4
DPZ,2024-02-26,Pre-Market (BMO),2024-02-23,416.56,2024-02-26,444.75,28.19,6.77,4.4,4.48,1.91
DPZ,2023-10-12,Pre-Market (BMO),2023-10-11,339.07,2023-10-12,344.39,5.32,1.57,3.3,4.18,26.85
DRI,2026-06-25,Pre-Market (BMO),2026-06-24,211.74,2026-06-25,208.45,-3.28,-1.55,3.64,3.66,0.64
DRI,2026-03-19,Pre-Market (BMO),2026-03-18,197.58,2026-03-19,192.67,-4.91,-2.49,2.94,2.95,0.29
DRI,2025-12-18,Pre-Market (BMO),2025-12-17,185.19,2025-12-18,193.47,8.28,4.47,2.1,2.08,-0.82
DRI,2025-09-18,Pre-Market (BMO),2025-09-17,202.37,2025-09-18,187.72,-14.66,-7.24,2.01,1.97,-2.05
DRI,2025-06-20,Pre-Market (BMO),2025-06-18,214.4,2025-06-20,215.19,0.79,0.37,2.97,2.98,0.44
DRI,2025-03-20,Pre-Market (BMO),2025-03-19,179.81,2025-03-20,189.61,9.81,5.45,2.8,2.8,0.17
DRI,2024-12-19,Pre-Market (BMO),2024-12-18,151.62,2024-12-19,168.55,16.93,11.17,2.02,2.03,0.35
DRI,2024-09-19,Pre-Market (BMO),2024-09-18,149.59,2024-09-19,163.1,13.51,9.03,1.83,1.75,-4.52
DRI,2024-06-20,Pre-Market (BMO),2024-06-18,141.42,2024-06-20,146.55,5.14,3.63,2.61,2.65,1.58
DRI,2024-03-21,Pre-Market (BMO),2024-03-20,161.12,2024-03-21,152.03,-9.09,-5.64,2.62,2.62,-0.02
DRI,2023-12-15,Pre-Market (BMO),2023-12-14,149.31,2023-12-15,142.27,-7.04,-4.72,1.73,1.84,6.2
DRI,2023-09-21,Pre-Market (BMO),2023-09-20,135.56,2023-09-21,135.63,0.06,0.05,1.74,1.78,2.44
DTE,2026-04-30,Pre-Market (BMO),2026-04-29,145.87,2026-04-30,145.34,-0.53,-0.36,2.03,1.95,-4.14
DTE,2026-02-17,Pre-Market (BMO),2026-02-13,142.68,2026-02-17,147.71,5.03,3.53,1.52,1.65,8.29
DTE,2025-10-30,Pre-Market (BMO),2025-10-29,135.46,2025-10-30,136.41,0.95,0.7,2.11,2.25,6.47
DTE,2025-07-29,Pre-Market (BMO),2025-07-28,132.92,2025-07-29,132.49,-0.44,-0.33,1.4,1.36,-2.81
DTE,2025-05-01,Pre-Market (BMO),2025-04-30,131.52,2025-05-01,132.48,0.96,0.73,2.0,2.1,5.24
DTE,2025-02-13,Pre-Market (BMO),2025-02-12,118.26,2025-02-13,117.8,-0.46,-0.39,1.44,1.51,4.93
DTE,2024-10-24,Pre-Market (BMO),2024-10-23,122.67,2024-10-24,122.68,0.01,0.01,1.87,2.22,18.49
DTE,2024-07-25,Pre-Market (BMO),2024-07-24,110.37,2024-07-25,110.75,0.38,0.35,1.23,1.43,16.73
DTE,2024-04-25,Pre-Market (BMO),2024-04-24,103.46,2024-04-25,102.77,-0.7,-0.67,1.71,1.67,-2.2
DTE,2024-02-08,Pre-Market (BMO),2024-02-07,96.68,2024-02-08,96.48,-0.2,-0.21,1.96,1.97,0.59
DTE,2023-11-01,Pre-Market (BMO),2023-10-31,87.76,2023-11-01,85.77,-1.98,-2.26,1.64,1.44,-12.08
DTE,2023-07-27,Pre-Market (BMO),2023-07-26,104.56,2023-07-27,104.56,0.0,0.0,0.88,0.99,12.18
DUK,2026-05-05,Pre-Market (BMO),2026-05-04,126.36,2026-05-05,127.8,1.44,1.14,1.8,1.93,7.24
DUK,2026-02-10,Pre-Market (BMO),2026-02-09,119.66,2026-02-10,120.13,0.47,0.39,1.49,1.5,0.49
DUK,2025-11-07,Pre-Market (BMO),2025-11-06,120.85,2025-11-07,120.95,0.1,0.08,1.75,1.81,3.45
DUK,2025-08-05,Pre-Market (BMO),2025-08-04,119.98,2025-08-05,122.68,2.71,2.25,1.17,1.25,6.42
DUK,2025-05-06,Pre-Market (BMO),2025-05-05,115.62,2025-05-06,116.83,1.21,1.04,1.59,1.76,10.84
DUK,2025-02-13,Pre-Market (BMO),2025-02-12,110.41,2025-02-13,109.39,-1.02,-0.92,1.65,1.66,0.71
DUK,2024-11-07,Pre-Market (BMO),2024-11-06,106.79,2024-11-07,105.86,-0.93,-0.87,1.72,1.62,-5.68
DUK,2024-08-06,Pre-Market (BMO),2024-08-05,103.36,2024-08-06,104.74,1.38,1.33,1.02,1.18,15.46
DUK,2024-05-07,Pre-Market (BMO),2024-05-06,92.57,2024-05-07,93.11,0.53,0.58,1.38,1.44,4.54
DUK,2024-02-08,Pre-Market (BMO),2024-02-07,87.05,2024-02-08,86.36,-0.69,-0.8,1.54,1.51,-1.79
DUK,2023-11-02,Pre-Market (BMO),2023-11-01,80.68,2023-11-02,80.65,-0.04,-0.04,1.92,1.94,1.28
DUK,2023-08-08,Pre-Market (BMO),2023-08-07,79.89,2023-08-08,80.44,0.55,0.69,0.98,0.91,-7.61
DVN,2026-05-05,After-Hours (AMC),2026-05-05,50.63,2026-05-06,47.16,-3.47,-6.84,1.09,1.04,-4.91
DVN,2026-02-17,After-Hours (AMC),2026-02-17,43.5,2026-02-18,43.96,0.45,1.04,0.83,0.82,-0.81
DVN,2025-11-05,After-Hours (AMC),2025-11-05,31.74,2025-11-06,32.7,0.96,3.03,0.94,1.04,10.56
DVN,2025-08-05,After-Hours (AMC),2025-08-05,31.49,2025-08-06,32.16,0.67,2.14,0.86,0.84,-2.84
DVN,2025-05-06,After-Hours (AMC),2025-05-06,29.61,2025-05-07,29.43,-0.17,-0.59,1.23,1.21,-1.46
DVN,2025-02-18,After-Hours (AMC),2025-02-18,33.52,2025-02-19,34.79,1.27,3.78,1.0,1.16,15.69
DVN,2024-11-05,After-Hours (AMC),2024-11-05,37.56,2024-11-06,37.91,0.34,0.92,1.1,1.1,0.39
DVN,2024-08-06,After-Hours (AMC),2024-08-06,39.64,2024-08-07,41.1,1.45,3.67,1.27,1.41,11.25
DVN,2024-05-01,After-Hours (AMC),2024-05-01,47.23,2024-05-02,47.9,0.67,1.43,1.11,1.16,4.17
DVN,2024-02-27,After-Hours (AMC),2024-02-27,41.15,2024-02-28,40.94,-0.2,-0.5,1.4,1.41,0.51
DVN,2023-11-07,After-Hours (AMC),2023-11-07,41.31,2023-11-08,40.78,-0.54,-1.3,1.55,1.65,6.15
DVN,2023-08-01,After-Hours (AMC),2023-08-01,48.49,2023-08-02,46.99,-1.5,-3.09,1.19,1.18,-0.72
DXCM,2026-04-30,After-Hours (AMC),2026-04-30,59.55,2026-05-01,60.99,1.44,2.42,0.47,0.56,18.99
DXCM,2026-02-12,After-Hours (AMC),2026-02-12,65.08,2026-02-13,64.45,-0.63,-0.97,0.65,0.68,4.5
DXCM,2025-10-30,After-Hours (AMC),2025-10-30,68.2,2025-10-31,59.19,-9.01,-13.21,0.57,0.61,7.51
DXCM,2025-07-30,After-Hours (AMC),2025-07-30,89.06,2025-07-31,85.7,-3.36,-3.77,0.44,0.48,8.25
DXCM,2025-05-01,After-Hours (AMC),2025-05-01,70.26,2025-05-02,75.26,5.0,7.12,0.33,0.32,-2.56
DXCM,2025-02-13,After-Hours (AMC),2025-02-13,84.09,2025-02-14,86.03,1.94,2.31,0.5,0.45,-9.87
DXCM,2024-10-24,After-Hours (AMC),2024-10-24,74.85,2024-10-25,73.4,-1.45,-1.94,0.43,0.45,3.53
DXCM,2024-07-25,After-Hours (AMC),2024-07-25,107.85,2024-07-26,66.0,-41.85,-38.8,0.39,0.43,11.36
DXCM,2024-04-25,After-Hours (AMC),2024-04-25,138.01,2024-04-26,132.5,-5.51,-3.99,0.27,0.32,18.61
DXCM,2024-02-08,After-Hours (AMC),2024-02-08,127.05,2024-02-09,123.0,-4.05,-3.19,0.43,0.5,16.01
DXCM,2023-10-26,After-Hours (AMC),2023-10-26,81.09,2023-10-27,92.73,11.64,14.35,0.33,0.5,50.03
DXCM,2023-07-27,After-Hours (AMC),2023-07-27,129.36,2023-07-28,134.4,5.04,3.9,0.23,0.34,50.64
EA,2026-05-05,After-Hours (AMC),2026-05-05,201.38,2026-05-06,201.29,-0.09,-0.04,2.36,1.59,-32.35
EA,2026-02-03,After-Hours (AMC),2026-02-03,201.01,2026-02-04,201.14,0.13,0.06,1.48,0.35,-76.4
EA,2025-10-28,After-Hours (AMC),2025-10-28,199.73,2025-10-29,199.65,-0.08,-0.04,0.35,0.54,52.69
EA,2025-07-29,After-Hours (AMC),2025-07-29,147.21,2025-07-30,151.3,4.09,2.78,0.13,0.25,97.53
EA,2025-05-06,After-Hours (AMC),2025-05-06,153.73,2025-05-07,157.19,3.45,2.25,1.08,1.58,45.88
EA,2025-02-04,After-Hours (AMC),2025-02-04,120.44,2025-02-05,126.2,5.75,4.78,3.08,2.83,-8.03
EA,2024-10-29,After-Hours (AMC),2024-10-29,144.49,2024-10-30,146.33,1.85,1.28,0.89,1.11,24.88
EA,2024-07-30,After-Hours (AMC),2024-07-30,147.77,2024-07-31,149.63,1.86,1.26,0.42,0.52,24.83
EA,2024-05-07,After-Hours (AMC),2024-05-07,128.88,2024-05-08,125.76,-3.12,-2.42,1.52,1.18,-21.83
EA,2024-01-30,After-Hours (AMC),2024-01-30,135.93,2024-01-31,133.02,-2.91,-2.14,0.88,1.07,21.86
EA,2023-11-01,After-Hours (AMC),2023-11-01,122.15,2023-11-02,128.26,6.11,5.0,0.89,1.47,64.33
EA,2023-08-01,After-Hours (AMC),2023-08-01,134.12,2023-08-02,128.09,-6.03,-4.5,1.02,1.01,-0.54
EBAY,2026-04-29,After-Hours (AMC),2026-04-29,103.5,2026-04-30,99.79,-3.71,-3.58,1.58,1.66,5.03
EBAY,2026-02-18,After-Hours (AMC),2026-02-18,81.68,2026-02-19,85.15,3.47,4.25,1.35,1.41,4.44
EBAY,2025-10-29,After-Hours (AMC),2025-10-29,98.59,2025-10-30,84.78,-13.81,-14.0,1.33,1.36,1.9
EBAY,2025-07-30,After-Hours (AMC),2025-07-30,76.58,2025-07-31,87.08,10.51,13.72,1.3,1.37,5.63
EBAY,2025-04-30,After-Hours (AMC),2025-04-30,67.03,2025-05-01,68.89,1.86,2.77,1.34,1.38,3.19
EBAY,2025-02-26,After-Hours (AMC),2025-02-26,67.68,2025-02-27,62.94,-4.75,-7.01,1.2,1.25,4.26
EBAY,2024-10-30,After-Hours (AMC),2024-10-30,61.05,2024-10-31,57.41,-3.65,-5.97,1.18,1.19,0.84
EBAY,2024-07-31,After-Hours (AMC),2024-07-31,53.96,2024-08-01,53.43,-0.53,-0.99,1.12,1.18,4.94
EBAY,2024-05-01,After-Hours (AMC),2024-05-01,49.3,2024-05-02,47.62,-1.68,-3.41,1.2,1.25,3.98
EBAY,2024-02-27,After-Hours (AMC),2024-02-27,42.63,2024-02-28,45.76,3.13,7.34,1.03,1.07,3.94
EBAY,2023-11-07,After-Hours (AMC),2023-11-07,38.91,2023-11-08,35.58,-3.33,-8.56,1.0,1.03,3.11
ECHO,2026-05-11,Pre-Market (BMO),2026-05-08,127.15,2026-05-11,127.88,0.73,0.57,-1.22,-0.71,42.09
ECHO,2026-03-02,Pre-Market (BMO),2026-02-27,115.53,2026-03-02,117.16,1.63,1.41,-0.65,-0.37,42.58
ECHO,2025-11-06,Pre-Market (BMO),2025-11-05,72.32,2025-11-06,72.4,0.08,0.11,-1.22,-1.19,1.98
ECHO,2025-08-01,Pre-Market (BMO),2025-07-31,32.59,2025-08-01,29.45,-3.14,-9.63,-1.04,-1.06,-1.75
ECHO,2025-05-09,Pre-Market (BMO),2025-05-08,23.85,2025-05-09,24.05,0.2,0.84,-0.87,-0.71,17.98
ECHO,2025-02-27,Pre-Market (BMO),2025-02-26,29.01,2025-02-27,29.33,0.32,1.1,-0.49,1.23,348.59
ECHO,2024-11-12,Pre-Market (BMO),2024-11-11,26.13,2024-11-12,25.55,-0.58,-2.22,-0.3,-0.52,-70.63
ECHO,2024-08-09,Pre-Market (BMO),2024-08-08,20.08,2024-08-09,18.63,-1.45,-7.22,-0.08,-0.76,-883.95
ECHO,2024-05-08,Pre-Market (BMO),2024-05-07,17.35,2024-05-08,15.28,-2.07,-11.93,-0.08,-0.4,-372.93
ECHO,2024-02-29,After-Hours (AMC),2024-02-29,13.11,2024-03-01,11.93,-1.18,-9.0,0.04,-4.44,-10049.63
ECHO,2023-11-06,Pre-Market (BMO),2023-11-03,15.44,2023-11-06,13.12,-2.32,-15.03,-0.01,0.04,514.94
ECHO,2023-08-08,Pre-Market (BMO),2023-08-07,23.5,2023-08-08,21.24,-2.26,-9.62,0.2,0.13,-35.67
ECL,2026-04-28,Pre-Market (BMO),2026-04-27,267.15,2026-04-28,267.11,-0.04,-0.01,1.7,1.7,0.17
ECL,2026-02-10,Pre-Market (BMO),2026-02-09,286.61,2026-02-10,292.8,6.19,2.16,2.07,2.08,0.65
ECL,2025-10-28,Pre-Market (BMO),2025-10-27,277.43,2025-10-28,274.64,-2.79,-1.0,2.07,2.07,-0.09
ECL,2025-07-29,Pre-Market (BMO),2025-07-28,267.14,2025-07-29,264.3,-2.84,-1.06,1.9,1.89,-0.29
ECL,2025-04-29,Pre-Market (BMO),2025-04-28,235.93,2025-04-29,242.32,6.39,2.71,1.5,1.5,0.05
ECL,2025-02-11,Pre-Market (BMO),2025-02-10,242.13,2025-02-11,263.34,21.22,8.76,1.8,1.81,0.66
ECL,2024-10-29,Pre-Market (BMO),2024-10-28,251.81,2024-10-29,241.15,-10.66,-4.23,1.82,1.83,0.28
ECL,2024-07-30,Pre-Market (BMO),2024-07-29,242.89,2024-07-30,217.54,-25.34,-10.43,1.67,1.68,0.48
ECL,2024-04-30,Pre-Market (BMO),2024-04-29,216.66,2024-04-30,220.89,4.23,1.95,1.33,1.34,0.49
ECL,2024-02-13,Pre-Market (BMO),2024-02-12,197.9,2024-02-13,208.3,10.4,5.26,1.54,1.55,0.76
ECL,2023-10-31,Pre-Market (BMO),2023-10-30,154.71,2023-10-31,155.72,1.0,0.65,1.52,1.54,1.16
ECL,2023-08-01,Pre-Market (BMO),2023-07-31,177.5,2023-08-01,177.25,-0.25,-0.14,1.21,1.24,2.43
ED,2026-05-07,After-Hours (AMC),2026-05-07,105.51,2026-05-08,106.41,0.9,0.86,2.27,2.18,-3.83
ED,2026-02-19,After-Hours (AMC),2026-02-19,110.99,2026-02-20,113.05,2.06,1.86,0.86,0.89,3.44
ED,2025-11-06,After-Hours (AMC),2025-11-06,94.65,2025-11-07,95.32,0.67,0.71,1.75,1.9,8.28
ED,2025-08-07,After-Hours (AMC),2025-08-07,101.62,2025-08-08,102.75,1.12,1.1,0.66,0.67,1.82
ED,2025-05-01,After-Hours (AMC),2025-05-01,108.02,2025-05-02,105.91,-2.11,-1.95,2.21,2.26,2.42
ED,2025-02-20,After-Hours (AMC),2025-02-20,91.9,2025-02-21,92.18,0.29,0.31,0.96,0.98,2.15
ED,2024-11-07,After-Hours (AMC),2024-11-07,92.02,2024-11-08,92.55,0.53,0.57,1.58,1.68,6.27
ED,2024-08-01,After-Hours (AMC),2024-08-01,93.73,2024-08-02,96.48,2.75,2.93,0.57,0.59,3.55
ED,2024-05-02,After-Hours (AMC),2024-05-02,88.33,2024-05-03,89.03,0.7,0.79,1.9,2.15,13.38
ED,2024-02-15,After-Hours (AMC),2024-02-15,81.81,2024-02-16,81.19,-0.62,-0.76,0.97,1.0,2.75
ED,2023-11-02,After-Hours (AMC),2023-11-02,82.07,2023-11-03,83.57,1.49,1.82,1.59,1.62,1.96
ED,2023-08-03,After-Hours (AMC),2023-08-03,81.49,2023-08-04,81.72,0.23,0.29,0.67,0.61,-8.43
EFX,2026-07-21,Pre-Market (BMO),2026-07-20,180.08,2026-07-21,158.94,-21.14,-11.74,2.2,2.25,2.28
EFX,2026-04-21,Pre-Market (BMO),2026-04-20,197.77,2026-04-21,189.85,-7.92,-4.01,1.7,1.86,9.7
EFX,2026-02-04,Pre-Market (BMO),2026-02-03,173.98,2026-02-04,172.44,-1.54,-0.89,2.05,2.09,1.78
EFX,2025-10-21,Pre-Market (BMO),2025-10-20,229.17,2025-10-21,233.43,4.26,1.86,1.94,2.04,5.34
EFX,2025-07-22,Pre-Market (BMO),2025-07-21,256.93,2025-07-22,242.2,-14.72,-5.73,1.92,2.0,4.13
EFX,2025-04-22,Pre-Market (BMO),2025-04-21,212.63,2025-04-22,238.29,25.66,12.07,1.4,1.53,8.98
EFX,2025-02-06,Pre-Market (BMO),2025-02-05,266.47,2025-02-06,251.28,-15.19,-5.7,2.1,2.12,1.12
EFX,2024-10-16,After-Hours (AMC),2024-10-16,285.48,2024-10-17,273.7,-11.78,-4.12,1.83,1.85,0.84
EFX,2024-07-17,After-Hours (AMC),2024-07-17,254.92,2024-07-18,260.12,5.2,2.04,1.73,1.82,5.42
EFX,2024-04-17,After-Hours (AMC),2024-04-17,233.33,2024-04-18,211.69,-21.65,-9.28,1.43,1.5,4.9
EFX,2024-02-07,After-Hours (AMC),2024-02-07,237.08,2024-02-08,246.24,9.17,3.87,1.75,1.81,3.28
EFX,2023-10-18,After-Hours (AMC),2023-10-18,171.38,2023-10-19,165.35,-6.03,-3.52,1.77,1.76,-0.58
EIX,2026-04-28,After-Hours (AMC),2026-04-28,67.14,2026-04-29,65.79,-1.35,-2.02,1.32,1.42,7.42
EIX,2026-02-18,After-Hours (AMC),2026-02-18,68.06,2026-02-19,69.33,1.27,1.87,1.45,1.87,28.62
EIX,2025-10-28,After-Hours (AMC),2025-10-28,53.94,2025-10-29,52.93,-1.01,-1.87,2.18,2.34,7.28
EIX,2025-07-31,After-Hours (AMC),2025-07-31,49.4,2025-08-01,49.47,0.08,0.15,0.88,0.97,10.12
EIX,2025-04-29,After-Hours (AMC),2025-04-29,54.79,2025-04-30,54.1,-0.68,-1.24,1.21,1.37,13.27
EIX,2025-02-27,After-Hours (AMC),2025-02-27,47.17,2025-02-28,47.5,0.33,0.7,1.1,1.05,-4.42
EIX,2024-10-29,After-Hours (AMC),2024-10-29,75.58,2024-10-30,74.71,-0.86,-1.14,1.39,1.51,8.93
EIX,2024-07-25,After-Hours (AMC),2024-07-25,68.85,2024-07-26,69.32,0.47,0.68,1.07,1.22,14.03
EIX,2024-04-30,After-Hours (AMC),2024-04-30,63.32,2024-05-01,62.88,-0.45,-0.7,1.11,1.14,2.71
EIX,2024-02-22,After-Hours (AMC),2024-02-22,59.39,2024-02-23,60.05,0.66,1.11,1.15,1.28,11.25
EIX,2023-11-01,After-Hours (AMC),2023-11-01,55.74,2023-11-02,55.79,0.05,0.09,1.45,1.38,-5.0
EIX,2023-07-27,After-Hours (AMC),2023-07-27,61.05,2023-07-28,62.76,1.71,2.81,0.95,1.01,6.61
EL,2026-05-01,Pre-Market (BMO),2026-04-30,76.41,2026-05-01,85.67,9.25,12.11,0.65,0.91,40.2
EL,2026-02-05,Pre-Market (BMO),2026-02-04,118.78,2026-02-05,104.02,-14.76,-12.42,0.83,0.89,6.6
EL,2025-10-30,Pre-Market (BMO),2025-10-29,96.32,2025-10-30,93.58,-2.74,-2.85,0.18,0.32,81.88
EL,2025-08-20,Pre-Market (BMO),2025-08-19,88.57,2025-08-20,84.76,-3.81,-4.31,0.09,0.09,1.07
EL,2025-05-01,Pre-Market (BMO),2025-04-30,58.79,2025-05-01,58.0,-0.79,-1.35,0.31,0.65,108.8
EL,2025-02-04,Pre-Market (BMO),2025-02-03,80.77,2025-02-04,74.65,-6.12,-7.58,0.32,0.62,93.85
EL,2024-10-31,Pre-Market (BMO),2024-10-30,84.64,2024-10-31,64.0,-20.64,-24.38,0.1,0.14,46.83
EL,2024-08-19,Pre-Market (BMO),2024-08-16,91.56,2024-08-19,91.69,0.13,0.14,0.25,0.64,151.03
EL,2024-05-01,Pre-Market (BMO),2024-04-30,140.68,2024-05-01,134.64,-6.04,-4.29,0.5,0.97,95.68
EL,2024-02-05,Pre-Market (BMO),2024-02-02,128.03,2024-02-05,152.22,24.19,18.89,0.56,0.88,57.54
EL,2023-11-01,Pre-Market (BMO),2023-10-31,122.38,2023-11-01,103.77,-18.6,-15.2,-0.2,0.11,156.4
EL,2023-08-18,Pre-Market (BMO),2023-08-17,153.26,2023-08-18,143.74,-9.51,-6.21,-0.04,0.07,286.67
ELV,2026-07-15,Pre-Market (BMO),2026-07-14,426.79,2026-07-15,392.78,-34.01,-7.97,6.21,7.45,19.99
ELV,2026-04-22,Pre-Market (BMO),2026-04-21,326.78,2026-04-22,336.51,9.73,2.98,10.81,12.58,16.36
ELV,2026-01-28,Pre-Market (BMO),2026-01-27,319.64,2026-01-28,312.26,-7.38,-2.31,3.09,3.33,7.65
ELV,2025-10-21,Pre-Market (BMO),2025-10-20,348.68,2025-10-21,339.45,-9.23,-2.65,4.94,6.03,22.01
ELV,2025-07-17,Pre-Market (BMO),2025-07-16,337.46,2025-07-17,327.13,-10.33,-3.06,8.92,8.84,-0.91
ELV,2025-04-22,Pre-Market (BMO),2025-04-21,396.57,2025-04-22,400.21,3.64,0.92,11.48,11.97,4.3
ELV,2025-01-23,Pre-Market (BMO),2025-01-22,379.42,2025-01-23,393.01,13.59,3.58,3.85,3.84,-0.29
ELV,2024-10-17,Pre-Market (BMO),2024-10-16,480.61,2024-10-17,391.59,-89.02,-18.52,9.65,8.37,-13.28
ELV,2024-07-17,Pre-Market (BMO),2024-07-16,533.34,2024-07-17,507.17,-26.17,-4.91,10.01,10.12,1.14
ELV,2024-04-18,Pre-Market (BMO),2024-04-17,489.26,2024-04-18,500.42,11.16,2.28,10.53,10.64,1.08
ELV,2024-01-24,Pre-Market (BMO),2024-01-23,452.41,2024-01-24,469.03,16.61,3.67,5.59,5.62,0.62
ELV,2023-10-18,Pre-Market (BMO),2023-10-17,444.85,2023-10-18,459.44,14.6,3.28,8.46,8.99,6.27
EMR,2026-05-05,After-Hours (AMC),2026-05-05,137.82,2026-05-06,141.43,3.61,2.62,1.53,1.54,0.44
EMR,2026-02-03,After-Hours (AMC),2026-02-03,150.91,2026-02-04,158.22,7.31,4.85,1.41,1.46,3.39
EMR,2025-11-05,Pre-Market (BMO),2025-11-04,136.07,2025-11-05,127.92,-8.15,-5.99,1.62,1.62,0.28
EMR,2025-08-06,Pre-Market (BMO),2025-08-05,138.32,2025-08-06,128.7,-9.62,-6.96,1.51,1.52,0.69
EMR,2025-05-07,Pre-Market (BMO),2025-05-06,105.09,2025-05-07,112.62,7.53,7.17,1.41,1.48,4.6
EMR,2025-02-05,Pre-Market (BMO),2025-02-04,124.57,2025-02-05,123.92,-0.64,-0.52,1.28,1.38,8.03
EMR,2024-11-05,Pre-Market (BMO),2024-11-04,106.69,2024-11-05,112.46,5.77,5.41,1.47,1.48,0.69
EMR,2024-08-07,Pre-Market (BMO),2024-08-06,104.19,2024-08-07,100.18,-4.0,-3.84,1.41,1.43,1.12
EMR,2024-05-08,Pre-Market (BMO),2024-05-07,103.34,2024-05-08,100.27,-3.08,-2.98,1.25,1.36,8.47
EMR,2024-02-07,Pre-Market (BMO),2024-02-06,90.25,2024-02-07,97.55,7.3,8.08,1.04,1.22,17.09
EMR,2023-11-07,Pre-Market (BMO),2023-11-06,87.32,2023-11-07,79.76,-7.56,-8.65,1.31,1.29,-1.37
EMR,2023-08-02,Pre-Market (BMO),2023-08-01,86.74,2023-08-02,93.28,6.54,7.54,1.1,1.29,16.92
EOG,2026-05-05,After-Hours (AMC),2026-05-05,139.78,2026-05-06,135.0,-4.78,-3.42,3.21,3.41,6.22
EOG,2026-02-24,After-Hours (AMC),2026-02-24,121.84,2026-02-25,123.36,1.52,1.24,2.2,2.27,3.38
EOG,2025-11-06,After-Hours (AMC),2025-11-06,102.45,2025-11-07,103.65,1.2,1.17,2.45,2.71,10.77
EOG,2025-08-07,After-Hours (AMC),2025-08-07,112.07,2025-08-08,112.38,0.31,0.28,2.2,2.32,5.23
EOG,2025-05-01,After-Hours (AMC),2025-05-01,107.04,2025-05-02,106.51,-0.54,-0.5,2.77,2.87,3.54
EOG,2025-02-27,After-Hours (AMC),2025-02-27,124.05,2025-02-28,121.67,-2.38,-1.92,2.57,2.74,6.79
EOG,2024-11-07,After-Hours (AMC),2024-11-07,119.26,2024-11-08,124.15,4.89,4.1,2.77,2.89,4.19
EOG,2024-08-01,After-Hours (AMC),2024-08-01,115.27,2024-08-02,116.74,1.47,1.28,2.95,3.16,7.04
EOG,2024-05-02,After-Hours (AMC),2024-05-02,122.55,2024-05-03,121.74,-0.82,-0.67,2.7,2.82,4.38
EOG,2024-02-22,After-Hours (AMC),2024-02-22,107.51,2024-02-23,101.47,-6.04,-5.62,3.11,3.07,-1.42
EOG,2023-11-02,After-Hours (AMC),2023-11-02,116.4,2023-11-03,117.43,1.03,0.89,2.99,3.44,15.1
EOG,2023-08-03,After-Hours (AMC),2023-08-03,118.41,2023-08-04,121.39,2.98,2.51,2.33,2.49,6.82
EQR,2026-07-22,After-Hours (AMC),2026-07-22,68.29,2026-07-23,69.0,0.71,1.04,0.36,0.34,-5.01
EQR,2026-04-28,After-Hours (AMC),2026-04-28,64.48,2026-04-29,63.64,-0.84,-1.3,0.29,0.23,-20.08
EQR,2026-02-05,After-Hours (AMC),2026-02-05,60.4,2026-02-06,60.09,-0.31,-0.52,0.38,0.28,-25.46
EQR,2025-10-28,After-Hours (AMC),2025-10-28,59.44,2025-10-29,57.93,-1.51,-2.54,0.42,0.37,-11.45
EQR,2025-08-04,After-Hours (AMC),2025-08-04,59.97,2025-08-05,61.69,1.72,2.87,0.3,0.34,12.63
EQR,2025-04-29,After-Hours (AMC),2025-04-29,65.86,2025-04-30,65.75,-0.11,-0.17,0.27,0.26,-4.87
EQR,2025-02-03,After-Hours (AMC),2025-02-03,65.97,2025-02-04,66.13,0.16,0.24,0.4,0.26,-35.88
EQR,2024-10-30,After-Hours (AMC),2024-10-30,68.72,2024-10-31,66.23,-2.48,-3.61,0.39,0.38,-4.25
EQR,2024-07-29,After-Hours (AMC),2024-07-29,65.67,2024-07-30,65.86,0.19,0.29,0.37,0.35,-4.45
EQR,2024-04-23,After-Hours (AMC),2024-04-23,57.55,2024-04-24,56.82,-0.73,-1.27,0.34,0.27,-19.22
EQR,2024-01-30,After-Hours (AMC),2024-01-30,53.52,2024-01-31,55.21,1.7,3.17,0.43,0.4,-8.2
EQR,2023-10-31,After-Hours (AMC),2023-10-31,49.4,2023-11-01,48.01,-1.39,-2.82,0.41,0.37,-8.98
EQR,2023-07-27,After-Hours (AMC),2023-07-27,57.99,2023-07-28,58.59,0.6,1.04,0.38,0.35,-7.63
EQT,2026-07-21,After-Hours (AMC),2026-07-21,49.8,2026-07-22,51.1,1.3,2.61,0.4,0.39,-3.31
EQT,2026-04-21,After-Hours (AMC),2026-04-21,56.82,2026-04-22,58.15,1.33,2.33,2.09,2.33,11.22
EQT,2026-02-17,After-Hours (AMC),2026-02-17,57.59,2026-02-18,56.12,-1.47,-2.55,0.76,0.9,17.66
EQT,2025-10-21,After-Hours (AMC),2025-10-21,55.23,2025-10-22,54.83,-0.41,-0.74,0.36,0.52,42.79
EQT,2025-07-22,After-Hours (AMC),2025-07-22,53.71,2025-07-23,52.68,-1.03,-1.91,0.41,0.45,10.01
EQT,2025-04-22,After-Hours (AMC),2025-04-22,47.87,2025-04-23,49.3,1.44,3.01,1.01,1.18,16.57
EQT,2025-02-18,After-Hours (AMC),2025-02-18,53.0,2025-02-19,54.17,1.17,2.21,0.53,0.69,31.27
EQT,2024-10-29,After-Hours (AMC),2024-10-29,36.51,2024-10-30,36.48,-0.03,-0.08,0.07,0.12,77.17
EQT,2024-07-23,After-Hours (AMC),2024-07-23,34.12,2024-07-24,34.65,0.54,1.57,-0.18,-0.08,55.73
EQT,2024-04-23,After-Hours (AMC),2024-04-23,36.83,2024-04-24,37.41,0.58,1.58,0.66,0.82,24.57
EQT,2024-02-13,After-Hours (AMC),2024-02-13,32.91,2024-02-14,31.59,-1.32,-4.02,0.47,0.48,1.8
EQT,2023-10-25,After-Hours (AMC),2023-10-25,40.41,2023-10-26,38.95,-1.46,-3.62,-0.1,0.3,395.1
ES,2026-05-06,After-Hours (AMC),2026-05-06,67.72,2026-05-07,66.9,-0.82,-1.21,1.63,1.73,6.21
ES,2026-02-12,After-Hours (AMC),2026-02-12,68.77,2026-02-13,69.82,1.06,1.54,1.1,1.12,1.64
ES,2025-11-04,After-Hours (AMC),2025-11-04,71.39,2025-11-05,71.55,0.16,0.23,1.15,1.19,3.62
ES,2025-07-31,After-Hours (AMC),2025-07-31,63.21,2025-08-01,63.66,0.46,0.73,0.95,0.96,0.96
ES,2025-05-01,After-Hours (AMC),2025-05-01,55.8,2025-05-02,55.53,-0.27,-0.49,1.51,1.5,-0.65
ES,2025-02-11,After-Hours (AMC),2025-02-11,57.35,2025-02-12,56.05,-1.31,-2.28,0.99,1.01,1.68
ES,2024-11-04,After-Hours (AMC),2024-11-04,58.44,2024-11-05,58.08,-0.36,-0.62,1.08,1.13,4.28
ES,2024-07-31,After-Hours (AMC),2024-07-31,59.2,2024-08-01,58.66,-0.54,-0.91,0.96,0.95,-1.47
ES,2024-05-01,After-Hours (AMC),2024-05-01,55.54,2024-05-02,56.44,0.9,1.62,1.47,1.49,1.14
ES,2024-02-13,After-Hours (AMC),2024-02-13,48.52,2024-02-14,51.64,3.12,6.44,0.97,0.95,-2.42
ES,2023-11-06,Pre-Market (BMO),2023-11-03,48.82,2023-11-06,48.29,-0.53,-1.08,0.98,0.97,-1.28
ES,2023-07-31,After-Hours (AMC),2023-07-31,63.03,2023-08-01,62.71,-0.32,-0.51,0.91,1.0,9.82
ETN,2026-05-05,Pre-Market (BMO),2026-05-04,421.28,2026-05-05,396.67,-24.6,-5.84,2.73,2.81,2.9
ETN,2026-02-03,Pre-Market (BMO),2026-02-02,357.34,2026-02-03,347.46,-9.87,-2.76,3.32,3.33,0.34
ETN,2025-11-04,Pre-Market (BMO),2025-11-03,383.25,2025-11-04,357.53,-25.72,-6.71,3.05,3.07,0.51
ETN,2025-08-05,Pre-Market (BMO),2025-08-04,380.35,2025-08-05,356.8,-23.55,-6.19,2.92,2.95,0.95
ETN,2025-05-02,Pre-Market (BMO),2025-05-01,297.16,2025-05-02,289.34,-7.82,-2.63,2.71,2.72,0.55
ETN,2025-01-31,Pre-Market (BMO),2025-01-30,321.05,2025-01-31,316.06,-4.99,-1.55,2.81,2.83,0.72
ETN,2024-10-31,Pre-Market (BMO),2024-10-30,335.52,2024-10-31,318.09,-17.43,-5.2,2.81,2.84,1.18
ETN,2024-08-01,Pre-Market (BMO),2024-07-31,297.31,2024-08-01,282.92,-14.39,-4.84,2.61,2.73,4.5
ETN,2024-04-30,Pre-Market (BMO),2024-04-29,317.55,2024-04-30,320.94,3.39,1.07,2.29,2.4,4.86
ETN,2024-02-01,Pre-Market (BMO),2024-01-31,238.58,2024-02-01,247.84,9.26,3.88,2.47,2.55,3.21
ETN,2023-10-31,Pre-Market (BMO),2023-10-30,190.99,2023-10-31,192.75,1.76,0.92,2.34,2.47,5.71
ETN,2023-08-01,Pre-Market (BMO),2023-07-31,197.48,2023-08-01,203.32,5.84,2.96,2.11,2.21,4.68
ETR,2026-04-29,Pre-Market (BMO),2026-04-28,112.55,2026-04-29,115.52,2.97,2.64,0.84,0.86,2.26
ETR,2026-02-12,Pre-Market (BMO),2026-02-11,99.66,2026-02-12,99.13,-0.53,-0.53,0.52,0.51,-2.55
ETR,2025-10-29,Pre-Market (BMO),2025-10-28,93.26,2025-10-29,92.26,-1.0,-1.07,1.43,1.53,6.7
ETR,2025-07-30,Pre-Market (BMO),2025-07-29,86.04,2025-07-30,87.95,1.91,2.22,0.91,1.05,15.11
ETR,2025-04-29,Pre-Market (BMO),2025-04-28,82.37,2025-04-29,80.66,-1.71,-2.08,0.69,0.82,19.63
ETR,2025-02-18,Pre-Market (BMO),2025-02-14,79.85,2025-02-18,82.67,2.82,3.53,0.63,0.66,4.27
ETR,2024-10-31,Pre-Market (BMO),2024-10-30,64.06,2024-10-31,67.68,3.62,5.65,1.49,1.5,0.48
ETR,2024-08-01,Pre-Market (BMO),2024-07-31,54.74,2024-08-01,55.47,0.72,1.32,0.88,0.96,9.04
ETR,2024-04-24,Pre-Market (BMO),2024-04-23,50.06,2024-04-24,49.35,-0.71,-1.42,0.72,0.54,-24.59
ETR,2024-02-22,Pre-Market (BMO),2024-02-21,47.29,2024-02-22,46.84,-0.45,-0.96,0.27,0.26,-2.41
ETR,2023-11-01,Pre-Market (BMO),2023-10-31,43.62,2023-11-01,43.78,0.16,0.37,1.5,1.64,8.91
ETR,2023-08-02,Pre-Market (BMO),2023-08-01,45.65,2023-08-02,46.08,0.42,0.93,0.84,0.92,8.91
EVRG,2026-05-07,Pre-Market (BMO),2026-05-06,80.32,2026-05-07,80.72,0.41,0.51,0.61,0.69,13.81
EVRG,2026-02-19,Pre-Market (BMO),2026-02-18,79.07,2026-02-19,79.07,0.0,0.0,0.55,0.42,-24.26
EVRG,2025-11-06,Pre-Market (BMO),2025-11-05,74.8,2025-11-06,73.6,-1.2,-1.6,2.06,2.03,-1.41
EVRG,2025-08-07,Pre-Market (BMO),2025-08-06,70.72,2025-08-07,71.39,0.68,0.96,0.77,0.82,5.95
EVRG,2025-05-08,Pre-Market (BMO),2025-05-07,66.55,2025-05-08,65.57,-0.98,-1.48,0.67,0.54,-19.57
EVRG,2025-02-27,Pre-Market (BMO),2025-02-26,65.36,2025-02-27,64.9,-0.46,-0.71,0.37,0.35,-6.53
EVRG,2024-11-07,Pre-Market (BMO),2024-11-06,57.15,2024-11-07,57.19,0.04,0.07,1.94,2.02,4.36
EVRG,2024-08-09,Pre-Market (BMO),2024-08-08,54.63,2024-08-09,55.37,0.74,1.36,0.89,0.9,0.59
EVRG,2024-05-09,Pre-Market (BMO),2024-05-08,49.94,2024-05-09,49.56,-0.38,-0.77,0.64,0.54,-15.15
EVRG,2024-02-29,Pre-Market (BMO),2024-02-28,45.0,2024-02-29,44.97,-0.03,-0.06,0.28,0.27,-2.34
EVRG,2023-11-07,Pre-Market (BMO),2023-11-06,45.44,2023-11-07,45.3,-0.14,-0.31,1.84,1.88,1.98
EVRG,2023-08-04,Pre-Market (BMO),2023-08-03,51.53,2023-08-04,51.36,-0.17,-0.33,0.77,0.81,4.97
EW,2026-07-23,After-Hours (AMC),2026-07-23,83.82,2026-07-24,88.0,4.18,4.99,0.74,0.78,5.11
EW,2026-04-23,After-Hours (AMC),2026-04-23,79.72,2026-04-24,82.5,2.78,3.49,0.73,0.78,7.33
EW,2026-02-10,After-Hours (AMC),2026-02-10,77.05,2026-02-11,78.61,1.56,2.02,0.62,0.58,-6.27
EW,2025-10-30,After-Hours (AMC),2025-10-30,83.48,2025-10-31,84.48,1.0,1.2,0.59,0.67,12.63
EW,2025-07-24,After-Hours (AMC),2025-07-24,75.8,2025-07-25,81.5,5.7,7.52,0.62,0.67,7.64
EW,2025-04-23,After-Hours (AMC),2025-04-23,70.46,2025-04-24,74.2,3.74,5.31,0.6,0.64,7.46
EW,2025-02-11,After-Hours (AMC),2025-02-11,70.91,2025-02-12,74.0,3.09,4.36,0.55,0.59,6.39
EW,2024-10-24,After-Hours (AMC),2024-10-24,70.35,2024-10-25,68.88,-1.47,-2.09,0.59,0.67,13.97
EW,2024-07-24,After-Hours (AMC),2024-07-24,86.95,2024-07-25,64.01,-22.94,-26.38,0.69,0.7,0.88
EW,2024-04-25,After-Hours (AMC),2024-04-25,88.01,2024-04-26,87.0,-1.01,-1.15,0.64,0.66,2.79
EW,2024-02-06,After-Hours (AMC),2024-02-06,88.25,2024-02-07,89.44,1.19,1.35,0.64,0.64,0.16
EW,2023-10-25,After-Hours (AMC),2023-10-25,68.34,2023-10-26,62.5,-5.84,-8.55,0.59,0.59,-0.66
EXC,2026-05-06,Pre-Market (BMO),2026-05-05,45.75,2026-05-06,46.31,0.56,1.23,0.89,0.91,2.6
EXC,2026-02-12,Pre-Market (BMO),2026-02-11,43.66,2026-02-12,45.11,1.44,3.31,0.55,0.59,7.98
EXC,2025-11-04,Pre-Market (BMO),2025-11-03,44.99,2025-11-04,46.2,1.21,2.68,0.78,0.86,10.54
EXC,2025-07-31,Pre-Market (BMO),2025-07-30,42.72,2025-07-31,42.42,-0.3,-0.7,0.37,0.39,6.11
EXC,2025-05-01,Pre-Market (BMO),2025-04-30,44.87,2025-05-01,44.61,-0.26,-0.58,0.86,0.92,6.9
EXC,2025-02-12,Pre-Market (BMO),2025-02-11,40.15,2025-02-12,38.75,-1.4,-3.49,0.59,0.64,7.95
EXC,2024-10-30,Pre-Market (BMO),2024-10-29,37.11,2024-10-30,37.09,-0.02,-0.05,0.67,0.71,5.9
EXC,2024-08-01,Pre-Market (BMO),2024-07-31,34.55,2024-08-01,34.33,-0.22,-0.65,0.39,0.47,19.4
EXC,2024-05-02,Pre-Market (BMO),2024-05-01,34.8,2024-05-02,35.36,0.56,1.61,0.7,0.68,-2.29
EXC,2024-02-21,Pre-Market (BMO),2024-02-20,31.6,2024-02-21,32.46,0.86,2.74,0.58,0.6,3.06
EXC,2023-11-02,Pre-Market (BMO),2023-11-01,35.63,2023-11-02,35.94,0.31,0.86,0.68,0.67,-1.92
EXC,2023-08-02,Pre-Market (BMO),2023-08-01,37.05,2023-08-02,36.78,-0.27,-0.72,0.4,0.41,1.26
EXE,2026-04-28,After-Hours (AMC),2026-04-28,96.38,2026-04-29,98.53,2.16,2.24,3.63,3.83,5.37
EXE,2026-02-17,After-Hours (AMC),2026-02-17,101.58,2026-02-18,102.98,1.4,1.38,1.89,2.0,5.85
EXE,2025-10-28,After-Hours (AMC),2025-10-28,99.37,2025-10-29,101.69,2.32,2.34,0.85,0.97,14.22
EXE,2025-07-29,After-Hours (AMC),2025-07-29,96.28,2025-07-30,96.89,0.61,0.63,1.15,1.1,-4.14
EXE,2025-04-29,After-Hours (AMC),2025-04-29,103.6,2025-04-30,100.74,-2.85,-2.75,1.87,2.02,8.03
EXE,2025-02-26,After-Hours (AMC),2025-02-26,98.17,2025-02-27,97.42,-0.75,-0.76,0.47,0.55,17.54
EXE,2024-10-29,After-Hours (AMC),2024-10-29,81.67,2024-10-30,81.94,0.27,0.33,-0.06,0.16,371.42
EXE,2024-07-29,After-Hours (AMC),2024-07-29,72.36,2024-07-30,71.31,-1.05,-1.45,-0.02,0.01,163.01
EXE,2024-04-30,After-Hours (AMC),2024-04-30,84.27,2024-05-01,84.1,-0.17,-0.2,0.61,0.56,-7.6
EXE,2024-02-20,After-Hours (AMC),2024-02-20,72.3,2024-02-21,74.02,1.72,2.38,0.7,1.31,88.45
EXE,2023-10-31,After-Hours (AMC),2023-10-31,79.59,2023-11-01,81.36,1.78,2.23,0.59,1.09,83.72
EXE,2023-08-01,After-Hours (AMC),2023-08-01,77.54,2023-08-02,77.12,-0.41,-0.53,0.39,0.64,63.14
EXPD,2026-05-05,Pre-Market (BMO),2026-05-04,138.99,2026-05-05,148.14,9.14,6.58,1.34,1.71,27.77
EXPD,2026-02-24,Pre-Market (BMO),2026-02-23,148.86,2026-02-24,142.5,-6.37,-4.28,1.46,1.49,2.38
EXPD,2025-11-04,Pre-Market (BMO),2025-11-03,121.19,2025-11-04,128.55,7.35,6.07,1.39,1.64,18.06
EXPD,2025-08-05,Pre-Market (BMO),2025-08-04,115.68,2025-08-05,114.04,-1.64,-1.42,1.24,1.34,7.88
EXPD,2025-05-06,Pre-Market (BMO),2025-05-05,109.86,2025-05-06,105.13,-4.73,-4.3,1.37,1.47,7.47
EXPD,2025-02-18,Pre-Market (BMO),2025-02-14,111.71,2025-02-18,117.03,5.33,4.77,1.43,1.68,17.1
EXPD,2024-11-05,Pre-Market (BMO),2024-11-04,117.62,2024-11-05,122.32,4.7,4.0,1.33,1.63,23.02
EXPD,2024-08-06,Pre-Market (BMO),2024-08-05,118.5,2024-08-06,110.26,-8.24,-6.95,1.27,1.24,-2.01
EXPD,2024-05-07,Pre-Market (BMO),2024-05-06,112.3,2024-05-07,112.97,0.67,0.6,1.09,1.17,7.61
EXPD,2024-02-20,Pre-Market (BMO),2024-02-16,120.57,2024-02-20,114.28,-6.29,-5.22,1.21,1.09,-10.16
EXPD,2023-11-07,Pre-Market (BMO),2023-11-06,107.64,2023-11-07,107.05,-0.59,-0.55,1.28,1.16,-9.45
EXPD,2023-08-08,Pre-Market (BMO),2023-08-07,120.5,2023-08-08,119.62,-0.88,-0.73,1.36,1.3,-4.68
EXPE,2026-05-07,After-Hours (AMC),2026-05-07,252.25,2026-05-08,232.02,-20.24,-8.02,1.38,1.96,42.34
EXPE,2026-02-12,After-Hours (AMC),2026-02-12,226.27,2026-02-13,211.09,-15.17,-6.71,3.37,3.78,12.21
EXPE,2025-11-06,After-Hours (AMC),2025-11-06,218.4,2025-11-07,245.53,27.14,12.43,6.95,7.57,8.99
EXPE,2025-08-07,After-Hours (AMC),2025-08-07,186.14,2025-08-08,209.95,23.8,12.79,4.13,4.24,2.62
EXPE,2025-05-08,After-Hours (AMC),2025-05-08,167.27,2025-05-09,151.04,-16.23,-9.7,0.36,0.4,11.49
EXPE,2025-02-06,After-Hours (AMC),2025-02-06,170.46,2025-02-07,192.33,21.88,12.84,2.1,2.39,13.89
EXPE,2024-11-07,After-Hours (AMC),2024-11-07,172.0,2024-11-08,178.84,6.85,3.98,6.12,6.13,0.17
EXPE,2024-08-08,After-Hours (AMC),2024-08-08,116.52,2024-08-09,128.41,11.88,10.2,3.16,3.51,10.9
EXPE,2024-05-02,After-Hours (AMC),2024-05-02,134.42,2024-05-03,120.81,-13.61,-10.13,-0.17,0.21,223.91
EXPE,2024-02-08,After-Hours (AMC),2024-02-08,157.52,2024-02-09,129.01,-28.51,-18.1,1.7,1.72,1.41
EXPE,2023-11-02,After-Hours (AMC),2023-11-02,93.68,2023-11-03,106.68,13.0,13.88,5.0,5.41,8.23
EXPE,2023-08-03,Pre-Market (BMO),2023-08-02,116.55,2023-08-03,104.99,-11.57,-9.92,2.36,2.89,22.22
EXR,2026-04-28,After-Hours (AMC),2026-04-28,139.5,2026-04-29,138.46,-1.04,-0.74,1.1,1.14,3.4
EXR,2026-02-19,After-Hours (AMC),2026-02-19,142.86,2026-02-20,146.95,4.09,2.86,1.15,1.36,17.89
EXR,2025-10-29,After-Hours (AMC),2025-10-29,136.96,2025-10-30,132.93,-4.03,-2.94,1.19,0.78,-34.22
EXR,2025-07-30,After-Hours (AMC),2025-07-30,142.69,2025-07-31,137.96,-4.73,-3.31,1.18,1.18,-0.22
EXR,2025-04-29,After-Hours (AMC),2025-04-29,133.67,2025-04-30,135.58,1.91,1.43,1.03,1.28,24.62
EXR,2025-02-25,After-Hours (AMC),2025-02-25,150.72,2025-02-26,150.33,-0.39,-0.26,1.07,1.24,15.59
EXR,2024-10-29,After-Hours (AMC),2024-10-29,153.19,2024-10-30,152.29,-0.91,-0.59,1.1,0.91,-17.44
EXR,2024-07-30,After-Hours (AMC),2024-07-30,149.49,2024-07-31,149.88,0.39,0.26,1.02,0.88,-13.86
EXR,2024-04-30,After-Hours (AMC),2024-04-30,121.82,2024-05-01,125.93,4.11,3.37,0.99,1.01,1.77
EXR,2024-02-27,After-Hours (AMC),2024-02-27,125.81,2024-02-28,121.57,-4.24,-3.37,1.19,1.04,-12.97
EXR,2023-11-07,After-Hours (AMC),2023-11-07,95.12,2023-11-08,102.04,6.92,7.28,0.94,1.23,30.76
EXR,2023-08-03,After-Hours (AMC),2023-08-03,123.13,2023-08-04,114.47,-8.66,-7.03,1.5,1.5,-0.29
F,2026-04-29,After-Hours (AMC),2026-04-29,12.09,2026-04-30,11.41,-0.68,-5.64,0.19,0.66,256.64
F,2026-02-10,After-Hours (AMC),2026-02-10,13.26,2026-02-11,13.31,0.05,0.37,0.19,0.13,-32.87
F,2025-10-23,After-Hours (AMC),2025-10-23,11.92,2025-10-24,12.29,0.38,3.16,0.36,0.45,25.41
F,2025-07-30,After-Hours (AMC),2025-07-30,10.36,2025-07-31,10.26,-0.1,-0.92,0.33,0.37,11.11
F,2025-05-05,After-Hours (AMC),2025-05-05,9.55,2025-05-06,9.48,-0.08,-0.79,0.02,0.14,556.97
F,2025-02-05,After-Hours (AMC),2025-02-05,9.1,2025-02-06,8.63,-0.47,-5.19,0.32,0.39,20.36
F,2024-10-28,After-Hours (AMC),2024-10-28,10.2,2024-10-29,9.45,-0.75,-7.39,0.47,0.49,3.47
F,2024-07-24,After-Hours (AMC),2024-07-24,12.08,2024-07-25,10.43,-1.65,-13.68,0.68,0.47,-31.27
F,2024-04-24,After-Hours (AMC),2024-04-24,11.31,2024-04-25,11.22,-0.09,-0.77,0.44,0.49,12.16
F,2024-02-06,After-Hours (AMC),2024-02-06,10.26,2024-02-07,10.82,0.56,5.47,0.12,0.29,137.7
F,2023-10-26,After-Hours (AMC),2023-10-26,9.5,2023-10-27,9.15,-0.35,-3.7,0.46,0.39,-14.46
F,2023-07-27,After-Hours (AMC),2023-07-27,11.49,2023-07-28,11.37,-0.13,-1.09,0.54,0.72,33.71
FANG,2026-05-04,After-Hours (AMC),2026-05-04,212.52,2026-05-05,208.95,-3.57,-1.68,3.75,4.23,12.78
FANG,2026-02-23,After-Hours (AMC),2026-02-23,171.84,2026-02-24,173.01,1.17,0.68,2.0,1.74,-13.16
FANG,2025-11-03,After-Hours (AMC),2025-11-03,138.71,2025-11-04,139.02,0.31,0.23,2.94,3.08,4.59
FANG,2025-08-04,After-Hours (AMC),2025-08-04,144.06,2025-08-05,144.06,0.0,0.0,2.72,2.67,-2.01
FANG,2025-05-05,After-Hours (AMC),2025-05-05,128.84,2025-05-06,129.63,0.79,0.62,4.2,4.54,8.11
FANG,2025-02-24,After-Hours (AMC),2025-02-24,149.23,2025-02-25,151.13,1.9,1.28,3.38,3.64,7.54
FANG,2024-11-04,After-Hours (AMC),2024-11-04,171.95,2024-11-05,167.31,-4.65,-2.7,3.92,3.38,-13.86
FANG,2024-08-05,After-Hours (AMC),2024-08-05,175.03,2024-08-06,181.83,6.81,3.89,4.5,4.52,0.46
FANG,2024-04-30,After-Hours (AMC),2024-04-30,188.24,2024-05-01,189.99,1.75,0.93,4.41,4.5,2.12
FANG,2024-02-20,After-Hours (AMC),2024-02-20,163.88,2024-02-21,167.71,3.84,2.34,4.65,4.74,1.89
FANG,2023-11-06,After-Hours (AMC),2023-11-06,144.26,2023-11-07,142.17,-2.09,-1.45,4.99,5.49,10.03
FANG,2023-07-31,After-Hours (AMC),2023-07-31,131.97,2023-08-01,130.96,-1.0,-0.76,3.89,3.68,-5.38
FAST,2026-07-14,Pre-Market (BMO),2026-07-13,47.05,2026-07-14,46.57,-0.48,-1.02,0.33,0.33,1.25
FAST,2026-04-13,Pre-Market (BMO),2026-04-10,48.91,2026-04-13,48.48,-0.43,-0.87,0.3,0.3,0.68
FAST,2026-01-20,Pre-Market (BMO),2026-01-16,43.27,2026-01-20,41.5,-1.77,-4.09,0.26,0.26,0.54
FAST,2025-10-13,Pre-Market (BMO),2025-10-10,45.05,2025-10-13,42.91,-2.15,-4.76,0.3,0.29,-2.2
FAST,2025-07-14,Pre-Market (BMO),2025-07-11,42.38,2025-07-14,43.38,1.0,2.36,0.27,0.29,7.34
FAST,2025-04-11,Pre-Market (BMO),2025-04-10,36.92,2025-04-11,36.64,-0.28,-0.77,0.26,0.26,0.05
FAST,2025-01-17,Pre-Market (BMO),2025-01-16,36.21,2025-01-17,36.97,0.76,2.09,0.24,0.23,-3.83
FAST,2024-10-11,Pre-Market (BMO),2024-10-10,33.72,2024-10-11,35.56,1.84,5.44,0.26,0.26,1.0
FAST,2024-07-12,Pre-Market (BMO),2024-07-11,30.74,2024-07-12,32.46,1.72,5.58,0.25,0.26,0.15
FAST,2024-04-11,Pre-Market (BMO),2024-04-10,35.6,2024-04-11,34.45,-1.15,-3.22,0.27,0.26,-2.03
FAST,2024-01-18,Pre-Market (BMO),2024-01-17,30.02,2024-01-18,31.28,1.26,4.2,0.22,0.23,2.27
FAST,2023-10-12,Pre-Market (BMO),2023-10-11,26.2,2023-10-12,27.46,1.26,4.8,0.25,0.26,3.49
FCX,2026-07-23,Pre-Market (BMO),2026-07-22,65.0,2026-07-23,62.64,-2.36,-3.63,0.62,0.74,18.5
FCX,2026-04-23,Pre-Market (BMO),2026-04-22,70.19,2026-04-23,62.12,-8.07,-11.5,0.47,0.57,21.95
FCX,2026-01-22,Pre-Market (BMO),2026-01-21,60.3,2026-01-22,60.5,0.2,0.33,0.32,0.47,46.66
FCX,2025-10-23,Pre-Market (BMO),2025-10-22,40.49,2025-10-23,41.16,0.67,1.64,0.41,0.5,22.84
FCX,2025-07-23,Pre-Market (BMO),2025-07-22,45.31,2025-07-23,44.19,-1.13,-2.49,0.44,0.54,21.81
FCX,2025-04-24,Pre-Market (BMO),2025-04-23,34.7,2025-04-24,35.08,0.37,1.08,0.23,0.24,4.59
FCX,2025-01-23,Pre-Market (BMO),2025-01-22,38.38,2025-01-23,37.41,-0.96,-2.51,0.22,0.31,43.23
FCX,2024-10-22,Pre-Market (BMO),2024-10-21,46.89,2024-10-22,48.9,2.01,4.3,0.37,0.38,2.76
FCX,2024-07-23,Pre-Market (BMO),2024-07-22,44.86,2024-07-23,43.87,-0.98,-2.2,0.38,0.46,21.31
FCX,2024-04-23,Pre-Market (BMO),2024-04-22,47.59,2024-04-23,46.13,-1.46,-3.06,0.28,0.32,12.93
FCX,2024-01-24,Pre-Market (BMO),2024-01-23,37.0,2024-01-24,39.4,2.4,6.5,0.23,0.27,17.07
FCX,2023-10-19,Pre-Market (BMO),2023-10-18,34.39,2023-10-19,34.29,-0.1,-0.28,0.34,0.39,15.14
FDX,2026-06-23,After-Hours (AMC),2026-06-23,317.24,2026-06-24,314.77,-2.47,-0.78,5.92,6.31,6.53
FDX,2026-03-19,After-Hours (AMC),2026-03-19,285.88,2026-03-20,305.72,19.84,6.94,4.18,5.25,25.52
FDX,2025-12-18,After-Hours (AMC),2025-12-18,229.57,2025-12-19,217.52,-12.04,-5.25,4.11,4.82,17.16
FDX,2025-09-18,After-Hours (AMC),2025-09-18,180.17,2025-09-19,181.61,1.43,0.79,3.61,3.83,6.01
FDX,2025-06-24,After-Hours (AMC),2025-06-24,181.41,2025-06-25,172.77,-8.64,-4.76,5.8,6.07,4.59
FDX,2025-03-20,After-Hours (AMC),2025-03-20,193.36,2025-03-21,172.62,-20.73,-10.72,4.63,4.51,-2.65
FDX,2024-12-19,After-Hours (AMC),2024-12-19,215.48,2024-12-20,229.63,14.15,6.57,3.97,4.05,2.12
FDX,2024-09-19,After-Hours (AMC),2024-09-19,233.47,2024-09-20,202.68,-30.79,-13.19,4.77,3.6,-24.48
FDX,2024-06-25,After-Hours (AMC),2024-06-25,198.29,2024-06-26,223.08,24.79,12.5,5.37,5.41,0.73
FDX,2024-03-21,After-Hours (AMC),2024-03-21,203.73,2024-03-22,220.0,16.27,7.99,3.48,3.86,10.95
FDX,2023-12-19,After-Hours (AMC),2023-12-19,214.3,2023-12-20,188.66,-25.64,-11.96,4.2,3.99,-5.01
FDX,2023-09-20,After-Hours (AMC),2023-09-20,190.83,2023-09-21,199.58,8.74,4.58,3.75,4.55,21.29
FE,2026-04-28,After-Hours (AMC),2026-04-28,49.07,2026-04-29,48.47,-0.6,-1.23,0.72,0.72,0.63
FE,2026-02-17,After-Hours (AMC),2026-02-17,48.85,2026-02-18,48.94,0.09,0.18,0.53,0.53,-0.91
FE,2025-10-22,After-Hours (AMC),2025-10-22,45.91,2025-10-23,46.24,0.33,0.72,0.77,0.83,7.46
FE,2025-07-30,After-Hours (AMC),2025-07-30,40.16,2025-07-31,40.28,0.12,0.31,0.49,0.52,6.88
FE,2025-04-23,After-Hours (AMC),2025-04-23,40.49,2025-04-24,40.51,0.03,0.07,0.59,0.67,13.09
FE,2025-02-26,After-Hours (AMC),2025-02-26,40.94,2025-02-27,38.81,-2.13,-5.2,0.69,0.67,-2.81
FE,2024-10-29,After-Hours (AMC),2024-10-29,39.89,2024-10-30,40.1,0.21,0.54,0.9,0.85,-6.04
FE,2024-07-30,After-Hours (AMC),2024-07-30,38.54,2024-07-31,38.79,0.25,0.65,0.56,0.56,0.81
FE,2024-04-25,After-Hours (AMC),2024-04-25,35.18,2024-04-26,34.84,-0.34,-0.96,0.55,0.55,0.73
FE,2024-02-08,After-Hours (AMC),2024-02-08,32.64,2024-02-09,32.83,0.19,0.59,0.59,0.62,4.56
FE,2023-10-26,After-Hours (AMC),2023-10-26,32.15,2023-10-27,31.83,-0.32,-1.0,0.85,0.88,3.56
FE,2023-08-01,After-Hours (AMC),2023-08-01,34.4,2023-08-02,34.21,-0.19,-0.56,0.45,0.47,3.61
FIS,2026-05-08,Pre-Market (BMO),2026-05-07,46.72,2026-05-08,44.0,-2.72,-5.82,1.29,1.36,5.68
FIS,2026-02-24,Pre-Market (BMO),2026-02-23,46.52,2026-02-24,47.35,0.82,1.77,1.69,1.68,-0.5
FIS,2025-11-05,Pre-Market (BMO),2025-11-04,61.53,2025-11-05,62.08,0.56,0.9,1.48,1.51,1.72
FIS,2025-08-05,Pre-Market (BMO),2025-08-04,76.48,2025-08-05,72.46,-4.03,-5.27,1.36,1.36,0.09
FIS,2025-05-06,Pre-Market (BMO),2025-05-05,75.49,2025-05-06,74.3,-1.2,-1.58,1.2,1.21,1.05
FIS,2025-02-11,Pre-Market (BMO),2025-02-10,79.23,2025-02-11,69.01,-10.22,-12.9,1.36,1.39,2.38
FIS,2024-11-04,Pre-Market (BMO),2024-11-01,85.04,2024-11-04,83.99,-1.05,-1.23,1.29,1.4,8.31
FIS,2024-08-06,Pre-Market (BMO),2024-08-05,69.18,2024-08-06,71.22,2.04,2.95,1.23,1.36,10.37
FIS,2024-05-06,After-Hours (AMC),2024-05-06,66.64,2024-05-07,69.05,2.41,3.62,0.96,1.1,14.97
FIS,2024-02-26,Pre-Market (BMO),2024-02-23,60.49,2024-02-26,59.09,-1.4,-2.32,1.09,0.94,-13.82
FIS,2023-11-07,Pre-Market (BMO),2023-11-06,48.24,2023-11-07,47.83,-0.41,-0.85,1.58,1.65,4.21
FIS,2023-08-02,Pre-Market (BMO),2023-08-01,56.42,2023-08-02,57.43,1.01,1.78,1.48,1.55,4.69
FISV,2026-05-05,Pre-Market (BMO),2026-05-04,62.81,2026-05-05,57.82,-4.99,-7.94,1.58,1.79,13.49
FISV,2026-02-10,Pre-Market (BMO),2026-02-09,60.14,2026-02-10,59.64,-0.5,-0.83,1.9,1.99,4.6
FISV,2025-10-29,Pre-Market (BMO),2025-10-28,126.17,2025-10-29,71.36,-54.81,-43.44,2.65,2.04,-22.9
FISV,2025-07-23,Pre-Market (BMO),2025-07-22,165.98,2025-07-23,137.0,-28.98,-17.46,2.43,2.47,1.49
FISV,2025-04-24,Pre-Market (BMO),2025-04-23,217.1,2025-04-24,193.04,-24.06,-11.08,2.08,2.14,3.1
FISV,2025-02-05,Pre-Market (BMO),2025-02-04,214.22,2025-02-05,224.41,10.19,4.76,2.48,2.51,1.18
FISV,2024-10-22,Pre-Market (BMO),2024-10-21,197.17,2024-10-22,191.93,-5.24,-2.66,2.26,2.3,1.6
FISV,2024-07-24,Pre-Market (BMO),2024-07-23,157.22,2024-07-24,160.0,2.78,1.77,2.1,2.13,1.4
FISV,2024-04-23,Pre-Market (BMO),2024-04-22,148.8,2024-04-23,159.23,10.43,7.01,1.79,1.88,5.09
FISV,2024-02-06,Pre-Market (BMO),2024-02-05,144.15,2024-02-06,141.62,-2.53,-1.76,2.15,2.19,1.67
FISV,2023-10-24,Pre-Market (BMO),2023-10-23,109.61,2023-10-24,113.14,3.53,3.22,1.93,1.96,1.69
FITB,2026-07-17,Pre-Market (BMO),2026-07-16,59.37,2026-07-17,58.93,-0.44,-0.74,0.84,0.83,-1.24
FITB,2026-04-17,Pre-Market (BMO),2026-04-16,49.17,2026-04-17,50.55,1.38,2.81,0.22,0.15,-32.16
FITB,2026-01-20,Pre-Market (BMO),2026-01-16,48.38,2026-01-20,48.07,-0.31,-0.63,0.99,1.04,4.93
FITB,2025-10-17,Pre-Market (BMO),2025-10-16,39.38,2025-10-17,40.9,1.51,3.84,0.86,0.91,5.86
FITB,2025-07-17,Pre-Market (BMO),2025-07-16,41.64,2025-07-17,41.5,-0.14,-0.33,0.87,0.88,1.47
FITB,2025-04-17,Pre-Market (BMO),2025-04-16,32.97,2025-04-17,31.95,-1.03,-3.11,0.7,0.71,1.42
FITB,2025-01-21,Pre-Market (BMO),2025-01-17,42.1,2025-01-21,42.68,0.58,1.38,0.87,0.9,3.01
FITB,2024-10-18,Pre-Market (BMO),2024-10-17,42.7,2024-10-18,43.02,0.32,0.75,0.82,0.85,3.17
FITB,2024-07-19,Pre-Market (BMO),2024-07-18,37.54,2024-07-19,38.12,0.58,1.54,0.84,0.86,1.79
FITB,2024-04-19,Pre-Market (BMO),2024-04-18,31.62,2024-04-19,33.65,2.03,6.43,0.68,0.7,2.9
FITB,2024-01-19,Pre-Market (BMO),2024-01-18,30.41,2024-01-19,31.32,0.91,2.98,0.64,0.72,12.78
FITB,2023-10-19,Pre-Market (BMO),2023-10-18,22.32,2023-10-19,22.42,0.1,0.45,0.83,0.92,11.51
FLEX,2026-05-05,After-Hours (AMC),2026-05-05,96.45,2026-05-06,119.85,23.4,24.26,0.88,0.93,6.07
FLEX,2026-02-04,Pre-Market (BMO),2026-02-03,65.99,2026-02-04,62.9,-3.09,-4.68,0.79,0.87,10.54
FLEX,2025-10-29,Pre-Market (BMO),2025-10-28,64.26,2025-10-29,59.49,-4.77,-7.42,0.76,0.79,4.35
FLEX,2025-07-24,Pre-Market (BMO),2025-07-23,53.8,2025-07-24,50.53,-3.27,-6.08,0.64,0.72,12.34
FLEX,2025-05-07,Pre-Market (BMO),2025-05-06,36.77,2025-05-07,36.82,0.05,0.14,0.69,0.73,5.23
FLEX,2025-01-29,Pre-Market (BMO),2025-01-28,40.59,2025-01-29,42.28,1.69,4.16,0.63,0.77,21.82
FLEX,2024-10-30,Pre-Market (BMO),2024-10-29,34.67,2024-10-30,34.5,-0.17,-0.49,0.56,0.64,14.34
FLEX,2024-07-24,Pre-Market (BMO),2024-07-23,29.72,2024-07-24,31.82,2.1,7.07,0.41,0.51,25.22
FLEX,2024-05-01,Pre-Market (BMO),2024-04-30,28.65,2024-05-01,26.96,-1.69,-5.9,0.55,0.57,2.88
FLEX,2024-01-31,After-Hours (AMC),2024-01-31,23.74,2024-02-01,24.86,1.12,4.72,0.61,0.71,15.73
FLEX,2023-10-25,After-Hours (AMC),2023-10-25,17.5,2023-10-26,19.21,1.71,9.78,0.58,0.68,17.22
FOX,2026-05-11,Pre-Market (BMO),2026-05-08,56.6,2026-05-11,57.97,1.37,2.42,1.08,1.32,22.22
FOX,2026-02-04,Pre-Market (BMO),2026-02-03,62.84,2026-02-04,61.55,-1.29,-2.06,0.54,0.82,51.85
FOX,2025-10-30,Pre-Market (BMO),2025-10-29,54.06,2025-10-30,55.94,1.88,3.49,1.09,1.51,38.53
FOX,2025-08-05,Pre-Market (BMO),2025-08-04,51.48,2025-08-05,51.68,0.2,0.38,1.04,1.27,22.12
FOX,2025-05-12,Pre-Market (BMO),2025-05-09,46.24,2025-05-12,48.42,2.19,4.73,0.87,1.1,26.44
FOX,2025-02-04,Pre-Market (BMO),2025-02-03,48.43,2025-02-04,51.56,3.13,6.46,0.62,0.96,54.84
FOX,2024-11-04,Pre-Market (BMO),2024-11-01,38.29,2024-11-04,41.29,3.0,7.84,1.15,1.45,26.09
FOX,2024-08-06,Pre-Market (BMO),2024-08-05,33.28,2024-08-06,33.05,-0.22,-0.68,0.8,0.9,12.5
FOX,2024-05-08,Pre-Market (BMO),2024-05-07,29.18,2024-05-08,28.94,-0.24,-0.84,0.96,1.09,13.54
FOX,2024-02-07,Pre-Market (BMO),2024-02-06,28.4,2024-02-07,29.52,1.12,3.95,0.12,0.34,183.33
FOX,2023-11-02,Pre-Market (BMO),2023-11-01,27.01,2023-11-02,27.3,0.29,1.08,0.9,1.09,21.11
FOX,2023-08-08,Pre-Market (BMO),2023-08-07,29.89,2023-08-08,31.35,1.46,4.88,0.72,0.88,22.22
FOXA,2026-05-11,Pre-Market (BMO),2026-05-08,62.94,2026-05-11,65.2,2.26,3.59,0.97,1.32,36.35
FOXA,2026-02-04,Pre-Market (BMO),2026-02-03,69.93,2026-02-04,71.65,1.72,2.46,0.52,0.82,58.6
FOXA,2025-10-30,Pre-Market (BMO),2025-10-29,60.51,2025-10-30,62.62,2.11,3.49,1.1,1.51,37.42
FOXA,2025-08-05,Pre-Market (BMO),2025-08-04,56.44,2025-08-05,57.38,0.94,1.66,1.0,1.27,27.28
FOXA,2025-05-12,Pre-Market (BMO),2025-05-09,49.77,2025-05-12,53.17,3.41,6.85,0.9,1.1,22.62
FOXA,2025-02-04,Pre-Market (BMO),2025-02-03,51.21,2025-02-04,54.64,3.43,6.7,0.64,0.96,50.24
FOXA,2024-11-04,Pre-Market (BMO),2024-11-01,41.29,2024-11-04,44.98,3.7,8.95,1.14,1.45,27.05
FOXA,2024-08-06,Pre-Market (BMO),2024-08-05,35.61,2024-08-06,36.1,0.49,1.38,0.81,0.9,11.03
FOXA,2024-05-08,Pre-Market (BMO),2024-05-07,31.65,2024-05-08,31.71,0.06,0.19,0.96,1.09,13.68
FOXA,2024-02-07,Pre-Market (BMO),2024-02-06,30.69,2024-02-07,31.9,1.21,3.95,0.12,0.34,173.75
FOXA,2023-11-02,Pre-Market (BMO),2023-11-01,29.56,2023-11-02,28.26,-1.3,-4.4,1.0,1.09,8.81
FOXA,2023-08-08,Pre-Market (BMO),2023-08-07,31.85,2023-08-08,33.21,1.36,4.26,0.72,0.88,22.46
FSLR,2026-04-30,After-Hours (AMC),2026-04-30,201.89,2026-05-01,200.08,-1.81,-0.9,2.96,3.22,8.95
FSLR,2026-02-24,After-Hours (AMC),2026-02-24,243.21,2026-02-25,197.54,-45.67,-18.78,5.24,4.84,-7.6
FSLR,2025-10-30,After-Hours (AMC),2025-10-30,233.58,2025-10-31,249.13,15.55,6.66,4.29,4.24,-1.13
FSLR,2025-07-31,After-Hours (AMC),2025-07-31,174.73,2025-08-01,186.34,11.61,6.64,2.68,3.18,18.77
FSLR,2025-04-29,After-Hours (AMC),2025-04-29,137.24,2025-04-30,120.76,-16.48,-12.01,2.47,1.95,-21.01
FSLR,2025-02-25,After-Hours (AMC),2025-02-25,147.46,2025-02-26,154.66,7.2,4.88,4.73,3.65,-22.75
FSLR,2024-10-29,After-Hours (AMC),2024-10-29,199.67,2024-10-30,187.63,-12.04,-6.03,3.15,2.91,-7.54
FSLR,2024-07-30,After-Hours (AMC),2024-07-30,210.89,2024-07-31,220.12,9.23,4.38,2.66,3.25,22.25
FSLR,2024-05-01,After-Hours (AMC),2024-05-01,177.58,2024-05-02,178.54,0.96,0.54,1.99,2.2,10.34
FSLR,2024-02-27,After-Hours (AMC),2024-02-27,144.99,2024-02-28,153.95,8.96,6.18,3.13,3.25,3.67
FSLR,2023-10-31,After-Hours (AMC),2023-10-31,142.45,2023-11-01,148.49,6.04,4.24,2.04,2.5,22.79
FSLR,2023-07-27,After-Hours (AMC),2023-07-27,198.8,2023-07-28,223.59,24.79,12.47,0.96,1.89,97.41
FTNT,2026-05-06,After-Hours (AMC),2026-05-06,89.95,2026-05-07,105.26,15.31,17.02,0.62,0.82,32.63
FTNT,2026-02-05,After-Hours (AMC),2026-02-05,78.93,2026-02-06,81.8,2.87,3.64,0.74,0.81,8.95
FTNT,2025-11-05,After-Hours (AMC),2025-11-05,85.99,2025-11-06,76.05,-9.94,-11.56,0.63,0.74,16.91
FTNT,2025-08-06,After-Hours (AMC),2025-08-06,96.58,2025-08-07,74.3,-22.28,-23.07,0.59,0.64,8.27
FTNT,2025-05-07,After-Hours (AMC),2025-05-07,106.72,2025-05-08,97.6,-9.12,-8.55,0.53,0.58,9.02
FTNT,2025-02-06,After-Hours (AMC),2025-02-06,104.72,2025-02-07,109.49,4.77,4.56,0.61,0.74,21.86
FTNT,2024-11-07,After-Hours (AMC),2024-11-07,83.68,2024-11-08,84.5,0.82,0.98,0.52,0.63,21.52
FTNT,2024-08-06,After-Hours (AMC),2024-08-06,55.81,2024-08-07,65.68,9.87,17.69,0.41,0.57,40.18
FTNT,2024-05-02,After-Hours (AMC),2024-05-02,65.2,2024-05-03,61.86,-3.34,-5.12,0.38,0.43,11.75
FTNT,2024-02-06,After-Hours (AMC),2024-02-06,67.48,2024-02-07,73.83,6.35,9.41,0.43,0.51,18.14
FTNT,2023-11-02,After-Hours (AMC),2023-11-02,57.59,2023-11-03,44.5,-13.09,-22.73,0.36,0.41,12.58
FTNT,2023-08-03,After-Hours (AMC),2023-08-03,75.76,2023-08-04,60.42,-15.34,-20.25,0.34,0.38,10.69
FTV,2026-04-30,Pre-Market (BMO),2026-04-29,61.69,2026-04-30,62.05,0.36,0.58,0.64,0.7,8.89
FTV,2026-02-04,Pre-Market (BMO),2026-02-03,54.24,2026-02-04,54.39,0.15,0.28,0.84,0.9,7.36
FTV,2025-10-29,Pre-Market (BMO),2025-10-28,49.0,2025-10-29,54.74,5.74,11.72,0.57,0.68,19.48
FTV,2025-07-30,Pre-Market (BMO),2025-07-29,50.7,2025-07-30,52.63,1.93,3.81,0.59,0.58,-2.13
FTV,2025-05-01,Pre-Market (BMO),2025-04-30,52.23,2025-05-01,48.92,-3.3,-6.33,0.85,0.85,-0.17
FTV,2025-02-07,Pre-Market (BMO),2025-02-06,59.77,2025-02-07,59.89,0.12,0.2,1.12,1.17,4.44
FTV,2024-10-30,Pre-Market (BMO),2024-10-29,55.79,2024-10-30,54.78,-1.02,-1.82,0.93,0.97,4.15
FTV,2024-07-24,Pre-Market (BMO),2024-07-23,57.29,2024-07-24,53.04,-4.24,-7.41,0.92,0.93,1.04
FTV,2024-04-24,Pre-Market (BMO),2024-04-23,60.22,2024-04-24,55.71,-4.51,-7.5,0.79,0.83,4.47
FTV,2024-01-31,Pre-Market (BMO),2024-01-30,55.69,2024-01-31,59.13,3.44,6.17,0.94,0.98,4.45
FTV,2023-10-25,Pre-Market (BMO),2023-10-24,52.31,2023-10-25,48.74,-3.57,-6.83,0.85,0.85,0.1
GD,2026-04-29,Pre-Market (BMO),2026-04-28,312.31,2026-04-29,336.6,24.29,7.78,3.69,4.1,11.06
GD,2026-01-28,Pre-Market (BMO),2026-01-27,363.33,2026-01-28,348.63,-14.7,-4.05,4.12,4.17,1.27
GD,2025-10-24,Pre-Market (BMO),2025-10-23,337.05,2025-10-24,352.35,15.3,4.54,3.71,3.88,4.57
GD,2025-07-23,Pre-Market (BMO),2025-07-22,292.44,2025-07-23,304.63,12.19,4.17,3.54,3.74,5.59
GD,2025-04-23,Pre-Market (BMO),2025-04-22,268.66,2025-04-23,265.56,-3.1,-1.15,3.48,3.66,5.32
GD,2025-01-29,Pre-Market (BMO),2025-01-28,255.28,2025-01-29,246.78,-8.51,-3.33,4.04,4.15,2.71
GD,2024-10-23,Pre-Market (BMO),2024-10-22,295.93,2024-10-23,294.83,-1.1,-0.37,3.51,3.35,-4.45
GD,2024-07-24,Pre-Market (BMO),2024-07-23,283.41,2024-07-24,275.27,-8.14,-2.87,3.33,3.26,-1.99
GD,2024-04-24,Pre-Market (BMO),2024-04-23,280.33,2024-04-24,276.95,-3.38,-1.21,2.93,2.88,-1.76
GD,2024-01-24,Pre-Market (BMO),2024-01-23,237.65,2024-01-24,240.46,2.81,1.18,3.62,3.64,0.68
GD,2023-10-25,Pre-Market (BMO),2023-10-24,220.87,2023-10-25,226.62,5.74,2.6,2.92,3.04,3.93
GDDY,2026-04-30,After-Hours (AMC),2026-04-30,86.79,2026-05-01,93.99,7.2,8.3,1.99,2.05,2.69
GDDY,2026-02-24,After-Hours (AMC),2026-02-24,92.3,2026-02-25,76.89,-15.42,-16.7,2.22,2.3,3.72
GDDY,2025-10-30,After-Hours (AMC),2025-10-30,126.74,2025-10-31,129.66,2.92,2.3,2.15,1.99,-7.1
GDDY,2025-08-07,After-Hours (AMC),2025-08-07,150.25,2025-08-08,140.48,-9.77,-6.5,1.34,1.41,5.41
GDDY,2025-05-01,After-Hours (AMC),2025-05-01,192.36,2025-05-02,172.7,-19.66,-10.22,1.97,1.86,-5.15
GDDY,2025-02-13,After-Hours (AMC),2025-02-13,212.54,2025-02-14,194.75,-17.79,-8.37,1.44,1.36,-5.54
GDDY,2024-10-30,After-Hours (AMC),2024-10-30,161.6,2024-10-31,164.3,2.7,1.67,1.4,1.8,27.91
GDDY,2024-08-01,After-Hours (AMC),2024-08-01,141.41,2024-08-02,146.91,5.5,3.89,1.28,1.43,11.43
GDDY,2024-05-02,After-Hours (AMC),2024-05-02,124.33,2024-05-03,126.15,1.82,1.46,1.16,3.43,196.27
GDDY,2024-02-13,After-Hours (AMC),2024-02-13,113.03,2024-02-14,112.21,-0.82,-0.73,1.25,8.53,580.07
GDDY,2023-11-02,After-Hours (AMC),2023-11-02,75.19,2023-11-03,77.88,2.69,3.58,0.97,1.48,52.3
GDDY,2023-08-03,After-Hours (AMC),2023-08-03,75.72,2023-08-04,74.91,-0.81,-1.07,0.56,0.54,-4.25
GE,2026-07-16,Pre-Market (BMO),2026-07-15,360.35,2026-07-16,353.22,-7.13,-1.98,1.86,2.02,8.62
GE,2026-04-21,Pre-Market (BMO),2026-04-20,303.22,2026-04-21,293.21,-10.01,-3.3,1.6,1.86,16.31
GE,2026-01-22,Pre-Market (BMO),2026-01-21,317.64,2026-01-22,305.04,-12.6,-3.97,1.43,1.57,9.81
GE,2025-10-21,Pre-Market (BMO),2025-10-20,301.52,2025-10-21,306.12,4.6,1.53,1.47,1.66,13.01
GE,2025-07-17,Pre-Market (BMO),2025-07-16,264.84,2025-07-17,268.44,3.6,1.36,1.43,1.66,15.97
GE,2025-04-22,Pre-Market (BMO),2025-04-21,177.19,2025-04-22,185.29,8.1,4.57,1.27,1.49,17.51
GE,2025-01-23,Pre-Market (BMO),2025-01-22,186.79,2025-01-23,199.72,12.93,6.92,1.04,1.32,26.9
GE,2024-10-22,Pre-Market (BMO),2024-10-21,192.3,2024-10-22,182.66,-9.63,-5.01,1.13,1.15,1.34
GE,2024-07-23,Pre-Market (BMO),2024-07-22,160.9,2024-07-23,164.1,3.2,1.99,0.99,1.2,20.79
GE,2024-04-23,Pre-Market (BMO),2024-04-22,148.22,2024-04-23,155.76,7.54,5.09,0.7,0.82,16.42
GE,2024-01-23,Pre-Market (BMO),2024-01-22,103.18,2024-01-23,100.35,-2.83,-2.74,0.9,1.03,14.86
GE,2023-10-24,Pre-Market (BMO),2023-10-23,83.83,2023-10-24,87.26,3.43,4.09,0.56,0.82,46.28
GEHC,2026-04-29,Pre-Market (BMO),2026-04-28,68.46,2026-04-29,62.11,-6.35,-9.27,1.05,0.99,-5.71
GEHC,2026-02-04,Pre-Market (BMO),2026-02-03,78.7,2026-02-04,79.63,0.93,1.18,1.4,1.44,2.99
GEHC,2025-10-29,Pre-Market (BMO),2025-10-28,79.29,2025-10-29,76.63,-2.66,-3.35,1.05,1.07,2.21
GEHC,2025-07-30,Pre-Market (BMO),2025-07-29,77.57,2025-07-30,73.21,-4.36,-5.62,0.92,1.06,15.51
GEHC,2025-04-30,Pre-Market (BMO),2025-04-29,67.93,2025-04-30,72.33,4.4,6.48,0.91,1.01,10.61
GEHC,2025-02-13,Pre-Market (BMO),2025-02-12,85.65,2025-02-13,89.74,4.09,4.77,1.26,1.45,14.77
GEHC,2024-10-30,Pre-Market (BMO),2024-10-29,84.99,2024-10-30,89.44,4.45,5.23,1.05,1.14,8.3
GEHC,2024-07-31,Pre-Market (BMO),2024-07-30,82.35,2024-07-31,79.81,-2.54,-3.09,0.98,1.0,2.37
GEHC,2024-04-30,Pre-Market (BMO),2024-04-29,88.59,2024-04-30,80.72,-7.87,-8.88,0.91,0.9,-0.74
GEHC,2024-02-06,Pre-Market (BMO),2024-02-05,73.09,2024-02-06,76.42,3.33,4.55,1.07,1.18,9.82
GEHC,2023-10-31,Pre-Market (BMO),2023-10-30,62.87,2023-10-31,66.37,3.5,5.57,0.9,0.99,10.44
GEN,2026-05-07,After-Hours (AMC),2026-05-07,20.08,2026-05-08,20.95,0.87,4.31,0.65,0.67,3.4
GEN,2026-02-05,After-Hours (AMC),2026-02-05,22.19,2026-02-06,23.46,1.27,5.71,0.63,0.64,1.43
GEN,2025-11-06,After-Hours (AMC),2025-11-06,25.06,2025-11-07,24.39,-0.67,-2.67,0.61,0.62,1.59
GEN,2025-08-07,After-Hours (AMC),2025-08-07,27.73,2025-08-08,29.11,1.38,4.99,0.6,0.64,6.72
GEN,2025-05-06,After-Hours (AMC),2025-05-06,25.12,2025-05-07,26.36,1.24,4.94,0.58,0.59,1.31
GEN,2025-01-30,After-Hours (AMC),2025-01-30,27.12,2025-01-31,25.87,-1.24,-4.59,0.55,0.56,1.59
GEN,2024-10-30,After-Hours (AMC),2024-10-30,26.05,2024-10-31,26.77,0.72,2.75,0.54,0.54,-0.42
GEN,2024-08-01,After-Hours (AMC),2024-08-01,24.31,2024-08-02,24.01,-0.31,-1.27,0.53,0.53,0.61
GEN,2024-05-09,After-Hours (AMC),2024-05-09,19.5,2024-05-10,21.54,2.04,10.47,0.52,0.53,1.69
GEN,2024-02-01,After-Hours (AMC),2024-02-01,22.8,2024-02-02,21.33,-1.47,-6.44,0.5,0.49,-1.35
GEN,2023-11-07,Pre-Market (BMO),2023-11-06,16.53,2023-11-07,17.45,0.92,5.56,0.47,0.47,-0.21
GEN,2023-08-03,After-Hours (AMC),2023-08-03,17.53,2023-08-04,17.81,0.28,1.61,0.47,0.47,0.82
GEV,2026-07-22,Pre-Market (BMO),2026-07-21,1078.81,2026-07-22,1021.01,-57.8,-5.36,3.18,2.47,-22.44
GEV,2026-04-22,Pre-Market (BMO),2026-04-21,990.79,2026-04-22,1075.61,84.82,8.56,1.67,2.01,20.38
GEV,2026-01-28,Pre-Market (BMO),2026-01-27,691.93,2026-01-28,690.63,-1.3,-0.19,3.14,12.91,310.91
GEV,2025-10-22,Pre-Market (BMO),2025-10-21,584.25,2025-10-22,605.88,21.63,3.7,1.86,1.64,-11.67
GEV,2025-07-23,Pre-Market (BMO),2025-07-22,547.75,2025-07-23,594.4,46.65,8.52,1.64,1.86,13.44
GEV,2025-04-23,Pre-Market (BMO),2025-04-22,325.19,2025-04-23,353.08,27.89,8.58,0.61,0.91,49.13
GEV,2025-01-22,Pre-Market (BMO),2025-01-21,414.56,2025-01-22,428.51,13.95,3.37,2.37,1.33,-43.95
GEV,2024-10-23,Pre-Market (BMO),2024-10-22,275.26,2024-10-23,272.56,-2.7,-0.98,0.26,-0.35,-232.71
GEV,2024-07-24,Pre-Market (BMO),2024-07-23,169.77,2024-07-24,166.64,-3.14,-1.85,0.74,1.02,38.98
GEV,2024-04-25,Pre-Market (BMO),2024-04-24,145.56,2024-04-25,142.4,-3.17,-2.18,-0.22,-0.41,-82.8
GILD,2026-05-07,After-Hours (AMC),2026-05-07,133.18,2026-05-08,129.15,-4.03,-3.03,1.91,2.03,6.24
GILD,2026-02-10,After-Hours (AMC),2026-02-10,145.44,2026-02-11,147.09,1.65,1.13,1.81,1.86,2.82
GILD,2025-10-30,After-Hours (AMC),2025-10-30,116.23,2025-10-31,113.9,-2.34,-2.01,2.14,2.47,15.68
GILD,2025-08-07,After-Hours (AMC),2025-08-07,107.48,2025-08-08,112.29,4.81,4.48,1.96,2.01,2.72
GILD,2025-04-24,After-Hours (AMC),2025-04-24,102.73,2025-04-25,99.37,-3.36,-3.27,1.78,1.81,1.94
GILD,2025-02-11,After-Hours (AMC),2025-02-11,92.39,2025-02-12,97.77,5.38,5.82,1.7,1.9,11.73
GILD,2024-11-06,After-Hours (AMC),2024-11-06,87.38,2024-11-07,89.58,2.2,2.52,1.55,2.02,30.48
GILD,2024-08-08,After-Hours (AMC),2024-08-08,71.37,2024-08-09,70.76,-0.61,-0.86,1.6,2.01,25.74
GILD,2024-04-25,After-Hours (AMC),2024-04-25,60.88,2024-04-26,61.09,0.21,0.35,-1.52,-1.32,13.11
GILD,2024-02-06,After-Hours (AMC),2024-02-06,71.76,2024-02-07,70.36,-1.39,-1.94,1.76,1.72,-2.34
GILD,2023-11-07,After-Hours (AMC),2023-11-07,73.75,2023-11-08,70.9,-2.85,-3.87,1.92,2.29,19.56
GILD,2023-08-03,After-Hours (AMC),2023-08-03,68.43,2023-08-04,70.11,1.68,2.45,1.64,1.34,-18.25
GIS,2026-07-01,Pre-Market (BMO),2026-06-30,34.21,2026-07-01,37.08,2.87,8.39,0.8,0.95,19.21
GIS,2026-03-18,Pre-Market (BMO),2026-03-17,37.45,2026-03-18,37.36,-0.09,-0.23,0.73,0.64,-12.14
GIS,2025-12-17,Pre-Market (BMO),2025-12-16,44.82,2025-12-17,45.76,0.93,2.08,1.03,1.1,7.09
GIS,2025-09-17,Pre-Market (BMO),2025-09-16,46.66,2025-09-17,45.86,-0.8,-1.72,0.82,0.86,5.45
GIS,2025-06-25,Pre-Market (BMO),2025-06-24,49.68,2025-06-25,48.42,-1.27,-2.55,0.71,0.74,4.14
GIS,2025-03-19,Pre-Market (BMO),2025-03-18,55.64,2025-03-19,54.65,-0.99,-1.79,0.96,1.0,4.02
GIS,2024-12-18,Pre-Market (BMO),2024-12-17,60.1,2024-12-18,57.52,-2.58,-4.29,1.22,1.4,15.03
GIS,2024-09-18,Pre-Market (BMO),2024-09-17,67.34,2024-09-18,65.31,-2.03,-3.02,1.06,1.07,0.98
GIS,2024-06-26,Pre-Market (BMO),2024-06-25,60.22,2024-06-26,55.88,-4.34,-7.21,0.99,1.01,1.55
GIS,2024-03-20,Pre-Market (BMO),2024-03-19,60.93,2024-03-20,65.66,4.73,7.77,1.05,1.17,11.92
GIS,2023-12-20,Pre-Market (BMO),2023-12-19,58.68,2023-12-20,56.25,-2.43,-4.14,1.16,1.25,7.95
GIS,2023-09-20,Pre-Market (BMO),2023-09-19,57.4,2023-09-20,57.96,0.56,0.97,1.08,1.09,0.8
GLW,2026-04-28,Pre-Market (BMO),2026-04-27,167.75,2026-04-28,150.86,-16.89,-10.07,0.69,0.7,1.21
GLW,2026-01-28,Pre-Market (BMO),2026-01-27,109.37,2026-01-28,107.52,-1.84,-1.69,0.71,0.72,2.08
GLW,2025-10-28,Pre-Market (BMO),2025-10-27,88.76,2025-10-28,83.74,-5.03,-5.66,0.66,0.67,0.8
GLW,2025-07-29,Pre-Market (BMO),2025-07-28,54.81,2025-07-29,58.23,3.42,6.24,0.57,0.6,5.13
GLW,2025-04-29,Pre-Market (BMO),2025-04-28,43.38,2025-04-29,42.49,-0.89,-2.04,0.51,0.54,5.43
GLW,2025-01-29,Pre-Market (BMO),2025-01-28,50.1,2025-01-29,53.9,3.79,7.57,0.56,0.57,2.1
GLW,2024-10-29,Pre-Market (BMO),2024-10-28,45.54,2024-10-29,48.06,2.52,5.53,0.52,0.54,3.05
GLW,2024-07-30,Pre-Market (BMO),2024-07-29,41.22,2024-07-30,38.19,-3.02,-7.33,0.47,0.47,-0.07
GLW,2024-04-30,Pre-Market (BMO),2024-04-29,30.46,2024-04-30,31.74,1.28,4.22,0.35,0.38,8.44
GLW,2024-01-30,Pre-Market (BMO),2024-01-29,29.6,2024-01-30,31.16,1.57,5.3,0.41,0.39,-4.08
GLW,2023-10-24,Pre-Market (BMO),2023-10-23,25.34,2023-10-24,24.08,-1.26,-4.98,0.47,0.45,-4.97
GM,2026-07-21,Pre-Market (BMO),2026-07-20,75.8,2026-07-21,76.09,0.29,0.38,3.19,3.57,12.0
GM,2026-04-28,Pre-Market (BMO),2026-04-27,77.79,2026-04-28,77.85,0.06,0.08,2.64,3.7,40.19
GM,2026-01-27,Pre-Market (BMO),2026-01-26,79.07,2026-01-27,83.25,4.18,5.29,2.27,2.51,10.65
GM,2025-10-21,Pre-Market (BMO),2025-10-20,57.62,2025-10-21,63.35,5.72,9.93,2.32,2.8,20.55
GM,2025-07-22,Pre-Market (BMO),2025-07-21,52.73,2025-07-22,51.25,-1.48,-2.8,2.48,2.53,2.15
GM,2025-04-29,Pre-Market (BMO),2025-04-28,46.66,2025-04-29,45.35,-1.31,-2.82,2.67,2.78,4.28
GM,2025-01-28,Pre-Market (BMO),2025-01-27,54.11,2025-01-28,50.23,-3.88,-7.17,1.84,1.92,4.3
GM,2024-10-22,Pre-Market (BMO),2024-10-21,48.1,2024-10-22,49.17,1.07,2.23,2.39,2.96,23.78
GM,2024-07-23,Pre-Market (BMO),2024-07-22,48.6,2024-07-23,48.38,-0.22,-0.44,2.7,3.06,13.36
GM,2024-04-23,Pre-Market (BMO),2024-04-22,42.26,2024-04-23,44.88,2.62,6.2,2.12,2.62,23.63
GM,2024-01-30,Pre-Market (BMO),2024-01-29,34.51,2024-01-30,37.4,2.89,8.36,1.14,1.24,8.78
GM,2023-10-24,Pre-Market (BMO),2023-10-23,28.41,2023-10-24,27.61,-0.81,-2.84,1.84,2.28,24.06
GOOG,2026-07-22,After-Hours (AMC),2026-07-22,341.91,2026-07-23,321.63,-20.28,-5.93,2.91,9.11,212.9
GOOG,2026-04-29,After-Hours (AMC),2026-04-29,347.1,2026-04-30,371.03,23.93,6.89,2.63,5.11,94.3
GOOG,2026-02-04,After-Hours (AMC),2026-02-04,332.9,2026-02-05,312.79,-20.11,-6.04,2.64,2.82,6.78
GOOG,2025-10-29,After-Hours (AMC),2025-10-29,274.63,2025-10-30,291.15,16.52,6.01,2.26,2.87,26.88
GOOG,2025-07-23,After-Hours (AMC),2025-07-23,190.96,2025-07-24,197.55,6.58,3.45,2.2,2.31,5.09
GOOG,2025-04-24,After-Hours (AMC),2025-04-24,160.82,2025-04-25,166.42,5.61,3.49,2.01,2.81,39.84
GOOG,2025-02-04,After-Hours (AMC),2025-02-04,206.63,2025-02-05,192.1,-14.53,-7.03,2.13,2.15,1.18
GOOG,2024-10-29,After-Hours (AMC),2024-10-29,170.06,2024-10-30,181.26,11.2,6.59,1.85,2.12,14.74
GOOG,2024-07-23,After-Hours (AMC),2024-07-23,182.2,2024-07-24,174.05,-8.15,-4.47,1.84,1.89,2.54
GOOG,2024-04-25,After-Hours (AMC),2024-04-25,156.57,2024-04-26,174.45,17.88,11.42,1.51,1.89,25.58
GOOG,2024-01-30,After-Hours (AMC),2024-01-30,151.71,2024-01-31,144.12,-7.59,-5.0,1.6,1.64,2.53
GOOG,2023-10-24,After-Hours (AMC),2023-10-24,138.9,2023-10-25,128.64,-10.26,-7.39,1.45,1.55,7.05
GOOGL,2026-07-22,After-Hours (AMC),2026-07-22,342.09,2026-07-23,321.13,-20.96,-6.13,2.9,9.11,214.23
GOOGL,2026-04-29,After-Hours (AMC),2026-04-29,349.73,2026-04-30,373.85,24.12,6.9,2.63,5.11,94.3
GOOGL,2026-02-04,After-Hours (AMC),2026-02-04,332.61,2026-02-05,311.81,-20.79,-6.25,2.64,2.82,7.01
GOOGL,2025-10-29,After-Hours (AMC),2025-10-29,274.03,2025-10-30,291.02,16.99,6.2,2.26,2.87,26.88
GOOGL,2025-07-23,After-Hours (AMC),2025-07-23,189.69,2025-07-24,196.47,6.78,3.57,2.19,2.31,5.67
GOOGL,2025-04-24,After-Hours (AMC),2025-04-24,158.63,2025-04-25,164.4,5.77,3.64,2.01,2.81,39.84
GOOGL,2025-02-04,After-Hours (AMC),2025-02-04,205.31,2025-02-05,190.08,-15.23,-7.42,2.13,2.15,1.18
GOOGL,2024-10-29,After-Hours (AMC),2024-10-29,168.61,2024-10-30,179.54,10.93,6.48,1.85,2.12,14.83
GOOGL,2024-07-23,After-Hours (AMC),2024-07-23,180.4,2024-07-24,172.27,-8.13,-4.51,1.84,1.89,2.54
GOOGL,2024-04-25,After-Hours (AMC),2024-04-25,154.63,2024-04-26,172.84,18.21,11.78,1.51,1.89,25.58
GOOGL,2024-01-30,After-Hours (AMC),2024-01-30,150.13,2024-01-31,142.36,-7.77,-5.18,1.6,1.64,2.75
GOOGL,2023-10-24,After-Hours (AMC),2023-10-24,137.59,2023-10-25,127.03,-10.56,-7.67,1.45,1.55,7.05
GPC,2026-07-21,Pre-Market (BMO),2026-07-20,122.4,2026-07-21,114.99,-7.41,-6.05,2.08,2.15,3.47
GPC,2026-04-21,Pre-Market (BMO),2026-04-20,111.38,2026-04-21,113.51,2.14,1.92,1.75,1.77,1.26
GPC,2026-02-17,Pre-Market (BMO),2026-02-13,144.25,2026-02-17,134.67,-9.59,-6.65,1.82,1.55,-14.76
GPC,2025-10-21,Pre-Market (BMO),2025-10-20,128.18,2025-10-21,129.34,1.16,0.9,1.99,1.98,-0.51
GPC,2025-07-22,Pre-Market (BMO),2025-07-21,119.6,2025-07-22,118.12,-1.49,-1.24,2.07,2.1,1.61
GPC,2025-04-22,Pre-Market (BMO),2025-04-21,107.07,2025-04-22,111.14,4.07,3.8,1.68,1.75,4.17
GPC,2025-02-18,Pre-Market (BMO),2025-02-14,118.62,2025-02-18,118.12,-0.49,-0.42,1.55,1.61,3.6
GPC,2024-10-22,Pre-Market (BMO),2024-10-21,134.83,2024-10-22,113.46,-21.37,-15.85,2.43,1.88,-22.51
GPC,2024-07-23,Pre-Market (BMO),2024-07-22,129.41,2024-07-23,127.19,-2.22,-1.71,2.59,2.44,-5.74
GPC,2024-04-18,Pre-Market (BMO),2024-04-17,133.8,2024-04-18,144.77,10.97,8.2,2.17,2.22,2.38
GPC,2024-02-15,Pre-Market (BMO),2024-02-14,132.89,2024-02-15,124.55,-8.34,-6.28,2.2,2.26,2.65
GPC,2023-10-19,Pre-Market (BMO),2023-10-18,136.25,2023-10-19,130.34,-5.91,-4.34,2.42,2.49,2.74
GPN,2026-05-06,Pre-Market (BMO),2026-05-05,69.2,2026-05-06,72.02,2.82,4.07,2.81,2.96,5.43
GPN,2026-02-18,Pre-Market (BMO),2026-02-17,69.28,2026-02-18,78.99,9.71,14.02,3.16,3.18,0.62
GPN,2025-11-04,Pre-Market (BMO),2025-11-03,76.32,2025-11-04,79.88,3.56,4.67,3.23,3.26,0.79
GPN,2025-08-06,Pre-Market (BMO),2025-08-05,77.39,2025-08-06,86.56,9.17,11.85,3.06,3.1,1.47
GPN,2025-05-06,Pre-Market (BMO),2025-05-05,77.97,2025-05-06,77.17,-0.81,-1.03,2.72,2.69,-0.98
GPN,2025-02-13,Pre-Market (BMO),2025-02-12,106.79,2025-02-13,106.51,-0.27,-0.26,2.96,2.95,-0.22
GPN,2024-10-30,Pre-Market (BMO),2024-10-29,96.98,2024-10-30,95.95,-1.03,-1.06,3.1,3.08,-0.63
GPN,2024-08-07,Pre-Market (BMO),2024-08-06,90.87,2024-08-07,95.31,4.44,4.89,2.91,2.93,0.62
GPN,2024-05-01,Pre-Market (BMO),2024-04-30,119.61,2024-05-01,118.96,-0.65,-0.55,2.57,2.59,0.72
GPN,2024-02-14,Pre-Market (BMO),2024-02-13,132.32,2024-02-14,128.36,-3.96,-2.99,2.64,2.65,0.41
GPN,2023-10-31,Pre-Market (BMO),2023-10-30,100.74,2023-10-31,101.48,0.74,0.73,2.71,2.75,1.34
GPN,2023-08-01,Pre-Market (BMO),2023-07-31,106.79,2023-08-01,113.5,6.71,6.29,2.58,2.62,1.45
GS,2026-07-14,Pre-Market (BMO),2026-07-13,1045.91,2026-07-14,1085.0,39.09,3.74,14.54,20.98,44.27
GS,2026-04-13,Pre-Market (BMO),2026-04-10,903.82,2026-04-13,871.71,-32.11,-3.55,16.24,17.55,8.09
GS,2026-01-15,Pre-Market (BMO),2026-01-14,923.72,2026-01-15,916.02,-7.7,-0.83,11.76,14.01,19.09
GS,2025-10-14,Pre-Market (BMO),2025-10-13,775.38,2025-10-14,753.38,-22.01,-2.84,11.09,12.25,10.49
GS,2025-07-16,Pre-Market (BMO),2025-07-15,688.65,2025-07-16,694.52,5.87,0.85,9.62,10.91,13.39
GS,2025-04-14,Pre-Market (BMO),2025-04-11,482.28,2025-04-14,497.46,15.18,3.15,12.29,14.12,14.88
GS,2025-01-15,Pre-Market (BMO),2025-01-14,554.72,2025-01-15,580.41,25.69,4.63,8.29,10.97,32.26
GS,2024-10-15,Pre-Market (BMO),2024-10-14,504.88,2024-10-15,520.38,15.5,3.07,7.31,9.02,23.35
GS,2024-07-15,Pre-Market (BMO),2024-07-12,460.75,2024-07-15,461.1,0.36,0.08,8.4,8.41,0.14
GS,2024-04-15,Pre-Market (BMO),2024-04-12,371.71,2024-04-15,388.42,16.71,4.5,8.7,11.58,33.1
GS,2024-01-16,Pre-Market (BMO),2024-01-12,357.97,2024-01-16,358.55,0.58,0.16,4.27,5.48,28.33
GS,2023-10-17,Pre-Market (BMO),2023-10-16,295.5,2023-10-17,294.55,-0.95,-0.32,5.53,5.47,-1.02
HAL,2026-07-21,Pre-Market (BMO),2026-07-20,35.11,2026-07-21,33.33,-1.78,-5.07,0.54,0.55,2.28
HAL,2026-04-21,Pre-Market (BMO),2026-04-20,36.52,2026-04-21,37.87,1.34,3.68,0.5,0.55,10.42
HAL,2026-01-21,Pre-Market (BMO),2026-01-20,31.77,2026-01-21,32.21,0.44,1.37,0.55,0.69,26.32
HAL,2025-10-21,Pre-Market (BMO),2025-10-20,22.27,2025-10-21,24.19,1.92,8.62,0.5,0.58,16.93
HAL,2025-07-22,Pre-Market (BMO),2025-07-21,20.7,2025-07-22,20.23,-0.47,-2.27,0.55,0.55,-0.72
HAL,2025-04-22,Pre-Market (BMO),2025-04-21,21.24,2025-04-22,19.49,-1.75,-8.26,0.6,0.6,-0.43
HAL,2025-01-22,Pre-Market (BMO),2025-01-21,28.42,2025-01-22,27.91,-0.51,-1.79,0.7,0.7,0.69
HAL,2024-11-07,Pre-Market (BMO),2024-11-06,29.19,2024-11-07,28.56,-0.63,-2.16,0.75,0.73,-3.1
HAL,2024-07-19,Pre-Market (BMO),2024-07-18,34.68,2024-07-19,32.6,-2.08,-6.01,0.8,0.8,-0.08
HAL,2024-04-23,Pre-Market (BMO),2024-04-22,36.67,2024-04-23,37.17,0.5,1.37,0.74,0.76,2.02
HAL,2024-01-23,Pre-Market (BMO),2024-01-22,32.45,2024-01-23,32.49,0.05,0.15,0.8,0.86,8.07
HAL,2023-10-24,Pre-Market (BMO),2023-10-23,39.08,2023-10-24,38.5,-0.58,-1.49,0.77,0.79,2.79
HAS,2026-07-21,Pre-Market (BMO),2026-07-20,81.59,2026-07-21,84.51,2.92,3.58,1.13,1.28,12.8
HAS,2026-05-13,After-Hours (AMC),2026-05-13,93.25,2026-05-14,96.69,3.44,3.69,1.13,1.47,29.52
HAS,2026-02-10,Pre-Market (BMO),2026-02-09,95.32,2026-02-10,97.38,2.06,2.16,0.95,1.51,59.28
HAS,2025-10-23,Pre-Market (BMO),2025-10-22,73.36,2025-10-23,69.3,-4.06,-5.53,1.63,1.68,2.87
HAS,2025-07-23,Pre-Market (BMO),2025-07-22,75.05,2025-07-23,74.98,-0.07,-0.09,0.77,1.3,68.56
HAS,2025-04-24,Pre-Market (BMO),2025-04-23,50.45,2025-04-24,54.25,3.79,7.52,0.67,1.04,54.3
HAS,2025-02-20,Pre-Market (BMO),2025-02-19,57.92,2025-02-20,60.72,2.8,4.84,0.35,0.46,33.13
HAS,2024-10-24,Pre-Market (BMO),2024-10-23,65.87,2024-10-24,65.98,0.11,0.17,1.29,1.73,34.06
HAS,2024-07-25,Pre-Market (BMO),2024-07-24,55.06,2024-07-25,59.72,4.66,8.47,0.76,1.22,60.25
HAS,2024-04-24,Pre-Market (BMO),2024-04-23,53.29,2024-04-24,58.2,4.91,9.22,0.28,0.61,114.95
HAS,2024-02-13,Pre-Market (BMO),2024-02-12,47.01,2024-02-13,42.3,-4.71,-10.02,0.64,0.38,-40.32
HAS,2023-10-26,Pre-Market (BMO),2023-10-25,48.72,2023-10-26,41.43,-7.29,-14.96,1.69,1.64,-3.19
HAS,2023-08-03,Pre-Market (BMO),2023-08-02,57.28,2023-08-03,58.73,1.45,2.53,0.57,0.49,-14.47
HBAN,2026-07-23,Pre-Market (BMO),2026-07-22,18.27,2026-07-23,17.41,-0.86,-4.71,0.39,0.39,0.89
HBAN,2026-04-23,Pre-Market (BMO),2026-04-22,16.67,2026-04-23,16.63,-0.04,-0.24,0.35,0.37,4.99
HBAN,2026-01-22,Pre-Market (BMO),2026-01-21,18.41,2026-01-22,17.95,-0.46,-2.5,0.38,0.37,-1.34
HBAN,2025-10-17,Pre-Market (BMO),2025-10-16,14.95,2025-10-17,15.2,0.25,1.69,0.37,0.4,7.07
HBAN,2025-07-18,Pre-Market (BMO),2025-07-17,16.37,2025-07-18,16.31,-0.06,-0.35,0.35,0.35,1.16
HBAN,2025-04-17,Pre-Market (BMO),2025-04-16,12.66,2025-04-17,13.09,0.43,3.39,0.31,0.34,8.48
HBAN,2025-01-17,Pre-Market (BMO),2025-01-16,15.9,2025-01-17,16.05,0.15,0.95,0.32,0.33,5.99
HBAN,2024-10-17,Pre-Market (BMO),2024-10-16,14.82,2024-10-17,14.56,-0.26,-1.77,0.3,0.33,10.36
HBAN,2024-07-19,Pre-Market (BMO),2024-07-18,13.24,2024-07-19,13.69,0.45,3.43,0.28,0.3,6.57
HBAN,2024-04-19,Pre-Market (BMO),2024-04-18,12.05,2024-04-19,11.89,-0.16,-1.37,0.24,0.26,8.02
HBAN,2024-01-19,Pre-Market (BMO),2024-01-18,11.06,2024-01-19,11.07,0.01,0.08,0.17,0.15,-9.89
HBAN,2023-10-20,Pre-Market (BMO),2023-10-19,8.95,2023-10-20,8.59,-0.37,-4.09,0.32,0.36,11.55
HCA,2026-07-24,Pre-Market (BMO),2026-07-23,376.5,2026-07-24,381.53,5.03,1.34,7.5,7.59,1.23
HCA,2026-04-24,Pre-Market (BMO),2026-04-23,473.08,2026-04-24,429.14,-43.94,-9.29,7.13,7.15,0.29
HCA,2026-01-27,Pre-Market (BMO),2026-01-26,470.74,2026-01-27,503.24,32.51,6.91,7.48,8.01,7.14
HCA,2025-10-24,Pre-Market (BMO),2025-10-23,437.98,2025-10-24,454.86,16.89,3.86,5.73,6.96,21.55
HCA,2025-07-25,Pre-Market (BMO),2025-07-24,339.18,2025-07-25,333.71,-5.47,-1.61,6.32,6.84,8.21
HCA,2025-04-25,Pre-Market (BMO),2025-04-24,338.45,2025-04-25,347.21,8.76,2.59,5.75,6.45,12.09
HCA,2025-01-24,Pre-Market (BMO),2025-01-23,321.81,2025-01-24,320.4,-1.41,-0.44,6.14,6.22,1.22
HCA,2024-10-25,Pre-Market (BMO),2024-10-24,393.72,2024-10-25,365.19,-28.52,-7.24,4.98,4.9,-1.64
HCA,2024-07-23,Pre-Market (BMO),2024-07-22,320.62,2024-07-23,341.43,20.81,6.49,4.93,5.5,11.58
HCA,2024-04-26,Pre-Market (BMO),2024-04-25,308.92,2024-04-26,292.46,-16.46,-5.33,5.09,5.36,5.4
HCA,2024-01-30,Pre-Market (BMO),2024-01-29,281.41,2024-01-30,294.43,13.02,4.63,5.05,5.9,16.79
HCA,2023-10-24,Pre-Market (BMO),2023-10-23,235.93,2023-10-24,214.2,-21.73,-9.21,3.97,3.91,-1.59
HCA,2023-07-27,Pre-Market (BMO),2023-07-26,275.68,2023-07-27,267.69,-7.99,-2.9,4.24,4.29,1.21
HD,2026-05-19,Pre-Market (BMO),2026-05-18,297.58,2026-05-19,289.7,-7.88,-2.65,3.41,3.43,0.69
HD,2026-02-24,Pre-Market (BMO),2026-02-23,371.7,2026-02-24,383.65,11.95,3.21,2.52,2.72,7.8
HD,2025-11-18,Pre-Market (BMO),2025-11-17,350.74,2025-11-18,333.05,-17.68,-5.04,3.83,3.74,-2.45
HD,2025-08-19,Pre-Market (BMO),2025-08-18,384.48,2025-08-19,390.63,6.16,1.6,4.69,4.68,-0.31
HD,2025-05-20,Pre-Market (BMO),2025-05-19,367.27,2025-05-20,374.04,6.77,1.84,3.59,3.56,-0.81
HD,2025-02-25,Pre-Market (BMO),2025-02-24,367.88,2025-02-25,370.36,2.48,0.67,3.04,3.02,-0.79
HD,2024-11-12,Pre-Market (BMO),2024-11-11,390.71,2024-11-12,396.41,5.7,1.46,3.66,3.67,0.33
HD,2024-08-13,Pre-Market (BMO),2024-08-12,328.92,2024-08-13,325.17,-3.75,-1.14,4.55,4.6,1.16
HD,2024-05-14,Pre-Market (BMO),2024-05-13,322.07,2024-05-14,316.49,-5.58,-1.73,3.61,3.63,0.57
HD,2024-02-20,Pre-Market (BMO),2024-02-16,340.24,2024-02-20,333.63,-6.61,-1.94,2.77,2.82,1.63
HD,2023-11-14,Pre-Market (BMO),2023-11-13,268.69,2023-11-14,280.65,11.96,4.45,3.76,3.81,1.35
HD,2023-08-15,Pre-Market (BMO),2023-08-14,305.8,2023-08-15,307.48,1.68,0.55,4.44,4.65,4.68
HIG,2026-07-23,After-Hours (AMC),2026-07-23,142.18,2026-07-24,136.93,-5.25,-3.69,3.14,3.42,8.93
HIG,2026-04-23,After-Hours (AMC),2026-04-23,138.95,2026-04-24,137.28,-1.67,-1.2,3.39,3.09,-8.83
HIG,2026-01-29,After-Hours (AMC),2026-01-29,131.18,2026-01-30,133.41,2.23,1.7,3.22,4.06,26.23
HIG,2025-10-27,After-Hours (AMC),2025-10-27,123.31,2025-10-28,119.78,-3.53,-2.86,3.31,3.77,13.8
HIG,2025-07-28,After-Hours (AMC),2025-07-28,119.16,2025-07-29,121.55,2.39,2.0,2.83,3.41,20.36
HIG,2025-04-24,After-Hours (AMC),2025-04-24,116.72,2025-04-25,116.55,-0.18,-0.15,2.15,2.2,2.45
HIG,2025-01-30,After-Hours (AMC),2025-01-30,111.36,2025-01-31,103.29,-8.07,-7.25,2.64,2.94,11.23
HIG,2024-10-24,After-Hours (AMC),2024-10-24,116.9,2024-10-25,110.37,-6.53,-5.59,2.53,2.53,-0.03
HIG,2024-07-25,After-Hours (AMC),2024-07-25,98.91,2024-07-26,103.08,4.18,4.22,2.25,2.5,11.24
HIG,2024-04-25,After-Hours (AMC),2024-04-25,95.34,2024-04-26,93.33,-2.01,-2.11,2.44,2.34,-4.21
HIG,2024-02-01,After-Hours (AMC),2024-02-01,83.36,2024-02-02,85.3,1.93,2.32,2.41,3.06,26.82
HIG,2023-10-26,After-Hours (AMC),2023-10-26,68.42,2023-10-27,70.05,1.63,2.38,1.97,2.29,16.46
HIG,2023-07-27,After-Hours (AMC),2023-07-27,71.96,2023-07-28,72.42,0.46,0.64,1.85,1.88,1.69
HLT,2026-04-28,Pre-Market (BMO),2026-04-27,332.3,2026-04-28,323.27,-9.03,-2.72,1.97,2.01,1.78
HLT,2026-02-11,Pre-Market (BMO),2026-02-10,323.4,2026-02-11,321.46,-1.94,-0.6,2.02,2.08,3.16
HLT,2025-10-22,Pre-Market (BMO),2025-10-21,265.56,2025-10-22,273.59,8.03,3.02,2.05,2.11,2.96
HLT,2025-07-23,Pre-Market (BMO),2025-07-22,273.28,2025-07-23,264.36,-8.92,-3.26,2.04,2.2,7.62
HLT,2025-04-29,Pre-Market (BMO),2025-04-28,221.01,2025-04-29,224.0,2.99,1.35,1.61,1.72,7.02
HLT,2025-02-06,Pre-Market (BMO),2025-02-05,257.02,2025-02-06,256.85,-0.17,-0.07,1.68,1.76,4.48
HLT,2024-10-23,Pre-Market (BMO),2024-10-22,237.22,2024-10-23,236.6,-0.63,-0.26,1.84,1.92,4.25
HLT,2024-08-07,Pre-Market (BMO),2024-08-06,206.19,2024-08-07,206.71,0.52,0.25,1.86,1.91,2.64
HLT,2024-04-24,Pre-Market (BMO),2024-04-23,196.01,2024-04-24,204.48,8.48,4.32,1.42,1.53,7.96
HLT,2024-02-07,Pre-Market (BMO),2024-02-06,193.46,2024-02-07,191.35,-2.11,-1.09,1.57,1.68,7.09
HLT,2023-10-25,Pre-Market (BMO),2023-10-24,148.62,2023-10-25,147.97,-0.65,-0.43,1.66,1.67,0.35
HON,2026-07-23,Pre-Market (BMO),2026-07-22,232.99,2026-07-23,238.0,5.01,2.15,1.82,1.95,7.22
HON,2026-04-23,Pre-Market (BMO),2026-04-22,229.44,2026-04-23,216.82,-12.62,-5.5,4.64,4.9,5.55
HON,2026-01-29,Pre-Market (BMO),2026-01-28,224.85,2026-01-29,229.62,4.77,2.12,5.07,5.18,2.14
HON,2025-10-23,Pre-Market (BMO),2025-10-22,200.9,2025-10-23,209.06,8.16,4.06,5.13,5.64,9.87
HON,2025-07-24,Pre-Market (BMO),2025-07-23,231.46,2025-07-24,218.74,-12.72,-5.5,5.32,5.5,3.43
HON,2025-04-29,Pre-Market (BMO),2025-04-28,193.12,2025-04-29,199.66,6.53,3.38,4.42,5.02,13.64
HON,2025-02-06,Pre-Market (BMO),2025-02-05,212.86,2025-02-06,205.82,-7.04,-3.31,4.69,4.94,5.28
HON,2024-10-24,Pre-Market (BMO),2024-10-23,209.9,2024-10-24,204.21,-5.69,-2.71,5.01,5.16,3.08
HON,2024-07-25,Pre-Market (BMO),2024-07-24,202.42,2024-07-25,192.13,-10.29,-5.08,4.83,4.98,3.1
HON,2024-04-25,Pre-Market (BMO),2024-04-24,183.58,2024-04-25,187.98,4.4,2.4,4.36,4.5,3.32
HON,2024-02-01,Pre-Market (BMO),2024-01-31,189.58,2024-02-01,183.59,-5.99,-3.16,5.18,5.2,0.33
HON,2023-10-26,Pre-Market (BMO),2023-10-25,165.95,2023-10-26,166.4,0.46,0.28,4.46,4.54,1.87
HON,2023-07-27,Pre-Market (BMO),2023-07-26,193.0,2023-07-27,188.79,-4.22,-2.18,4.43,4.46,0.79
HOOD,2026-04-28,After-Hours (AMC),2026-04-28,82.07,2026-04-29,72.3,-9.77,-11.9,0.43,0.47,8.63
HOOD,2026-02-10,After-Hours (AMC),2026-02-10,85.6,2026-02-11,77.88,-7.72,-9.02,0.68,0.73,6.26
HOOD,2025-11-05,After-Hours (AMC),2025-11-05,142.48,2025-11-06,140.0,-2.48,-1.74,0.54,0.61,12.07
HOOD,2025-07-30,After-Hours (AMC),2025-07-30,106.1,2025-07-31,103.86,-2.24,-2.11,0.31,0.42,35.99
HOOD,2025-04-30,After-Hours (AMC),2025-04-30,49.11,2025-05-01,51.12,2.01,4.1,0.37,0.44,19.78
HOOD,2025-02-12,After-Hours (AMC),2025-02-12,55.91,2025-02-13,62.09,6.18,11.05,0.52,1.04,99.1
HOOD,2024-10-30,After-Hours (AMC),2024-10-30,28.21,2024-10-31,26.02,-2.19,-7.76,0.26,0.26,0.38
HOOD,2024-08-07,After-Hours (AMC),2024-08-07,17.12,2024-08-08,17.67,0.55,3.18,0.26,0.3,15.99
HOOD,2024-05-08,After-Hours (AMC),2024-05-08,17.85,2024-05-09,19.04,1.19,6.68,0.06,0.18,224.62
HOOD,2024-02-13,After-Hours (AMC),2024-02-13,11.84,2024-02-14,13.65,1.81,15.27,0.07,0.13,72.19
HOOD,2023-11-07,After-Hours (AMC),2023-11-07,9.76,2023-11-08,8.78,-0.98,-9.99,0.12,0.11,-6.17
HOOD,2023-08-02,After-Hours (AMC),2023-08-02,12.44,2023-08-03,11.38,-1.06,-8.52,0.12,0.15,21.21
HPE,2026-06-01,After-Hours (AMC),2026-06-01,46.86,2026-06-02,62.88,16.01,34.17,0.53,0.79,48.03
HPE,2026-03-09,After-Hours (AMC),2026-03-09,21.61,2026-03-10,21.82,0.21,0.96,0.59,0.65,10.75
HPE,2025-12-04,After-Hours (AMC),2025-12-04,22.55,2025-12-05,20.58,-1.97,-8.73,0.58,0.62,6.55
HPE,2025-09-03,After-Hours (AMC),2025-09-03,22.35,2025-09-04,23.41,1.06,4.73,0.42,0.44,5.41
HPE,2025-06-03,After-Hours (AMC),2025-06-03,17.2,2025-06-04,18.64,1.44,8.37,0.33,0.38,16.33
HPE,2025-03-06,After-Hours (AMC),2025-03-06,17.33,2025-03-07,14.72,-2.6,-15.03,0.5,0.49,-1.75
HPE,2024-12-05,After-Hours (AMC),2024-12-05,20.76,2024-12-06,21.74,0.99,4.76,0.56,0.58,3.78
HPE,2024-09-04,After-Hours (AMC),2024-09-04,17.87,2024-09-05,16.32,-1.54,-8.63,0.47,0.5,6.64
HPE,2024-06-04,After-Hours (AMC),2024-06-04,16.65,2024-06-05,19.25,2.6,15.62,0.39,0.42,8.18
HPE,2024-02-29,After-Hours (AMC),2024-02-29,14.31,2024-03-01,13.65,-0.66,-4.6,0.45,0.48,6.99
HPE,2023-11-28,After-Hours (AMC),2023-11-28,14.46,2023-11-29,15.13,0.66,4.57,0.5,0.52,3.18
HPE,2023-08-29,After-Hours (AMC),2023-08-29,15.58,2023-08-30,15.16,-0.43,-2.73,0.47,0.49,5.37
HPQ,2026-05-27,After-Hours (AMC),2026-05-27,25.18,2026-05-28,25.96,0.78,3.1,0.72,0.86,20.26
HPQ,2026-02-24,After-Hours (AMC),2026-02-24,17.69,2026-02-25,17.21,-0.49,-2.75,0.77,0.81,5.61
HPQ,2025-11-25,After-Hours (AMC),2025-11-25,23.37,2025-11-26,23.15,-0.21,-0.9,0.92,0.93,0.76
HPQ,2025-08-27,After-Hours (AMC),2025-08-27,25.79,2025-08-28,26.99,1.21,4.68,0.75,0.75,-0.04
HPQ,2025-05-28,After-Hours (AMC),2025-05-28,25.58,2025-05-29,22.4,-3.18,-12.43,0.8,0.71,-11.63
HPQ,2025-02-27,After-Hours (AMC),2025-02-27,30.84,2025-02-28,29.26,-1.58,-5.13,0.74,0.74,-0.49
HPQ,2024-11-26,After-Hours (AMC),2024-11-26,36.1,2024-11-27,33.75,-2.35,-6.5,0.93,0.93,-0.19
HPQ,2024-08-28,After-Hours (AMC),2024-08-28,31.83,2024-08-29,31.23,-0.6,-1.87,0.86,0.83,-3.9
HPQ,2024-05-29,After-Hours (AMC),2024-05-29,29.8,2024-05-30,31.26,1.45,4.88,0.81,0.82,1.33
HPQ,2024-02-28,After-Hours (AMC),2024-02-28,25.86,2024-02-29,25.09,-0.77,-2.99,0.81,0.81,-0.18
HPQ,2023-11-21,After-Hours (AMC),2023-11-21,24.87,2023-11-22,25.4,0.53,2.12,0.9,0.9,0.01
HPQ,2023-08-29,After-Hours (AMC),2023-08-29,27.74,2023-08-30,25.67,-2.08,-7.49,0.86,0.86,0.22
HRL,2026-05-28,Pre-Market (BMO),2026-05-27,20.71,2026-05-28,22.7,1.99,9.59,0.35,0.4,12.87
HRL,2026-02-26,Pre-Market (BMO),2026-02-25,24.66,2026-02-26,25.04,0.38,1.54,0.32,0.34,6.12
HRL,2025-12-04,Pre-Market (BMO),2025-12-03,22.39,2025-12-04,24.15,1.76,7.86,0.3,0.32,5.99
HRL,2025-08-28,Pre-Market (BMO),2025-08-27,27.57,2025-08-28,23.54,-4.03,-14.61,0.41,0.35,-14.55
HRL,2025-05-29,Pre-Market (BMO),2025-05-28,28.27,2025-05-29,27.58,-0.69,-2.43,0.34,0.35,3.28
HRL,2025-02-27,Pre-Market (BMO),2025-02-26,26.78,2025-02-27,26.62,-0.16,-0.59,0.37,0.35,-6.61
HRL,2024-12-04,Pre-Market (BMO),2024-12-03,29.37,2024-12-04,28.63,-0.74,-2.51,0.42,0.42,-1.16
HRL,2024-09-04,Pre-Market (BMO),2024-09-03,30.31,2024-09-04,27.31,-3.01,-9.93,0.36,0.37,1.44
HRL,2024-05-30,Pre-Market (BMO),2024-05-29,30.91,2024-05-30,30.53,-0.38,-1.23,0.36,0.38,6.8
HRL,2024-02-29,Pre-Market (BMO),2024-02-28,27.72,2024-02-29,31.25,3.53,12.75,0.34,0.41,20.43
HRL,2023-11-29,Pre-Market (BMO),2023-11-28,28.47,2023-11-29,28.11,-0.36,-1.25,0.45,0.42,-6.68
HRL,2023-08-31,Pre-Market (BMO),2023-08-30,35.04,2023-08-31,34.94,-0.1,-0.28,0.41,0.4,-2.75
HSIC,2026-05-05,Pre-Market (BMO),2026-05-04,72.02,2026-05-05,71.5,-0.52,-0.72,1.22,1.32,8.44
HSIC,2026-02-24,Pre-Market (BMO),2026-02-23,80.57,2026-02-24,84.0,3.43,4.26,1.29,1.34,3.48
HSIC,2025-11-04,Pre-Market (BMO),2025-11-03,64.64,2025-11-04,70.0,5.36,8.29,1.28,1.38,7.89
HSIC,2025-08-05,Pre-Market (BMO),2025-08-04,70.02,2025-08-05,66.26,-3.76,-5.37,1.19,1.1,-7.61
HSIC,2025-05-05,Pre-Market (BMO),2025-05-02,65.3,2025-05-05,65.07,-0.23,-0.35,1.11,1.15,3.59
HSIC,2025-02-25,Pre-Market (BMO),2025-02-24,77.64,2025-02-25,80.56,2.92,3.76,1.21,1.19,-1.56
HSIC,2024-11-05,Pre-Market (BMO),2024-11-04,72.33,2024-11-05,70.96,-1.37,-1.89,1.17,1.22,4.49
HSIC,2024-08-06,Pre-Market (BMO),2024-08-05,69.56,2024-08-06,65.0,-4.56,-6.56,1.22,1.23,1.01
HSIC,2024-05-07,Pre-Market (BMO),2024-05-06,68.53,2024-05-07,71.14,2.61,3.81,1.01,1.1,8.56
HSIC,2024-02-27,Pre-Market (BMO),2024-02-26,80.57,2024-02-27,79.71,-0.86,-1.07,0.7,0.66,-5.24
HSIC,2023-11-13,Pre-Market (BMO),2023-11-10,64.07,2023-11-13,64.86,0.79,1.23,1.32,1.32,0.19
HSIC,2023-08-07,Pre-Market (BMO),2023-08-04,78.09,2023-08-07,79.15,1.06,1.36,1.28,1.31,2.61
HST,2026-05-06,After-Hours (AMC),2026-05-06,20.88,2026-05-07,21.34,0.46,2.21,0.33,0.72,116.0
HST,2026-02-17,After-Hours (AMC),2026-02-17,19.07,2026-02-18,18.88,-0.19,-1.0,0.19,0.2,4.07
HST,2025-11-05,After-Hours (AMC),2025-11-05,15.15,2025-11-06,15.8,0.64,4.26,0.04,0.23,428.25
HST,2025-07-30,After-Hours (AMC),2025-07-30,14.9,2025-07-31,15.11,0.2,1.36,0.23,0.32,40.66
HST,2025-04-30,After-Hours (AMC),2025-04-30,12.88,2025-05-01,13.51,0.63,4.89,0.28,0.35,25.0
HST,2025-02-19,After-Hours (AMC),2025-02-19,15.36,2025-02-20,15.02,-0.34,-2.22,0.13,0.15,19.05
HST,2024-11-06,After-Hours (AMC),2024-11-06,15.91,2024-11-07,16.23,0.32,2.0,0.1,0.12,16.13
HST,2024-07-31,After-Hours (AMC),2024-07-31,15.31,2024-08-01,14.69,-0.62,-4.05,0.33,0.34,3.82
HST,2024-05-01,After-Hours (AMC),2024-05-01,16.29,2024-05-02,16.41,0.12,0.74,0.31,0.38,21.28
HST,2024-02-21,After-Hours (AMC),2024-02-21,17.31,2024-02-22,17.4,0.09,0.54,0.19,0.19,-1.04
HST,2023-11-01,After-Hours (AMC),2023-11-01,13.06,2023-11-02,13.31,0.25,1.92,0.11,0.16,45.45
HST,2023-08-02,After-Hours (AMC),2023-08-02,15.02,2023-08-03,13.9,-1.13,-7.49,0.34,0.29,-13.43
HSY,2026-04-30,Pre-Market (BMO),2026-04-29,187.72,2026-04-30,185.79,-1.93,-1.03,2.05,2.35,14.7
HSY,2026-02-05,Pre-Market (BMO),2026-02-04,202.89,2026-02-05,215.76,12.88,6.35,1.4,1.71,21.77
HSY,2025-10-30,Pre-Market (BMO),2025-10-29,171.49,2025-10-30,168.41,-3.08,-1.8,1.06,1.3,22.22
HSY,2025-07-30,Pre-Market (BMO),2025-07-29,180.82,2025-07-30,188.36,7.54,4.17,1.0,1.21,20.42
HSY,2025-05-01,Pre-Market (BMO),2025-04-30,160.97,2025-05-01,160.12,-0.85,-0.53,1.93,2.09,8.03
HSY,2025-02-06,Pre-Market (BMO),2025-02-05,139.29,2025-02-06,148.2,8.91,6.39,2.38,2.69,13.26
HSY,2024-11-07,Pre-Market (BMO),2024-11-06,167.44,2024-11-07,165.72,-1.72,-1.03,2.55,2.34,-8.29
HSY,2024-08-01,Pre-Market (BMO),2024-07-31,185.7,2024-08-01,180.93,-4.77,-2.57,1.45,1.27,-12.59
HSY,2024-05-03,Pre-Market (BMO),2024-05-02,182.97,2024-05-03,183.08,0.11,0.06,2.76,3.07,11.17
HSY,2024-02-08,Pre-Market (BMO),2024-02-07,180.16,2024-02-08,178.25,-1.91,-1.06,1.96,2.02,3.28
HSY,2023-10-26,Pre-Market (BMO),2023-10-25,179.26,2023-10-26,176.06,-3.2,-1.78,2.45,2.6,5.96
HSY,2023-07-27,Pre-Market (BMO),2023-07-26,220.43,2023-07-27,216.36,-4.07,-1.85,1.91,2.01,4.97
HUM,2026-04-29,Pre-Market (BMO),2026-04-28,229.18,2026-04-29,216.68,-12.5,-5.45,10.2,10.31,1.05
HUM,2026-02-11,Pre-Market (BMO),2026-02-10,179.96,2026-02-11,169.7,-10.26,-5.7,-3.99,-3.96,0.68
HUM,2025-11-05,Pre-Market (BMO),2025-11-04,278.83,2025-11-05,257.93,-20.9,-7.5,2.83,3.24,14.64
HUM,2025-07-29,After-Hours (AMC),2025-07-29,229.31,2025-07-30,246.04,16.73,7.3,5.87,6.27,6.86
HUM,2025-04-30,Pre-Market (BMO),2025-04-29,254.73,2025-04-30,268.57,13.84,5.43,10.07,11.58,14.97
HUM,2025-02-11,Pre-Market (BMO),2025-02-10,261.18,2025-02-11,267.86,6.69,2.56,-2.12,-2.16,-1.93
HUM,2024-10-30,Pre-Market (BMO),2024-10-29,251.46,2024-10-30,253.63,2.18,0.87,3.39,4.16,22.85
HUM,2024-07-31,Pre-Market (BMO),2024-07-30,393.52,2024-07-31,355.2,-38.32,-9.74,5.86,6.96,18.78
HUM,2024-04-24,Pre-Market (BMO),2024-04-23,318.29,2024-04-24,325.1,6.81,2.14,6.0,7.23,20.44
HUM,2024-01-25,Pre-Market (BMO),2024-01-24,389.51,2024-01-25,339.4,-50.11,-12.87,0.92,-0.11,-111.98
HUM,2023-11-01,Pre-Market (BMO),2023-10-31,505.93,2023-11-01,483.37,-22.56,-4.46,7.17,7.78,8.5
HUM,2023-08-02,Pre-Market (BMO),2023-08-01,441.78,2023-08-02,466.86,25.08,5.68,8.83,8.94,1.22
HWM,2026-05-07,Pre-Market (BMO),2026-05-06,256.32,2026-05-07,275.68,19.36,7.55,1.11,1.22,10.28
HWM,2026-02-12,Pre-Market (BMO),2026-02-11,230.75,2026-02-12,235.71,4.96,2.15,0.97,1.05,8.7
HWM,2025-10-30,Pre-Market (BMO),2025-10-29,203.16,2025-10-30,200.8,-2.36,-1.16,0.91,0.95,4.48
HWM,2025-07-31,Pre-Market (BMO),2025-07-30,191.71,2025-07-31,187.36,-4.35,-2.27,0.87,0.91,4.22
HWM,2025-05-01,Pre-Market (BMO),2025-04-30,138.18,2025-05-01,146.04,7.86,5.69,0.78,0.86,10.7
HWM,2025-02-13,Pre-Market (BMO),2025-02-12,127.72,2025-02-13,125.28,-2.44,-1.91,0.72,0.74,2.81
HWM,2024-11-06,Pre-Market (BMO),2024-11-05,101.71,2024-11-06,110.56,8.85,8.7,0.65,0.71,8.6
HWM,2024-07-30,Pre-Market (BMO),2024-07-29,82.42,2024-07-30,92.06,9.65,11.71,0.6,0.67,11.56
HWM,2024-05-02,Pre-Market (BMO),2024-05-01,66.39,2024-05-02,73.57,7.18,10.81,0.52,0.57,9.81
HWM,2024-02-13,Pre-Market (BMO),2024-02-12,58.49,2024-02-13,59.65,1.16,1.99,0.46,0.53,14.25
HWM,2023-11-02,Pre-Market (BMO),2023-11-01,44.37,2023-11-02,47.74,3.36,7.58,0.43,0.46,7.23
HWM,2023-08-01,Pre-Market (BMO),2023-07-31,50.7,2023-08-01,49.3,-1.4,-2.76,0.43,0.44,1.59
IBKR,2026-07-21,After-Hours (AMC),2026-07-21,94.42,2026-07-22,93.6,-0.82,-0.87,0.64,0.69,7.98
IBKR,2026-04-21,After-Hours (AMC),2026-04-21,79.54,2026-04-22,77.98,-1.56,-1.96,0.6,0.6,0.1
IBKR,2026-01-20,After-Hours (AMC),2026-01-20,71.36,2026-01-21,71.85,0.49,0.69,0.59,0.65,11.05
IBKR,2025-10-16,After-Hours (AMC),2025-10-16,68.29,2025-10-17,66.47,-1.82,-2.67,0.54,0.57,6.05
IBKR,2025-07-17,After-Hours (AMC),2025-07-17,59.16,2025-07-18,63.52,4.36,7.37,0.47,0.51,8.82
IBKR,2025-04-15,After-Hours (AMC),2025-04-15,43.09,2025-04-16,39.61,-3.49,-8.09,0.48,0.47,-2.73
IBKR,2025-01-21,After-Hours (AMC),2025-01-21,47.85,2025-01-22,51.37,3.52,7.35,0.46,0.51,9.37
IBKR,2024-10-15,After-Hours (AMC),2024-10-15,37.92,2024-10-16,36.74,-1.18,-3.1,0.45,0.44,-3.77
IBKR,2024-07-16,After-Hours (AMC),2024-07-16,30.59,2024-07-17,30.02,-0.57,-1.86,0.43,0.44,1.2
IBKR,2024-04-16,After-Hours (AMC),2024-04-16,26.51,2024-04-17,27.03,0.52,1.96,0.41,0.41,0.53
IBKR,2024-01-16,After-Hours (AMC),2024-01-16,21.5,2024-01-17,20.76,-0.75,-3.48,0.39,0.38,-1.72
IBKR,2023-10-17,After-Hours (AMC),2023-10-17,21.29,2023-10-18,20.43,-0.87,-4.08,0.38,0.39,2.5
IBM,2026-07-22,After-Hours (AMC),2026-07-22,205.77,2026-07-23,202.64,-3.13,-1.52,2.93,2.93,-0.1
IBM,2026-04-22,After-Hours (AMC),2026-04-22,250.02,2026-04-23,230.57,-19.45,-7.78,1.81,1.91,5.45
IBM,2026-01-28,After-Hours (AMC),2026-01-28,290.36,2026-01-29,313.75,23.39,8.06,4.29,4.52,5.3
IBM,2025-10-22,After-Hours (AMC),2025-10-22,282.24,2025-10-23,260.09,-22.15,-7.85,2.45,2.65,8.31
IBM,2025-07-23,After-Hours (AMC),2025-07-23,274.98,2025-07-24,254.73,-20.24,-7.36,2.65,2.8,5.47
IBM,2025-04-23,After-Hours (AMC),2025-04-23,237.78,2025-04-24,223.92,-13.85,-5.83,1.43,1.6,12.12
IBM,2025-01-29,After-Hours (AMC),2025-01-29,219.99,2025-01-30,240.55,20.56,9.35,3.78,3.92,3.81
IBM,2024-10-23,After-Hours (AMC),2024-10-23,222.2,2024-10-24,210.79,-11.41,-5.13,2.23,2.3,3.33
IBM,2024-07-24,After-Hours (AMC),2024-07-24,174.16,2024-07-25,176.79,2.63,1.51,2.17,2.43,11.92
IBM,2024-04-24,After-Hours (AMC),2024-04-24,172.52,2024-04-25,157.62,-14.9,-8.64,1.6,1.68,5.2
IBM,2024-01-24,After-Hours (AMC),2024-01-24,161.52,2024-01-25,171.76,10.24,6.34,3.8,3.87,1.86
IBM,2023-10-25,After-Hours (AMC),2023-10-25,125.87,2023-10-26,130.57,4.7,3.74,2.13,2.2,3.5
ICE,2026-04-30,Pre-Market (BMO),2026-04-29,155.61,2026-04-30,154.49,-1.13,-0.72,2.26,2.35,3.86
ICE,2026-02-05,Pre-Market (BMO),2026-02-04,163.71,2026-02-05,167.51,3.8,2.32,1.67,1.71,2.23
ICE,2025-10-30,Pre-Market (BMO),2025-10-29,149.13,2025-10-30,145.1,-4.03,-2.7,1.61,1.71,6.44
ICE,2025-07-31,Pre-Market (BMO),2025-07-30,183.4,2025-07-31,183.4,0.0,0.0,1.77,1.81,2.26
ICE,2025-05-01,Pre-Market (BMO),2025-04-30,165.41,2025-05-01,163.7,-1.7,-1.03,1.7,1.72,0.99
ICE,2025-02-06,Pre-Market (BMO),2025-02-05,157.8,2025-02-06,162.55,4.74,3.01,1.49,1.52,1.98
ICE,2024-10-31,Pre-Market (BMO),2024-10-30,163.05,2024-10-31,155.99,-7.06,-4.33,1.55,1.55,-0.06
ICE,2024-08-01,Pre-Market (BMO),2024-07-31,147.98,2024-08-01,146.73,-1.25,-0.84,1.49,1.52,2.25
ICE,2024-05-02,Pre-Market (BMO),2024-05-01,125.23,2024-05-02,125.88,0.65,0.52,1.49,1.48,-0.46
ICE,2024-02-08,Pre-Market (BMO),2024-02-07,124.24,2024-02-08,128.07,3.83,3.08,1.29,1.33,3.06
ICE,2023-11-02,Pre-Market (BMO),2023-11-01,104.63,2023-11-02,103.31,-1.31,-1.26,1.39,1.46,5.17
ICE,2023-08-03,Pre-Market (BMO),2023-08-02,110.75,2023-08-03,105.94,-4.82,-4.35,1.37,1.43,4.6
IFF,2026-05-05,After-Hours (AMC),2026-05-05,70.4,2026-05-06,80.37,9.97,14.16,1.07,1.25,16.51
IFF,2026-02-11,After-Hours (AMC),2026-02-11,76.12,2026-02-12,78.0,1.89,2.48,0.83,0.8,-3.81
IFF,2025-11-04,After-Hours (AMC),2025-11-04,60.44,2025-11-05,61.64,1.21,2.0,1.02,1.05,3.32
IFF,2025-08-05,After-Hours (AMC),2025-08-05,68.95,2025-08-06,72.19,3.24,4.7,1.12,1.15,2.53
IFF,2025-05-06,After-Hours (AMC),2025-05-06,76.92,2025-05-07,75.35,-1.56,-2.03,1.14,1.2,5.68
IFF,2025-02-18,After-Hours (AMC),2025-02-18,83.54,2025-02-19,78.26,-5.28,-6.32,0.82,0.97,17.6
IFF,2024-11-05,After-Hours (AMC),2024-11-05,95.31,2024-11-06,91.36,-3.95,-4.15,1.08,1.04,-3.31
IFF,2024-08-06,After-Hours (AMC),2024-08-06,92.43,2024-08-07,95.03,2.6,2.81,0.97,1.16,19.48
IFF,2024-05-06,After-Hours (AMC),2024-05-06,84.59,2024-05-07,88.35,3.76,4.44,0.87,1.13,29.96
IFF,2024-02-20,After-Hours (AMC),2024-02-20,77.89,2024-02-21,70.74,-7.15,-9.18,0.77,0.72,-6.11
IFF,2023-11-06,After-Hours (AMC),2023-11-06,68.01,2023-11-07,73.31,5.3,7.8,0.75,0.89,19.19
IFF,2023-08-07,After-Hours (AMC),2023-08-07,74.66,2023-08-08,58.24,-16.42,-21.99,1.11,0.86,-22.34
INCY,2026-04-28,Pre-Market (BMO),2026-04-27,95.72,2026-04-28,94.75,-0.97,-1.01,1.34,1.81,35.12
INCY,2026-02-10,Pre-Market (BMO),2026-02-09,109.03,2026-02-10,103.0,-6.03,-5.53,1.92,1.8,-6.08
INCY,2025-10-28,Pre-Market (BMO),2025-10-27,93.08,2025-10-28,92.14,-0.94,-1.01,1.64,2.26,38.04
INCY,2025-07-29,Pre-Market (BMO),2025-07-28,70.16,2025-07-29,72.0,1.84,2.62,1.47,1.57,6.59
INCY,2025-04-29,Pre-Market (BMO),2025-04-28,59.52,2025-04-29,59.39,-0.13,-0.22,1.03,1.16,12.32
INCY,2025-02-10,Pre-Market (BMO),2025-02-07,74.13,2025-02-10,73.01,-1.12,-1.51,1.55,1.43,-8.01
INCY,2024-10-29,Pre-Market (BMO),2024-10-28,65.69,2024-10-29,67.53,1.84,2.8,1.09,1.07,-2.03
INCY,2024-07-30,Pre-Market (BMO),2024-07-29,68.59,2024-07-30,69.33,0.74,1.08,1.11,-1.82,-264.53
INCY,2024-04-30,Pre-Market (BMO),2024-04-29,52.56,2024-04-30,50.4,-2.16,-4.11,0.83,0.64,-23.09
INCY,2024-02-13,Pre-Market (BMO),2024-02-12,57.84,2024-02-13,60.04,2.2,3.8,1.15,1.06,-7.71
INCY,2023-10-31,Pre-Market (BMO),2023-10-30,52.16,2023-10-31,51.96,-0.2,-0.38,1.07,1.1,3.1
INCY,2023-08-01,Pre-Market (BMO),2023-07-31,63.72,2023-08-01,65.47,1.75,2.75,0.87,0.99,14.45
INTC,2026-07-23,After-Hours (AMC),2026-07-23,100.23,2026-07-24,100.36,0.13,0.13,0.22,0.42,92.49
INTC,2026-04-23,After-Hours (AMC),2026-04-23,66.78,2026-04-24,82.2,15.42,23.09,0.01,0.29,2108.68
INTC,2026-01-22,After-Hours (AMC),2026-01-22,54.32,2026-01-23,46.86,-7.46,-13.73,0.08,0.15,81.51
INTC,2025-10-23,After-Hours (AMC),2025-10-23,38.16,2025-10-24,40.02,1.86,4.87,0.01,0.23,3162.41
INTC,2025-07-24,After-Hours (AMC),2025-07-24,22.63,2025-07-25,20.68,-1.95,-8.62,0.01,-0.1,-1169.52
INTC,2025-04-24,After-Hours (AMC),2025-04-24,21.49,2025-04-25,19.73,-1.76,-8.19,,0.13,2769.76
INTC,2025-01-30,After-Hours (AMC),2025-01-30,20.01,2025-01-31,20.1,0.09,0.45,0.12,0.13,8.71
INTC,2024-10-31,After-Hours (AMC),2024-10-31,21.52,2024-11-01,23.0,1.48,6.88,-0.03,-0.46,-1533.52
INTC,2024-08-01,After-Hours (AMC),2024-08-01,28.87,2024-08-02,21.8,-7.07,-24.48,0.1,0.02,-80.18
INTC,2024-04-25,After-Hours (AMC),2024-04-25,34.75,2024-04-26,31.45,-3.3,-9.48,0.14,0.18,31.74
INTC,2024-01-25,After-Hours (AMC),2024-01-25,48.9,2024-01-26,43.6,-5.3,-10.84,0.45,0.54,20.29
INTC,2023-10-26,After-Hours (AMC),2023-10-26,31.99,2023-10-27,34.09,2.1,6.58,0.22,0.41,87.04
INTC,2023-07-27,After-Hours (AMC),2023-07-27,33.86,2023-07-28,36.02,2.16,6.37,-0.03,0.13,546.43
INTU,2026-05-20,After-Hours (AMC),2026-05-20,382.24,2026-05-21,310.91,-71.32,-18.66,12.57,12.8,1.84
INTU,2026-02-26,After-Hours (AMC),2026-02-26,391.47,2026-02-27,381.8,-9.67,-2.47,3.68,4.15,12.69
INTU,2025-11-20,After-Hours (AMC),2025-11-20,631.51,2025-11-21,663.37,31.86,5.05,3.09,3.34,7.99
INTU,2025-08-21,After-Hours (AMC),2025-08-21,690.01,2025-08-22,647.72,-42.29,-6.13,2.66,2.75,3.4
INTU,2025-05-22,After-Hours (AMC),2025-05-22,657.78,2025-05-23,711.04,53.26,8.1,10.91,11.65,6.77
INTU,2025-02-25,After-Hours (AMC),2025-02-25,547.76,2025-02-26,626.5,78.74,14.37,2.58,3.32,28.93
INTU,2024-11-21,After-Hours (AMC),2024-11-21,667.97,2024-11-22,657.62,-10.35,-1.55,2.36,2.5,6.02
INTU,2024-08-22,After-Hours (AMC),2024-08-22,653.68,2024-08-23,648.48,-5.2,-0.8,1.85,1.99,7.41
INTU,2024-05-23,After-Hours (AMC),2024-05-23,649.8,2024-05-24,609.32,-40.48,-6.23,9.38,9.88,5.29
INTU,2024-02-22,After-Hours (AMC),2024-02-22,644.64,2024-02-23,639.59,-5.06,-0.78,2.31,2.63,13.95
INTU,2023-11-28,After-Hours (AMC),2023-11-28,552.83,2023-11-29,570.37,17.53,3.17,1.98,2.47,24.83
INTU,2023-08-23,After-Hours (AMC),2023-08-23,489.16,2023-08-24,492.64,3.48,0.71,1.44,1.65,14.91
INVH,2026-04-29,After-Hours (AMC),2026-04-29,27.79,2026-04-30,27.95,0.17,0.61,0.15,0.13,-14.31
INVH,2026-02-18,After-Hours (AMC),2026-02-18,26.25,2026-02-19,26.07,-0.18,-0.67,0.16,0.15,-9.22
INVH,2025-10-29,After-Hours (AMC),2025-10-29,26.57,2025-10-30,26.64,0.07,0.25,0.15,0.15,0.84
INVH,2025-07-30,After-Hours (AMC),2025-07-30,30.05,2025-07-31,28.71,-1.34,-4.46,0.16,0.16,-2.03
INVH,2025-04-30,After-Hours (AMC),2025-04-30,32.45,2025-05-01,33.04,0.59,1.81,0.14,0.17,23.07
INVH,2025-02-26,After-Hours (AMC),2025-02-26,29.71,2025-02-27,29.78,0.07,0.22,0.16,0.14,-11.29
INVH,2024-10-30,After-Hours (AMC),2024-10-30,31.0,2024-10-31,29.93,-1.06,-3.43,0.15,0.11,-26.64
INVH,2024-07-24,After-Hours (AMC),2024-07-24,33.29,2024-07-25,30.99,-2.3,-6.89,0.16,0.18,11.56
INVH,2024-04-30,After-Hours (AMC),2024-04-30,31.4,2024-05-01,31.69,0.29,0.94,0.16,0.16,3.61
INVH,2024-02-13,After-Hours (AMC),2024-02-13,29.38,2024-02-14,29.55,0.17,0.59,0.15,0.13,-8.1
INVH,2023-10-25,After-Hours (AMC),2023-10-25,27.16,2023-10-26,26.43,-0.73,-2.7,0.16,0.13,-17.66
IP,2026-04-30,Pre-Market (BMO),2026-04-29,33.09,2026-04-30,31.13,-1.96,-5.93,0.14,0.15,5.41
IP,2026-01-29,Pre-Market (BMO),2026-01-28,40.48,2026-01-29,40.84,0.36,0.89,0.25,-0.08,-131.89
IP,2025-10-30,Pre-Market (BMO),2025-10-29,42.62,2025-10-30,41.13,-1.49,-3.5,0.59,-0.43,-173.0
IP,2025-07-31,Pre-Market (BMO),2025-07-30,51.18,2025-07-31,48.71,-2.47,-4.83,0.41,0.2,-51.08
IP,2025-04-30,Pre-Market (BMO),2025-04-29,45.02,2025-04-30,41.65,-3.37,-7.5,0.37,0.23,-38.04
IP,2025-01-30,Pre-Market (BMO),2025-01-29,54.35,2025-01-30,51.75,-2.6,-4.78,0.03,-0.02,-174.99
IP,2024-10-31,Pre-Market (BMO),2024-10-30,45.58,2024-10-31,48.82,3.24,7.1,0.25,0.44,74.83
IP,2024-07-24,Pre-Market (BMO),2024-07-23,42.26,2024-07-24,41.91,-0.35,-0.83,0.42,0.55,31.85
IP,2024-04-25,Pre-Market (BMO),2024-04-24,31.34,2024-04-25,30.48,-0.86,-2.73,0.22,0.17,-23.3
IP,2024-02-01,Pre-Market (BMO),2024-01-31,32.19,2024-02-01,32.08,-0.11,-0.33,0.35,0.41,18.84
IP,2023-10-26,Pre-Market (BMO),2023-10-25,29.33,2023-10-26,29.12,-0.21,-0.72,0.58,0.64,10.27
IP,2023-07-27,Pre-Market (BMO),2023-07-26,29.52,2023-07-27,30.17,0.66,2.22,0.39,0.59,53.08
IQV,2026-05-05,Pre-Market (BMO),2026-05-04,160.94,2026-05-05,159.8,-1.14,-0.71,2.82,2.9,2.96
IQV,2026-02-05,Pre-Market (BMO),2026-02-04,202.54,2026-02-05,199.88,-2.66,-1.31,3.4,3.42,0.69
IQV,2025-10-28,Pre-Market (BMO),2025-10-27,217.43,2025-10-28,210.23,-7.2,-3.31,2.98,3.0,0.81
IQV,2025-07-22,Pre-Market (BMO),2025-07-21,158.96,2025-07-22,171.33,12.37,7.78,2.77,2.81,1.43
IQV,2025-05-06,Pre-Market (BMO),2025-05-05,152.3,2025-05-06,149.83,-2.47,-1.62,2.63,2.7,2.57
IQV,2025-02-06,Pre-Market (BMO),2025-02-05,205.44,2025-02-06,218.1,12.66,6.16,3.11,3.12,0.36
IQV,2024-10-31,Pre-Market (BMO),2024-10-30,216.04,2024-10-31,200.3,-15.74,-7.29,2.81,2.84,1.04
IQV,2024-07-22,Pre-Market (BMO),2024-07-19,224.57,2024-07-22,239.86,15.29,6.81,2.56,2.64,3.02
IQV,2024-05-02,Pre-Market (BMO),2024-05-01,232.94,2024-05-02,227.69,-5.25,-2.25,2.48,2.54,2.38
IQV,2024-02-14,Pre-Market (BMO),2024-02-13,215.27,2024-02-14,223.0,7.73,3.59,2.82,2.84,0.65
IQV,2023-11-01,After-Hours (AMC),2023-11-01,180.01,2023-11-02,181.03,1.02,0.57,2.45,2.49,1.75
IQV,2023-08-01,Pre-Market (BMO),2023-07-31,223.76,2023-08-01,220.62,-3.14,-1.4,2.37,2.43,2.5
IR,2026-04-28,After-Hours (AMC),2026-04-28,81.17,2026-04-29,79.55,-1.62,-2.0,0.74,0.77,4.03
IR,2026-02-12,After-Hours (AMC),2026-02-12,94.16,2026-02-13,96.41,2.25,2.39,0.9,0.96,6.58
IR,2025-10-30,After-Hours (AMC),2025-10-30,78.67,2025-10-31,76.37,-2.3,-2.92,0.86,0.86,-0.3
IR,2025-07-31,After-Hours (AMC),2025-07-31,84.55,2025-08-01,79.12,-5.42,-6.42,0.8,0.8,0.16
IR,2025-05-01,After-Hours (AMC),2025-05-01,76.12,2025-05-02,75.9,-0.22,-0.29,0.74,0.72,-2.28
IR,2025-02-13,After-Hours (AMC),2025-02-13,92.41,2025-02-14,87.87,-4.54,-4.92,0.84,0.84,-0.06
IR,2024-10-31,After-Hours (AMC),2024-10-31,95.84,2024-11-01,93.84,-2.0,-2.08,0.81,0.84,3.21
IR,2024-07-31,After-Hours (AMC),2024-07-31,100.21,2024-08-01,91.83,-8.38,-8.37,0.78,0.83,6.06
IR,2024-05-02,After-Hours (AMC),2024-05-02,92.65,2024-05-03,87.81,-4.84,-5.22,0.69,0.78,12.96
IR,2024-02-15,After-Hours (AMC),2024-02-15,87.58,2024-02-16,91.51,3.92,4.48,0.77,0.86,11.53
IR,2023-11-01,After-Hours (AMC),2023-11-01,61.83,2023-11-02,62.09,0.26,0.42,0.69,0.77,12.0
IR,2023-08-02,After-Hours (AMC),2023-08-02,65.3,2023-08-03,66.33,1.03,1.57,0.6,0.68,13.81
IRM,2026-04-30,Pre-Market (BMO),2026-04-29,113.74,2026-04-30,116.08,2.33,2.05,0.52,0.6,15.76
IRM,2026-02-12,Pre-Market (BMO),2026-02-11,98.73,2026-02-12,102.07,3.34,3.38,0.59,0.61,3.81
IRM,2025-11-05,Pre-Market (BMO),2025-11-04,100.73,2025-11-05,101.04,0.3,0.3,0.53,0.54,2.44
IRM,2025-08-06,Pre-Market (BMO),2025-08-05,92.4,2025-08-06,94.82,2.42,2.62,0.5,0.48,-4.22
IRM,2025-05-01,Pre-Market (BMO),2025-04-30,86.05,2025-05-01,86.35,0.31,0.36,0.4,0.43,6.99
IRM,2025-02-13,Pre-Market (BMO),2025-02-12,97.68,2025-02-13,96.7,-0.99,-1.01,0.53,0.5,-6.23
IRM,2024-11-06,Pre-Market (BMO),2024-11-05,118.79,2024-11-06,115.06,-3.73,-3.14,0.48,0.44,-8.96
IRM,2024-08-01,Pre-Market (BMO),2024-07-31,96.31,2024-08-01,98.6,2.29,2.38,0.44,0.42,-3.63
IRM,2024-05-02,Pre-Market (BMO),2024-05-01,72.8,2024-05-02,73.5,0.7,0.96,0.43,0.43,0.27
IRM,2024-02-22,Pre-Market (BMO),2024-02-21,63.36,2024-02-22,64.74,1.38,2.17,0.45,0.52,14.44
IRM,2023-11-02,Pre-Market (BMO),2023-11-01,54.63,2023-11-02,55.24,0.61,1.12,0.44,0.45,1.42
IRM,2023-08-03,Pre-Market (BMO),2023-08-02,55.86,2023-08-03,53.8,-2.06,-3.68,0.41,0.4,-1.47
ISRG,2026-07-16,After-Hours (AMC),2026-07-16,402.33,2026-07-17,365.03,-37.3,-9.27,2.5,2.8,11.86
ISRG,2026-04-21,After-Hours (AMC),2026-04-21,451.29,2026-04-22,461.36,10.07,2.23,2.11,2.5,18.67
ISRG,2026-01-22,After-Hours (AMC),2026-01-22,525.81,2026-01-23,530.0,4.19,0.8,2.27,2.53,11.57
ISRG,2025-10-21,After-Hours (AMC),2025-10-21,462.74,2025-10-22,543.0,80.26,17.34,1.99,2.4,20.7
ISRG,2025-07-22,After-Hours (AMC),2025-07-22,511.0,2025-07-23,522.5,11.5,2.25,1.92,2.19,14.08
ISRG,2025-04-22,After-Hours (AMC),2025-04-22,478.74,2025-04-23,500.0,21.26,4.44,1.73,1.81,4.41
ISRG,2025-01-23,After-Hours (AMC),2025-01-23,608.66,2025-01-24,581.9,-26.76,-4.4,1.79,2.21,23.73
ISRG,2024-10-17,After-Hours (AMC),2024-10-17,473.73,2024-10-18,496.0,22.27,4.7,1.64,1.84,12.25
ISRG,2024-07-18,After-Hours (AMC),2024-07-18,416.14,2024-07-19,449.43,33.29,8.0,1.54,1.78,15.51
ISRG,2024-04-18,After-Hours (AMC),2024-04-18,372.63,2024-04-19,385.27,12.64,3.39,1.42,1.5,5.98
ISRG,2024-01-23,After-Hours (AMC),2024-01-23,371.41,2024-01-24,383.93,12.52,3.37,1.49,1.6,7.72
ISRG,2023-10-19,After-Hours (AMC),2023-10-19,273.45,2023-10-20,260.05,-13.4,-4.9,1.42,1.46,3.17
IT,2026-05-05,Pre-Market (BMO),2026-05-04,147.71,2026-05-05,145.04,-2.67,-1.81,2.92,3.32,13.64
IT,2026-02-03,Pre-Market (BMO),2026-02-02,202.4,2026-02-03,147.94,-54.46,-26.91,3.51,3.94,12.21
IT,2025-11-04,Pre-Market (BMO),2025-11-03,245.92,2025-11-04,252.37,6.45,2.62,2.43,2.76,13.73
IT,2025-08-05,Pre-Market (BMO),2025-08-04,336.71,2025-08-05,242.49,-94.22,-27.98,3.31,3.53,6.8
IT,2025-05-06,Pre-Market (BMO),2025-05-05,426.98,2025-05-06,417.55,-9.43,-2.21,2.72,2.98,9.71
IT,2025-02-04,Pre-Market (BMO),2025-02-03,547.8,2025-02-04,574.84,27.04,4.94,3.26,5.45,67.22
IT,2024-11-05,Pre-Market (BMO),2024-11-04,505.06,2024-11-05,510.2,5.14,1.02,2.37,2.5,5.61
IT,2024-07-30,Pre-Market (BMO),2024-07-29,470.84,2024-07-30,482.01,11.17,2.37,3.03,3.22,6.44
IT,2024-04-30,Pre-Market (BMO),2024-04-29,448.65,2024-04-30,458.06,9.41,2.1,2.54,2.93,15.28
IT,2024-02-06,Pre-Market (BMO),2024-02-05,469.79,2024-02-06,433.13,-36.66,-7.8,2.83,3.04,7.51
IT,2023-11-03,Pre-Market (BMO),2023-11-02,337.59,2023-11-03,364.58,26.99,7.99,1.96,2.56,30.68
IT,2023-08-01,Pre-Market (BMO),2023-07-31,353.59,2023-08-01,341.1,-12.49,-3.53,2.5,2.85,13.89
ITW,2026-04-30,Pre-Market (BMO),2026-04-29,264.07,2026-04-30,248.5,-15.58,-5.9,2.56,2.66,3.76
ITW,2026-02-03,Pre-Market (BMO),2026-02-02,260.97,2026-02-03,263.71,2.74,1.05,2.69,2.72,1.05
ITW,2025-10-24,Pre-Market (BMO),2025-10-23,252.65,2025-10-24,244.37,-8.28,-3.28,2.72,2.81,3.48
ITW,2025-07-30,Pre-Market (BMO),2025-07-29,253.1,2025-07-30,251.44,-1.67,-0.66,2.56,2.58,0.62
ITW,2025-04-30,Pre-Market (BMO),2025-04-29,234.36,2025-04-30,232.55,-1.81,-0.77,2.35,2.38,1.09
ITW,2025-02-05,Pre-Market (BMO),2025-02-04,245.4,2025-02-05,238.96,-6.44,-2.62,2.5,2.54,1.53
ITW,2024-10-30,Pre-Market (BMO),2024-10-29,245.26,2024-10-30,251.92,6.67,2.72,2.53,2.65,4.55
ITW,2024-07-30,Pre-Market (BMO),2024-07-29,236.22,2024-07-30,243.29,7.07,2.99,2.47,2.54,2.88
ITW,2024-04-30,Pre-Market (BMO),2024-04-29,235.99,2024-04-30,237.11,1.13,0.48,2.36,2.73,15.72
ITW,2024-02-01,Pre-Market (BMO),2024-01-31,245.72,2024-02-01,239.22,-6.5,-2.64,2.41,2.42,0.24
ITW,2023-10-24,Pre-Market (BMO),2023-10-23,208.4,2023-10-24,211.26,2.87,1.38,2.45,2.55,3.88
ITW,2023-08-01,Pre-Market (BMO),2023-07-31,245.2,2023-08-01,237.89,-7.31,-2.98,2.41,2.41,0.13
IVZ,2026-04-28,Pre-Market (BMO),2026-04-27,25.28,2026-04-28,24.95,-0.34,-1.33,0.58,0.57,-1.21
IVZ,2026-01-27,Pre-Market (BMO),2026-01-26,28.18,2026-01-27,28.8,0.62,2.2,0.58,0.62,7.1
IVZ,2025-10-28,Pre-Market (BMO),2025-10-27,22.89,2025-10-28,22.99,0.1,0.43,0.44,0.61,37.73
IVZ,2025-07-22,Pre-Market (BMO),2025-07-21,19.52,2025-07-22,19.36,-0.15,-0.79,0.4,0.36,-10.7
IVZ,2025-04-22,Pre-Market (BMO),2025-04-21,11.88,2025-04-22,12.7,0.82,6.9,0.39,0.44,13.91
IVZ,2025-01-28,Pre-Market (BMO),2025-01-27,16.73,2025-01-28,17.67,0.94,5.63,0.47,0.52,9.63
IVZ,2024-10-22,Pre-Market (BMO),2024-10-21,16.79,2024-10-22,16.62,-0.17,-1.0,0.43,0.44,1.76
IVZ,2024-07-23,Pre-Market (BMO),2024-07-22,15.18,2024-07-23,15.2,0.03,0.18,0.4,0.43,8.09
IVZ,2024-04-23,Pre-Market (BMO),2024-04-22,14.15,2024-04-23,13.3,-0.85,-6.03,0.4,0.33,-17.45
IVZ,2024-01-23,Pre-Market (BMO),2024-01-22,15.59,2024-01-23,14.93,-0.66,-4.26,0.4,0.47,18.69
IVZ,2023-10-24,Pre-Market (BMO),2023-10-23,11.05,2023-10-24,11.43,0.37,3.35,0.35,0.35,-1.07
JBHT,2026-07-15,After-Hours (AMC),2026-07-15,276.28,2026-07-16,296.0,19.72,7.14,1.74,1.91,9.55
JBHT,2026-04-15,After-Hours (AMC),2026-04-15,223.75,2026-04-16,232.77,9.01,4.03,1.45,1.49,3.09
JBHT,2026-04-15,After-Hours (AMC),2026-04-15,223.75,2026-04-16,232.77,9.01,4.03,1.45,,
JBHT,2026-01-15,After-Hours (AMC),2026-01-15,205.72,2026-01-16,199.04,-6.68,-3.25,1.81,1.9,4.77
JBHT,2025-10-15,After-Hours (AMC),2025-10-15,137.94,2025-10-16,161.94,24.0,17.4,1.46,1.76,20.66
JBHT,2025-07-15,After-Hours (AMC),2025-07-15,147.44,2025-07-16,156.33,8.89,6.03,1.3,1.31,0.52
JBHT,2025-04-15,After-Hours (AMC),2025-04-15,133.39,2025-04-16,126.37,-7.02,-5.26,1.14,1.17,2.19
JBHT,2025-01-16,After-Hours (AMC),2025-01-16,183.35,2025-01-17,172.32,-11.03,-6.02,1.62,1.53,-5.83
JBHT,2024-10-15,After-Hours (AMC),2024-10-15,171.59,2024-10-16,184.58,13.0,7.58,1.39,1.49,7.21
JBHT,2024-07-16,After-Hours (AMC),2024-07-16,172.47,2024-07-17,165.68,-6.79,-3.94,1.48,1.32,-10.78
JBHT,2024-04-16,After-Hours (AMC),2024-04-16,178.86,2024-04-17,163.23,-15.63,-8.74,1.51,1.22,-19.3
JBHT,2024-01-18,After-Hours (AMC),2024-01-18,192.11,2024-01-19,199.09,6.98,3.64,1.74,1.47,-15.54
JBHT,2023-10-17,After-Hours (AMC),2023-10-17,190.74,2023-10-18,180.35,-10.39,-5.45,1.83,1.8,-1.72
JBL,2026-06-17,Pre-Market (BMO),2026-06-16,375.51,2026-06-17,412.36,36.85,9.81,3.12,3.16,1.35
JBL,2026-03-18,Pre-Market (BMO),2026-03-17,262.29,2026-03-18,247.64,-14.65,-5.58,2.51,2.69,7.22
JBL,2025-12-17,Pre-Market (BMO),2025-12-16,212.45,2025-12-17,222.38,9.93,4.68,2.73,2.85,4.36
JBL,2025-09-25,Pre-Market (BMO),2025-09-24,225.07,2025-09-25,206.52,-18.55,-8.24,2.95,3.29,11.69
JBL,2025-06-17,Pre-Market (BMO),2025-06-16,180.58,2025-06-17,184.95,4.36,2.42,2.32,2.55,9.78
JBL,2025-03-20,Pre-Market (BMO),2025-03-19,139.23,2025-03-20,146.04,6.81,4.89,1.83,1.94,6.17
JBL,2024-12-18,Pre-Market (BMO),2024-12-17,133.66,2024-12-18,147.84,14.18,10.61,1.88,2.0,6.53
JBL,2024-09-26,Pre-Market (BMO),2024-09-25,113.1,2024-09-26,123.64,10.54,9.32,2.22,2.3,3.63
JBL,2024-06-20,Pre-Market (BMO),2024-06-18,125.77,2024-06-20,119.82,-5.95,-4.73,1.85,1.89,2.06
JBL,2024-03-15,Pre-Market (BMO),2024-03-14,146.82,2024-03-15,128.17,-18.65,-12.7,1.68,1.68,-0.12
JBL,2023-12-14,Pre-Market (BMO),2023-12-13,120.01,2023-12-14,129.5,9.49,7.91,2.58,2.6,0.75
JBL,2023-09-28,Pre-Market (BMO),2023-09-27,104.6,2023-09-28,110.94,6.33,6.06,2.32,2.45,5.68
JCI,2026-05-06,Pre-Market (BMO),2026-05-05,144.42,2026-05-06,138.45,-5.97,-4.14,1.12,1.19,6.46
JCI,2026-02-04,Pre-Market (BMO),2026-02-03,123.29,2026-02-04,131.73,8.44,6.85,0.84,0.89,5.7
JCI,2025-11-05,Pre-Market (BMO),2025-11-04,110.39,2025-11-05,120.23,9.83,8.91,1.2,1.26,4.66
JCI,2025-07-29,Pre-Market (BMO),2025-07-28,110.87,2025-07-29,105.94,-4.93,-4.45,1.01,1.05,3.63
JCI,2025-05-07,Pre-Market (BMO),2025-05-06,87.97,2025-05-07,87.67,-0.31,-0.35,0.8,0.82,2.62
JCI,2025-02-05,Pre-Market (BMO),2025-02-04,76.22,2025-02-05,85.9,9.68,12.71,0.59,0.64,8.46
JCI,2024-11-06,Pre-Market (BMO),2024-11-05,73.48,2024-11-06,76.12,2.64,3.59,1.25,1.28,2.68
JCI,2024-07-31,Pre-Market (BMO),2024-07-30,67.43,2024-07-31,73.26,5.83,8.65,1.08,1.14,5.18
JCI,2024-05-01,Pre-Market (BMO),2024-04-30,63.22,2024-05-01,60.3,-2.91,-4.61,0.75,0.78,3.44
JCI,2024-01-30,Pre-Market (BMO),2024-01-29,54.72,2024-01-30,53.43,-1.29,-2.37,0.51,0.51,0.31
JCI,2023-12-12,Pre-Market (BMO),2023-12-11,54.27,2023-12-12,52.29,-1.98,-3.64,1.07,1.05,-1.73
JCI,2023-08-02,Pre-Market (BMO),2023-08-01,66.73,2023-08-02,65.75,-0.98,-1.47,1.03,1.03,-0.02
JKHY,2026-05-05,After-Hours (AMC),2026-05-05,148.67,2026-05-06,148.19,-0.48,-0.32,1.42,1.56,10.37
JKHY,2026-02-03,After-Hours (AMC),2026-02-03,164.82,2026-02-04,169.38,4.56,2.77,1.42,1.66,17.07
JKHY,2025-11-04,After-Hours (AMC),2025-11-04,150.69,2025-11-05,154.93,4.24,2.81,1.65,1.86,12.81
JKHY,2025-08-19,After-Hours (AMC),2025-08-19,158.23,2025-08-20,156.63,-1.61,-1.01,1.5,1.56,4.08
JKHY,2025-05-06,After-Hours (AMC),2025-05-06,168.91,2025-05-07,161.21,-7.7,-4.56,1.33,1.45,8.66
JKHY,2025-02-04,After-Hours (AMC),2025-02-04,170.38,2025-02-05,170.47,0.09,0.05,1.32,1.35,2.09
JKHY,2024-11-05,After-Hours (AMC),2024-11-05,181.01,2024-11-06,184.75,3.75,2.07,1.6,1.59,-0.17
JKHY,2024-08-20,After-Hours (AMC),2024-08-20,161.01,2024-08-21,157.56,-3.45,-2.14,1.3,1.33,1.56
JKHY,2024-05-07,After-Hours (AMC),2024-05-07,160.58,2024-05-08,161.76,1.18,0.74,1.16,1.19,2.93
JKHY,2024-02-06,After-Hours (AMC),2024-02-06,158.39,2024-02-07,160.78,2.39,1.51,1.13,1.22,7.81
JKHY,2023-11-07,After-Hours (AMC),2023-11-07,138.14,2023-11-08,151.12,12.98,9.4,1.33,1.53,14.61
JKHY,2023-08-15,After-Hours (AMC),2023-08-15,161.55,2023-08-16,146.85,-14.71,-9.1,1.18,1.34,13.16
JNJ,2026-07-15,Pre-Market (BMO),2026-07-14,253.85,2026-07-15,250.09,-3.76,-1.48,2.85,2.9,1.59
JNJ,2026-04-14,Pre-Market (BMO),2026-04-13,236.6,2026-04-14,233.67,-2.93,-1.24,2.68,2.7,0.85
JNJ,2026-01-21,Pre-Market (BMO),2026-01-20,215.81,2026-01-21,208.68,-7.13,-3.3,2.46,2.46,-0.11
JNJ,2025-10-14,Pre-Market (BMO),2025-10-13,187.61,2025-10-14,189.6,1.99,1.06,2.76,2.8,1.49
JNJ,2025-07-16,Pre-Market (BMO),2025-07-15,151.39,2025-07-16,156.39,5.0,3.31,2.68,2.77,3.21
JNJ,2025-04-15,Pre-Market (BMO),2025-04-14,149.32,2025-04-15,150.61,1.3,0.87,2.58,2.77,7.38
JNJ,2025-01-22,Pre-Market (BMO),2025-01-21,142.17,2025-01-22,138.19,-3.98,-2.8,2.01,2.04,1.38
JNJ,2024-10-15,Pre-Market (BMO),2024-10-14,153.84,2024-10-15,152.32,-1.52,-0.99,2.21,2.42,9.71
JNJ,2024-07-17,Pre-Market (BMO),2024-07-16,142.68,2024-07-17,143.19,0.51,0.36,2.7,2.82,4.31
JNJ,2024-04-16,Pre-Market (BMO),2024-04-15,138.33,2024-04-16,135.91,-2.42,-1.75,2.65,2.71,2.26
JNJ,2024-01-23,Pre-Market (BMO),2024-01-22,151.13,2024-01-23,148.52,-2.61,-1.73,2.28,2.29,0.39
JNJ,2023-10-17,Pre-Market (BMO),2023-10-16,145.37,2023-10-17,143.94,-1.43,-0.98,2.52,2.66,5.54
JPM,2026-07-14,Pre-Market (BMO),2026-07-13,334.53,2026-07-14,327.0,-7.53,-2.25,5.8,6.14,5.86
JPM,2026-04-14,Pre-Market (BMO),2026-04-13,312.27,2026-04-14,308.43,-3.84,-1.23,5.51,5.94,7.78
JPM,2026-01-13,Pre-Market (BMO),2026-01-12,321.39,2026-01-13,321.2,-0.19,-0.06,4.82,4.63,-3.91
JPM,2025-10-14,Pre-Market (BMO),2025-10-13,303.66,2025-10-14,301.56,-2.1,-0.69,4.87,5.07,4.01
JPM,2025-07-15,Pre-Market (BMO),2025-07-14,283.28,2025-07-15,282.59,-0.69,-0.24,4.48,4.96,10.62
JPM,2025-04-11,Pre-Market (BMO),2025-04-10,221.78,2025-04-11,221.0,-0.78,-0.35,4.64,5.07,9.15
JPM,2025-01-15,Pre-Market (BMO),2025-01-14,240.18,2025-01-15,243.02,2.84,1.18,4.04,4.81,19.18
JPM,2024-10-11,Pre-Market (BMO),2024-10-10,205.51,2024-10-11,208.24,2.73,1.33,3.99,4.37,9.63
JPM,2024-07-12,Pre-Market (BMO),2024-07-11,199.09,2024-07-12,195.77,-3.31,-1.66,5.09,6.12,20.16
JPM,2024-04-12,Pre-Market (BMO),2024-04-11,186.52,2024-04-12,179.73,-6.79,-3.64,4.13,4.44,7.4
JPM,2024-01-12,Pre-Market (BMO),2024-01-11,161.59,2024-01-12,164.91,3.32,2.06,3.6,3.04,-15.65
JPM,2023-10-13,Pre-Market (BMO),2023-10-12,137.5,2023-10-13,140.04,2.54,1.84,3.97,4.33,9.01
KDP,2026-04-23,Pre-Market (BMO),2026-04-22,26.35,2026-04-23,27.1,0.74,2.83,0.37,0.39,4.25
KDP,2026-02-24,Pre-Market (BMO),2026-02-23,29.3,2026-02-24,30.2,0.9,3.06,0.59,0.6,2.01
KDP,2025-10-27,Pre-Market (BMO),2025-10-24,26.51,2025-10-27,29.04,2.53,9.54,0.54,0.54,0.44
KDP,2025-07-24,Pre-Market (BMO),2025-07-23,32.41,2025-07-24,32.91,0.5,1.55,0.49,0.49,0.96
KDP,2025-04-24,Pre-Market (BMO),2025-04-23,33.81,2025-04-24,32.88,-0.93,-2.76,0.38,0.42,9.85
KDP,2025-02-25,Pre-Market (BMO),2025-02-24,32.56,2025-02-25,33.32,0.76,2.34,0.57,0.58,1.54
KDP,2024-10-24,Pre-Market (BMO),2024-10-23,34.77,2024-10-24,33.47,-1.3,-3.73,0.51,0.51,0.79
KDP,2024-07-25,Pre-Market (BMO),2024-07-24,30.85,2024-07-25,31.9,1.05,3.39,0.45,0.45,0.27
KDP,2024-04-25,Pre-Market (BMO),2024-04-24,30.26,2024-04-25,31.76,1.51,4.98,0.35,0.38,9.96
KDP,2024-02-22,Pre-Market (BMO),2024-02-21,29.36,2024-02-22,28.4,-0.96,-3.26,0.54,0.55,1.49
KDP,2023-10-26,Pre-Market (BMO),2023-10-25,26.86,2023-10-26,28.49,1.63,6.08,0.47,0.48,2.61
KDP,2023-07-27,Pre-Market (BMO),2023-07-26,29.83,2023-07-27,31.01,1.18,3.96,0.4,0.42,4.88
KEY,2026-07-21,Pre-Market (BMO),2026-07-20,23.32,2026-07-21,22.85,-0.47,-2.02,0.42,0.44,4.41
KEY,2026-04-16,Pre-Market (BMO),2026-04-15,21.36,2026-04-16,21.41,0.05,0.23,0.41,0.44,8.02
KEY,2026-01-20,Pre-Market (BMO),2026-01-16,20.76,2026-01-20,20.16,-0.6,-2.88,0.39,0.41,6.28
KEY,2025-10-16,Pre-Market (BMO),2025-10-15,17.19,2025-10-16,16.65,-0.54,-3.16,0.38,0.41,7.6
KEY,2025-07-22,Pre-Market (BMO),2025-07-21,17.54,2025-07-22,17.75,0.21,1.2,0.34,0.35,1.9
KEY,2025-04-17,Pre-Market (BMO),2025-04-16,13.32,2025-04-17,13.73,0.41,3.06,0.32,0.33,4.05
KEY,2025-01-21,Pre-Market (BMO),2025-01-17,17.12,2025-01-21,16.31,-0.8,-4.7,0.33,0.38,16.71
KEY,2024-10-17,Pre-Market (BMO),2024-10-16,16.38,2024-10-17,15.92,-0.46,-2.82,0.22,-0.47,-309.38
KEY,2024-07-18,Pre-Market (BMO),2024-07-17,14.82,2024-07-18,14.49,-0.33,-2.22,0.24,0.25,3.49
KEY,2024-04-18,Pre-Market (BMO),2024-04-17,13.0,2024-04-18,12.89,-0.12,-0.9,0.23,0.2,-11.55
KEY,2024-01-18,Pre-Market (BMO),2024-01-17,12.29,2024-01-18,11.95,-0.35,-2.82,0.23,0.03,-86.95
KEY,2023-10-19,Pre-Market (BMO),2023-10-18,9.33,2023-10-19,9.52,0.19,2.06,0.27,0.29,7.5
KEYS,2026-05-19,After-Hours (AMC),2026-05-19,344.11,2026-05-20,330.0,-14.11,-4.1,2.32,2.87,23.69
KEYS,2026-02-23,After-Hours (AMC),2026-02-23,245.0,2026-02-24,277.72,32.72,13.36,2.0,2.17,8.75
KEYS,2025-11-24,After-Hours (AMC),2025-11-24,177.67,2025-11-25,200.5,22.83,12.85,1.85,1.91,3.01
KEYS,2025-08-19,After-Hours (AMC),2025-08-19,163.48,2025-08-20,155.87,-7.61,-4.66,1.67,1.72,2.89
KEYS,2025-05-20,After-Hours (AMC),2025-05-20,162.8,2025-05-21,171.6,8.8,5.41,1.65,1.7,3.26
KEYS,2025-02-25,After-Hours (AMC),2025-02-25,172.17,2025-02-26,161.72,-10.45,-6.07,1.69,1.82,7.62
KEYS,2024-11-19,After-Hours (AMC),2024-11-19,152.13,2024-11-20,165.21,13.08,8.6,1.57,1.65,5.01
KEYS,2024-08-20,After-Hours (AMC),2024-08-20,138.57,2024-08-21,156.55,17.98,12.98,1.35,1.57,16.56
KEYS,2024-05-20,After-Hours (AMC),2024-05-20,159.75,2024-05-21,153.27,-6.48,-4.06,1.39,1.41,1.58
KEYS,2024-02-20,After-Hours (AMC),2024-02-20,154.43,2024-02-21,140.29,-14.14,-9.16,1.59,1.63,2.67
KEYS,2023-11-20,After-Hours (AMC),2023-11-20,134.92,2023-11-21,137.53,2.61,1.93,1.87,1.99,6.38
KEYS,2023-08-17,After-Hours (AMC),2023-08-17,150.05,2023-08-18,128.5,-21.55,-14.36,2.04,2.19,7.26
KHC,2026-05-06,Pre-Market (BMO),2026-05-05,22.14,2026-05-06,22.76,0.62,2.8,0.5,0.58,15.38
KHC,2026-02-11,Pre-Market (BMO),2026-02-10,24.05,2026-02-11,22.99,-1.06,-4.42,0.61,0.67,9.12
KHC,2025-10-29,Pre-Market (BMO),2025-10-28,24.27,2025-10-29,23.78,-0.48,-2.0,0.58,0.61,5.77
KHC,2025-07-30,Pre-Market (BMO),2025-07-29,26.76,2025-07-30,26.98,0.21,0.79,0.64,0.69,8.43
KHC,2025-04-29,Pre-Market (BMO),2025-04-28,26.6,2025-04-29,26.68,0.08,0.3,0.6,0.62,3.1
KHC,2025-02-12,Pre-Market (BMO),2025-02-11,26.96,2025-02-12,25.09,-1.87,-6.93,0.78,0.84,7.83
KHC,2024-10-30,Pre-Market (BMO),2024-10-29,31.32,2024-10-30,30.5,-0.82,-2.61,0.74,0.75,1.16
KHC,2024-07-31,Pre-Market (BMO),2024-07-30,30.11,2024-07-31,30.78,0.67,2.22,0.74,0.78,5.75
KHC,2024-05-01,Pre-Market (BMO),2024-04-30,33.96,2024-05-01,32.77,-1.19,-3.5,0.69,0.69,0.51
KHC,2024-02-14,Pre-Market (BMO),2024-02-13,31.42,2024-02-14,30.43,-0.99,-3.16,0.77,0.78,1.36
KHC,2023-11-01,Pre-Market (BMO),2023-10-31,27.05,2023-11-01,27.04,-0.01,-0.03,0.66,0.72,9.55
KHC,2023-08-02,Pre-Market (BMO),2023-08-01,30.48,2023-08-02,30.2,-0.28,-0.92,0.76,0.79,4.56
KIM,2026-04-30,Pre-Market (BMO),2026-04-29,23.38,2026-04-30,23.66,0.28,1.18,0.2,0.21,7.45
KIM,2026-02-12,Pre-Market (BMO),2026-02-11,21.51,2026-02-12,21.57,0.06,0.27,0.19,0.19,-3.69
KIM,2025-10-30,Pre-Market (BMO),2025-10-29,20.67,2025-10-30,20.82,0.15,0.75,0.19,0.19,-2.59
KIM,2025-07-31,Pre-Market (BMO),2025-07-30,20.92,2025-07-31,20.5,-0.42,-2.01,0.18,0.18,2.94
KIM,2025-05-01,Pre-Market (BMO),2025-04-30,18.85,2025-05-01,19.08,0.23,1.2,0.18,0.18,5.1
KIM,2025-02-07,Pre-Market (BMO),2025-02-06,20.9,2025-02-07,21.39,0.49,2.32,0.19,0.23,18.89
KIM,2024-10-31,Pre-Market (BMO),2024-10-30,22.18,2024-10-31,21.96,-0.22,-1.0,0.18,0.19,5.32
KIM,2024-08-01,Pre-Market (BMO),2024-07-31,19.86,2024-08-01,20.34,0.48,2.39,0.16,0.17,1.58
KIM,2024-05-02,Pre-Market (BMO),2024-05-01,16.7,2024-05-02,16.88,0.18,1.08,0.18,0.06,-68.78
KIM,2024-02-08,Pre-Market (BMO),2024-02-07,17.98,2024-02-08,17.95,-0.04,-0.2,0.17,0.17,5.02
KIM,2023-10-26,Pre-Market (BMO),2023-10-25,14.37,2023-10-26,14.59,0.22,1.53,0.15,0.17,10.11
KIM,2023-07-27,Pre-Market (BMO),2023-07-26,17.96,2023-07-27,18.24,0.28,1.54,0.22,0.13,-40.27
KKR,2026-05-05,Pre-Market (BMO),2026-05-04,103.13,2026-05-05,102.81,-0.32,-0.31,1.26,1.39,10.28
KKR,2026-02-05,Pre-Market (BMO),2026-02-04,104.37,2026-02-05,102.61,-1.76,-1.69,1.14,1.12,-1.63
KKR,2025-11-07,Pre-Market (BMO),2025-11-06,118.68,2025-11-07,111.69,-6.98,-5.88,1.3,1.41,8.64
KKR,2025-07-31,Pre-Market (BMO),2025-07-30,149.44,2025-07-31,150.41,0.97,0.65,1.14,1.18,3.63
KKR,2025-05-01,Pre-Market (BMO),2025-04-30,113.34,2025-05-01,114.62,1.28,1.13,1.13,1.15,1.66
KKR,2025-02-04,Pre-Market (BMO),2025-02-03,161.69,2025-02-04,160.35,-1.34,-0.83,1.28,1.32,3.52
KKR,2024-10-24,Pre-Market (BMO),2024-10-23,137.07,2024-10-24,141.51,4.44,3.24,1.2,1.38,15.41
KKR,2024-07-31,Pre-Market (BMO),2024-07-30,118.53,2024-07-31,124.43,5.9,4.98,1.06,1.09,2.38
KKR,2024-05-01,Pre-Market (BMO),2024-04-30,91.78,2024-05-01,94.47,2.69,2.93,0.95,0.97,1.79
KKR,2024-02-06,Pre-Market (BMO),2024-02-05,87.07,2024-02-06,90.65,3.57,4.1,0.91,1.0,9.5
KKR,2023-11-07,Pre-Market (BMO),2023-11-06,58.31,2023-11-07,58.02,-0.29,-0.51,0.83,0.88,6.24
KKR,2023-08-07,Pre-Market (BMO),2023-08-04,58.94,2023-08-07,59.21,0.26,0.45,0.71,0.73,2.34
KLAC,2026-04-29,After-Hours (AMC),2026-04-29,181.39,2026-04-30,168.58,-12.8,-7.06,0.92,0.94,2.5
KLAC,2026-01-29,After-Hours (AMC),2026-01-29,168.04,2026-01-30,153.6,-14.43,-8.59,0.88,0.89,0.59
KLAC,2025-10-29,After-Hours (AMC),2025-10-29,123.0,2025-10-30,122.9,-0.11,-0.09,0.86,0.88,2.24
KLAC,2025-07-31,After-Hours (AMC),2025-07-31,87.34,2025-08-01,85.07,-2.27,-2.6,0.86,0.94,9.67
KLAC,2025-04-30,After-Hours (AMC),2025-04-30,69.65,2025-05-01,68.31,-1.34,-1.92,0.81,0.84,4.03
KLAC,2025-01-30,After-Hours (AMC),2025-01-30,73.42,2025-01-31,75.06,1.63,2.22,0.78,0.82,5.73
KLAC,2024-10-30,After-Hours (AMC),2024-10-30,68.23,2024-10-31,66.83,-1.4,-2.05,0.7,0.73,4.03
KLAC,2024-07-24,After-Hours (AMC),2024-07-24,74.4,2024-07-25,75.56,1.16,1.56,0.61,0.66,8.11
KLAC,2024-04-25,After-Hours (AMC),2024-04-25,66.11,2024-04-26,67.1,0.99,1.49,0.51,0.53,4.01
KLAC,2024-01-25,After-Hours (AMC),2024-01-25,62.9,2024-01-26,61.17,-1.73,-2.76,0.59,0.62,4.74
KLAC,2023-10-25,After-Hours (AMC),2023-10-25,44.46,2023-10-26,44.84,0.37,0.84,0.54,0.57,6.87
KLAC,2023-07-27,After-Hours (AMC),2023-07-27,47.03,2023-07-28,48.75,1.72,3.66,0.49,0.54,11.17
KMB,2026-04-28,Pre-Market (BMO),2026-04-27,96.92,2026-04-28,98.14,1.22,1.26,1.93,1.97,2.24
KMB,2026-01-27,Pre-Market (BMO),2026-01-26,98.55,2026-01-27,99.88,1.33,1.34,1.81,1.86,2.66
KMB,2025-10-30,Pre-Market (BMO),2025-10-29,112.37,2025-10-30,116.2,3.83,3.41,1.75,1.82,3.93
KMB,2025-08-01,Pre-Market (BMO),2025-07-31,118.8,2025-08-01,126.5,7.69,6.48,1.66,1.92,15.97
KMB,2025-04-22,Pre-Market (BMO),2025-04-21,132.29,2025-04-22,125.69,-6.6,-4.99,1.89,1.93,2.04
KMB,2025-01-28,Pre-Market (BMO),2025-01-27,123.01,2025-01-28,123.19,0.18,0.14,1.51,1.5,-0.94
KMB,2024-10-22,Pre-Market (BMO),2024-10-21,133.8,2024-10-22,127.16,-6.64,-4.96,1.71,1.83,7.22
KMB,2024-07-23,Pre-Market (BMO),2024-07-22,132.63,2024-07-23,128.7,-3.94,-2.97,1.71,1.96,14.61
KMB,2024-04-23,Pre-Market (BMO),2024-04-22,117.58,2024-04-23,126.73,9.15,7.78,1.64,2.01,22.46
KMB,2024-01-24,Pre-Market (BMO),2024-01-23,112.84,2024-01-24,108.11,-4.73,-4.19,1.54,1.51,-2.13
KMB,2023-10-24,Pre-Market (BMO),2023-10-23,108.94,2023-10-24,109.56,0.62,0.57,1.59,1.74,9.1
KMI,2026-07-22,After-Hours (AMC),2026-07-22,32.49,2026-07-23,33.0,0.51,1.57,0.31,0.37,18.28
KMI,2026-04-22,After-Hours (AMC),2026-04-22,31.52,2026-04-23,31.97,0.46,1.45,0.39,0.48,22.1
KMI,2026-01-21,After-Hours (AMC),2026-01-21,28.05,2026-01-22,28.59,0.54,1.92,0.37,0.39,6.82
KMI,2025-10-22,After-Hours (AMC),2025-10-22,26.74,2025-10-23,27.17,0.43,1.6,0.3,0.29,-2.84
KMI,2025-07-16,After-Hours (AMC),2025-07-16,26.8,2025-07-17,26.12,-0.68,-2.54,0.28,0.28,0.81
KMI,2025-04-16,After-Hours (AMC),2025-04-16,25.6,2025-04-17,25.43,-0.17,-0.67,0.36,0.34,-4.83
KMI,2025-01-22,After-Hours (AMC),2025-01-22,28.93,2025-01-23,29.42,0.49,1.69,0.33,0.32,-2.69
KMI,2024-10-16,After-Hours (AMC),2024-10-16,23.16,2024-10-17,22.99,-0.17,-0.72,0.26,0.25,-5.33
KMI,2024-07-17,After-Hours (AMC),2024-07-17,18.82,2024-07-18,18.79,-0.03,-0.15,0.25,0.25,-0.86
KMI,2024-04-17,After-Hours (AMC),2024-04-17,16.03,2024-04-18,16.25,0.22,1.35,0.34,0.34,0.77
KMI,2024-01-17,After-Hours (AMC),2024-01-17,15.59,2024-01-18,15.38,-0.21,-1.37,0.29,0.28,-4.72
KMI,2023-10-18,After-Hours (AMC),2023-10-18,14.95,2023-10-19,15.07,0.11,0.76,0.25,0.25,-1.96
KO,2026-04-28,Pre-Market (BMO),2026-04-27,74.96,2026-04-28,79.01,4.05,5.41,0.81,0.86,5.88
KO,2026-02-10,Pre-Market (BMO),2026-02-09,76.94,2026-02-10,75.62,-1.32,-1.72,0.56,0.58,2.69
KO,2025-10-21,Pre-Market (BMO),2025-10-20,67.07,2025-10-21,69.15,2.09,3.11,0.78,0.82,5.32
KO,2025-07-22,Pre-Market (BMO),2025-07-21,68.14,2025-07-22,67.54,-0.6,-0.88,0.84,0.87,3.93
KO,2025-04-29,Pre-Market (BMO),2025-04-28,69.32,2025-04-29,68.74,-0.58,-0.84,0.72,0.73,1.95
KO,2025-02-11,Pre-Market (BMO),2025-02-10,61.87,2025-02-11,64.7,2.83,4.57,0.52,0.55,6.38
KO,2024-10-23,Pre-Market (BMO),2024-10-22,66.07,2024-10-23,63.73,-2.34,-3.54,0.75,0.77,3.18
KO,2024-07-23,Pre-Market (BMO),2024-07-22,61.2,2024-07-23,61.82,0.62,1.02,0.81,0.84,4.26
KO,2024-04-30,Pre-Market (BMO),2024-04-29,58.17,2024-04-30,58.26,0.09,0.16,0.7,0.72,3.4
KO,2024-02-13,Pre-Market (BMO),2024-02-12,55.53,2024-02-13,55.34,-0.19,-0.34,0.49,0.49,0.33
KO,2023-10-24,Pre-Market (BMO),2023-10-23,49.9,2023-10-24,51.35,1.45,2.9,0.69,0.74,6.49
KR,2026-06-18,Pre-Market (BMO),2026-06-17,61.82,2026-06-18,59.42,-2.4,-3.88,1.59,1.58,-0.83
KR,2026-03-05,Pre-Market (BMO),2026-03-04,67.63,2026-03-05,66.9,-0.74,-1.09,1.2,1.28,6.47
KR,2025-12-04,Pre-Market (BMO),2025-12-03,65.52,2025-12-04,62.9,-2.62,-4.0,1.03,1.05,1.69
KR,2025-09-11,Pre-Market (BMO),2025-09-10,65.99,2025-09-11,67.93,1.94,2.94,1.0,1.04,4.25
KR,2025-06-20,Pre-Market (BMO),2025-06-18,64.18,2025-06-20,66.82,2.64,4.11,1.46,1.49,2.23
KR,2025-03-06,Pre-Market (BMO),2025-03-05,60.96,2025-03-06,61.03,0.08,0.13,1.11,1.14,2.48
KR,2024-12-05,Pre-Market (BMO),2024-12-04,58.12,2024-12-05,56.95,-1.16,-2.0,0.98,0.98,0.23
KR,2024-09-12,Pre-Market (BMO),2024-09-11,49.69,2024-09-12,50.54,0.85,1.71,0.91,0.93,1.69
KR,2024-06-20,Pre-Market (BMO),2024-06-18,49.85,2024-06-20,50.89,1.05,2.1,1.37,1.43,4.74
KR,2024-03-07,Pre-Market (BMO),2024-03-06,48.16,2024-03-07,49.84,1.68,3.49,1.13,1.34,18.3
KR,2023-11-30,Pre-Market (BMO),2023-11-29,41.36,2023-11-30,41.28,-0.09,-0.21,0.92,0.95,3.62
KR,2023-09-08,Pre-Market (BMO),2023-09-07,42.87,2023-09-08,42.04,-0.84,-1.95,0.91,0.96,5.11
KVUE,2026-05-07,Pre-Market (BMO),2026-05-06,17.47,2026-05-07,17.3,-0.17,-0.96,0.26,0.32,23.03
KVUE,2026-02-17,After-Hours (AMC),2026-02-17,18.19,2026-02-18,18.32,0.13,0.71,0.22,0.27,21.24
KVUE,2025-11-03,Pre-Market (BMO),2025-10-31,13.86,2025-11-03,16.46,2.6,18.75,0.26,0.28,5.72
KVUE,2025-08-07,Pre-Market (BMO),2025-08-06,20.49,2025-08-07,20.43,-0.06,-0.28,0.28,0.29,2.22
KVUE,2025-05-08,Pre-Market (BMO),2025-05-07,21.89,2025-05-08,23.21,1.32,6.01,0.23,0.24,5.42
KVUE,2025-02-06,Pre-Market (BMO),2025-02-05,19.45,2025-02-06,19.26,-0.19,-0.99,0.26,0.26,1.49
KVUE,2024-11-07,Pre-Market (BMO),2024-11-06,20.92,2024-11-07,20.62,-0.31,-1.47,0.27,0.28,2.98
KVUE,2024-08-06,Pre-Market (BMO),2024-08-05,16.75,2024-08-06,18.56,1.81,10.78,0.28,0.32,15.65
KVUE,2024-05-07,Pre-Market (BMO),2024-05-06,17.39,2024-05-07,17.91,0.52,3.02,0.25,0.28,10.35
KVUE,2024-02-08,Pre-Market (BMO),2024-02-07,18.51,2024-02-08,17.9,-0.6,-3.27,0.28,0.31,9.85
KVUE,2023-10-26,Pre-Market (BMO),2023-10-25,17.61,2023-10-26,16.83,-0.79,-4.46,0.31,0.31,-1.44
LDOS,2026-05-05,Pre-Market (BMO),2026-05-04,148.29,2026-05-05,151.81,3.53,2.38,2.91,3.13,7.56
LDOS,2026-02-17,Pre-Market (BMO),2026-02-13,175.24,2026-02-17,177.2,1.96,1.12,2.61,2.76,5.91
LDOS,2025-11-04,Pre-Market (BMO),2025-11-03,191.46,2025-11-04,188.09,-3.37,-1.76,2.72,3.05,12.3
LDOS,2025-08-05,Pre-Market (BMO),2025-08-04,159.28,2025-08-05,166.26,6.99,4.39,2.66,3.21,20.83
LDOS,2025-05-06,Pre-Market (BMO),2025-05-05,146.01,2025-05-06,143.97,-2.04,-1.4,2.5,2.97,18.73
LDOS,2025-02-11,Pre-Market (BMO),2025-02-10,140.48,2025-02-11,145.15,4.66,3.32,2.27,2.37,4.45
LDOS,2024-10-29,Pre-Market (BMO),2024-10-28,166.57,2024-10-29,178.62,12.04,7.23,2.02,2.93,45.29
LDOS,2024-07-30,Pre-Market (BMO),2024-07-29,149.76,2024-07-30,149.79,0.03,0.02,2.27,2.63,15.85
LDOS,2024-04-30,Pre-Market (BMO),2024-04-29,128.51,2024-04-30,135.81,7.29,5.68,1.7,2.29,34.97
LDOS,2024-02-13,Pre-Market (BMO),2024-02-12,111.53,2024-02-13,116.48,4.96,4.44,1.75,1.99,13.96
LDOS,2023-10-31,Pre-Market (BMO),2023-10-30,89.05,2023-10-31,92.67,3.62,4.06,1.67,2.03,21.82
LDOS,2023-08-01,Pre-Market (BMO),2023-07-31,90.39,2023-08-01,92.78,2.39,2.64,1.57,1.8,14.57
LEN,2026-06-11,After-Hours (AMC),2026-06-11,94.39,2026-06-12,92.64,-1.75,-1.85,1.23,1.31,6.15
LEN,2026-03-12,After-Hours (AMC),2026-03-12,91.51,2026-03-13,94.26,2.75,3.0,0.95,0.88,-7.23
LEN,2025-12-16,After-Hours (AMC),2025-12-16,115.74,2025-12-17,111.88,-3.86,-3.33,2.18,2.03,-6.84
LEN,2025-09-18,After-Hours (AMC),2025-09-18,130.25,2025-09-19,124.0,-6.24,-4.79,2.09,2.0,-4.52
LEN,2025-06-16,After-Hours (AMC),2025-06-16,106.86,2025-06-17,111.26,4.39,4.11,1.94,1.9,-1.96
LEN,2025-03-20,After-Hours (AMC),2025-03-20,116.65,2025-03-21,109.75,-6.9,-5.91,1.71,2.14,24.86
LEN,2024-12-18,After-Hours (AMC),2024-12-18,136.74,2024-12-19,128.37,-8.37,-6.12,4.12,4.03,-2.29
LEN,2024-09-19,After-Hours (AMC),2024-09-19,179.83,2024-09-20,173.32,-6.5,-3.62,3.62,3.9,7.73
LEN,2024-06-17,After-Hours (AMC),2024-06-17,145.73,2024-06-18,140.32,-5.42,-3.72,3.23,3.38,4.74
LEN,2024-03-13,After-Hours (AMC),2024-03-13,153.6,2024-03-14,150.16,-3.43,-2.24,2.22,2.61,17.57
LEN,2023-12-14,After-Hours (AMC),2023-12-14,143.21,2023-12-15,135.28,-7.94,-5.54,4.6,5.17,12.4
LEN,2023-09-13,After-Hours (AMC),2023-09-13,106.93,2023-09-14,107.93,1.01,0.94,3.53,3.91,10.71
LHX,2026-04-30,Pre-Market (BMO),2026-04-29,320.1,2026-04-30,320.29,0.19,0.06,2.57,2.91,12.99
LHX,2026-01-29,Pre-Market (BMO),2026-01-28,357.6,2026-01-29,357.3,-0.3,-0.08,2.76,2.86,3.63
LHX,2025-10-30,Pre-Market (BMO),2025-10-29,283.54,2025-10-30,280.78,-2.76,-0.97,2.57,2.7,5.09
LHX,2025-07-24,Pre-Market (BMO),2025-07-23,265.3,2025-07-24,271.11,5.81,2.19,2.5,2.78,11.34
LHX,2025-04-24,Pre-Market (BMO),2025-04-23,211.81,2025-04-24,211.56,-0.24,-0.12,2.32,2.41,4.0
LHX,2025-01-30,Pre-Market (BMO),2025-01-29,206.41,2025-01-30,201.98,-4.43,-2.15,3.42,3.47,1.52
LHX,2024-10-24,After-Hours (AMC),2024-10-24,236.67,2024-10-25,249.89,13.22,5.59,3.26,3.34,2.3
LHX,2024-07-25,After-Hours (AMC),2024-07-25,234.62,2024-07-26,230.9,-3.72,-1.59,3.18,3.24,1.75
LHX,2024-04-25,After-Hours (AMC),2024-04-25,198.96,2024-04-26,203.46,4.5,2.26,2.91,3.06,5.21
LHX,2024-01-25,After-Hours (AMC),2024-01-25,195.3,2024-01-26,199.94,4.64,2.37,3.31,3.35,1.21
LHX,2023-10-26,After-Hours (AMC),2023-10-26,166.19,2023-10-27,167.09,0.9,0.54,3.03,3.19,5.24
LIN,2026-05-01,Pre-Market (BMO),2026-04-30,499.56,2026-05-01,501.77,2.21,0.44,4.27,4.33,1.4
LIN,2026-02-05,Pre-Market (BMO),2026-02-04,470.26,2026-02-05,468.01,-2.25,-0.48,4.18,4.2,0.54
LIN,2025-10-31,Pre-Market (BMO),2025-10-30,425.55,2025-10-31,420.69,-4.86,-1.14,4.18,4.21,0.75
LIN,2025-08-01,Pre-Market (BMO),2025-07-31,454.15,2025-08-01,452.24,-1.9,-0.42,4.04,4.09,1.36
LIN,2025-05-01,Pre-Market (BMO),2025-04-30,445.79,2025-05-01,430.26,-15.53,-3.48,3.92,3.95,0.67
LIN,2025-02-06,Pre-Market (BMO),2025-02-05,444.77,2025-02-06,441.17,-3.6,-0.81,3.92,3.97,1.18
LIN,2024-10-31,Pre-Market (BMO),2024-10-30,462.68,2024-10-31,444.64,-18.03,-3.9,3.91,3.94,0.88
LIN,2024-08-02,Pre-Market (BMO),2024-08-01,441.77,2024-08-02,438.14,-3.63,-0.82,3.79,3.85,1.69
LIN,2024-05-02,Pre-Market (BMO),2024-05-01,429.94,2024-05-02,413.63,-16.32,-3.8,3.67,3.75,2.15
LIN,2024-02-06,Pre-Market (BMO),2024-02-05,388.01,2024-02-06,401.82,13.81,3.56,3.5,3.59,2.67
LIN,2023-10-26,Pre-Market (BMO),2023-10-25,351.81,2023-10-26,358.1,6.29,1.79,3.57,3.63,1.62
LIN,2023-07-27,Pre-Market (BMO),2023-07-26,373.59,2023-07-27,373.59,-0.0,-0.0,3.49,3.57,2.37
LITE,2026-05-05,After-Hours (AMC),2026-05-05,994.56,2026-05-06,996.0,1.44,0.14,2.27,2.37,4.62
LITE,2026-02-03,After-Hours (AMC),2026-02-03,435.1,2026-02-04,473.12,38.02,8.74,1.41,1.67,18.56
LITE,2025-11-04,After-Hours (AMC),2025-11-04,188.36,2025-11-05,218.5,30.14,16.0,1.03,1.1,7.04
LITE,2025-08-12,After-Hours (AMC),2025-08-12,119.66,2025-08-13,123.3,3.64,3.04,0.81,0.88,8.86
LITE,2025-05-06,After-Hours (AMC),2025-05-06,64.42,2025-05-07,66.17,1.75,2.72,0.5,0.57,13.66
LITE,2025-02-06,After-Hours (AMC),2025-02-06,92.67,2025-02-07,87.11,-5.56,-6.0,0.36,0.42,16.97
LITE,2024-11-07,After-Hours (AMC),2024-11-07,73.64,2024-11-08,86.5,12.86,17.46,0.12,0.18,48.05
LITE,2024-08-14,After-Hours (AMC),2024-08-14,45.53,2024-08-15,51.25,5.72,12.56,0.03,0.06,131.84
LITE,2024-05-06,After-Hours (AMC),2024-05-06,44.11,2024-05-07,47.41,3.3,7.48,0.26,0.29,11.41
LITE,2024-02-08,Pre-Market (BMO),2024-02-07,58.77,2024-02-08,51.26,-7.51,-12.78,0.3,0.32,6.53
LITE,2023-11-08,Pre-Market (BMO),2023-11-07,42.02,2023-11-08,44.41,2.39,5.69,0.29,0.35,20.69
LITE,2023-08-17,Pre-Market (BMO),2023-08-16,46.81,2023-08-17,48.85,2.04,4.36,0.55,0.59,6.31
LLY,2026-04-30,Pre-Market (BMO),2026-04-29,849.75,2026-04-30,897.24,47.49,5.59,6.79,8.55,25.9
LLY,2026-02-04,Pre-Market (BMO),2026-02-03,1000.07,2026-02-04,1071.48,71.42,7.14,6.91,7.54,9.14
LLY,2025-10-30,Pre-Market (BMO),2025-10-29,809.59,2025-10-30,833.44,23.85,2.95,5.89,7.02,19.15
LLY,2025-08-07,Pre-Market (BMO),2025-08-06,741.13,2025-08-07,670.91,-70.21,-9.47,5.59,6.31,12.89
LLY,2025-05-01,Pre-Market (BMO),2025-04-30,890.81,2025-05-01,836.36,-54.45,-6.11,3.46,3.34,-3.39
LLY,2025-02-06,Pre-Market (BMO),2025-02-05,833.12,2025-02-06,830.49,-2.63,-0.32,5.07,5.32,5.0
LLY,2024-10-30,Pre-Market (BMO),2024-10-29,892.38,2024-10-30,788.6,-103.78,-11.63,1.47,1.18,-19.52
LLY,2024-08-08,Pre-Market (BMO),2024-08-07,761.5,2024-08-08,862.95,101.44,13.32,2.77,3.92,41.68
LLY,2024-04-30,Pre-Market (BMO),2024-04-29,725.81,2024-04-30,763.02,37.22,5.13,2.49,2.58,3.67
LLY,2024-02-06,Pre-Market (BMO),2024-02-05,694.07,2024-02-06,729.26,35.19,5.07,2.37,2.49,5.14
LLY,2023-11-02,Pre-Market (BMO),2023-11-01,543.93,2023-11-02,567.35,23.42,4.31,-0.12,0.1,181.53
LLY,2023-08-08,Pre-Market (BMO),2023-08-07,444.51,2023-08-08,495.33,50.83,11.43,1.99,2.11,5.92
LMT,2026-07-23,Pre-Market (BMO),2026-07-22,514.36,2026-07-23,545.0,30.64,5.96,7.2,7.94,10.29
LMT,2026-04-23,Pre-Market (BMO),2026-04-22,551.82,2026-04-23,530.44,-21.38,-3.87,6.69,6.44,-3.78
LMT,2026-01-29,Pre-Market (BMO),2026-01-28,590.27,2026-01-29,602.1,11.83,2.0,5.75,5.8,0.94
LMT,2025-10-21,Pre-Market (BMO),2025-10-20,496.21,2025-10-21,473.46,-22.75,-4.58,6.36,6.95,9.31
LMT,2025-07-22,Pre-Market (BMO),2025-07-21,448.44,2025-07-22,411.65,-36.79,-8.2,6.42,1.46,-77.27
LMT,2025-04-22,Pre-Market (BMO),2025-04-21,443.24,2025-04-22,442.97,-0.27,-0.06,6.35,7.28,14.69
LMT,2025-01-28,Pre-Market (BMO),2025-01-27,483.54,2025-01-28,454.75,-28.79,-5.95,6.6,2.22,-66.39
LMT,2024-10-22,Pre-Market (BMO),2024-10-21,586.34,2024-10-22,578.99,-7.36,-1.25,6.48,6.8,5.0
LMT,2024-07-23,Pre-Market (BMO),2024-07-22,450.25,2024-07-23,463.77,13.52,3.0,6.45,7.11,10.28
LMT,2024-04-23,Pre-Market (BMO),2024-04-22,434.74,2024-04-23,439.24,4.5,1.04,5.85,6.39,9.29
LMT,2024-01-23,Pre-Market (BMO),2024-01-22,429.17,2024-01-23,429.01,-0.16,-0.04,7.25,7.58,4.51
LMT,2023-10-17,Pre-Market (BMO),2023-10-16,409.09,2023-10-17,405.51,-3.58,-0.87,6.65,6.73,1.17
LNT,2026-04-30,After-Hours (AMC),2026-04-30,73.43,2026-05-01,73.43,0.0,0.0,0.8,0.82,2.85
LNT,2026-02-19,After-Hours (AMC),2026-02-19,69.49,2026-02-20,70.89,1.4,2.01,0.58,0.6,2.67
LNT,2025-11-06,After-Hours (AMC),2025-11-06,65.71,2025-11-07,65.75,0.04,0.06,1.19,1.12,-5.8
LNT,2025-08-07,After-Hours (AMC),2025-08-07,64.61,2025-08-08,65.18,0.57,0.88,0.64,0.68,6.0
LNT,2025-05-08,After-Hours (AMC),2025-05-08,59.25,2025-05-09,59.25,0.0,0.0,0.71,0.83,16.9
LNT,2025-02-20,After-Hours (AMC),2025-02-20,59.25,2025-02-21,59.13,-0.13,-0.21,0.68,0.7,2.77
LNT,2024-10-31,After-Hours (AMC),2024-10-31,57.2,2024-11-01,56.1,-1.11,-1.93,1.1,1.15,4.37
LNT,2024-08-01,After-Hours (AMC),2024-08-01,53.53,2024-08-02,55.29,1.76,3.29,0.64,0.57,-10.69
LNT,2024-05-02,After-Hours (AMC),2024-05-02,47.68,2024-05-03,47.68,0.0,0.0,0.62,0.62,0.16
LNT,2024-02-15,After-Hours (AMC),2024-02-15,44.94,2024-02-16,44.75,-0.19,-0.43,0.55,0.48,-11.93
LNT,2023-11-02,After-Hours (AMC),2023-11-02,46.21,2023-11-03,48.54,2.33,5.03,0.93,1.05,13.08
LNT,2023-08-03,After-Hours (AMC),2023-08-03,47.15,2023-08-04,47.45,0.3,0.64,0.58,0.64,9.8
LOW,2026-05-20,Pre-Market (BMO),2026-05-19,217.03,2026-05-20,212.67,-4.36,-2.01,2.97,3.03,2.12
LOW,2026-02-25,Pre-Market (BMO),2026-02-24,275.56,2026-02-25,263.35,-12.21,-4.43,1.94,1.98,1.93
LOW,2025-11-19,Pre-Market (BMO),2025-11-18,216.21,2025-11-19,226.49,10.28,4.75,2.95,3.06,3.61
LOW,2025-08-20,Pre-Market (BMO),2025-08-19,251.2,2025-08-20,260.06,8.86,3.53,4.24,4.33,2.18
LOW,2025-05-21,Pre-Market (BMO),2025-05-20,225.4,2025-05-21,226.81,1.41,0.63,2.88,2.92,1.4
LOW,2025-02-26,Pre-Market (BMO),2025-02-25,235.01,2025-02-26,244.26,9.25,3.94,1.84,1.93,4.84
LOW,2024-11-19,Pre-Market (BMO),2024-11-18,262.35,2024-11-19,253.97,-8.38,-3.19,2.81,2.89,2.77
LOW,2024-08-20,Pre-Market (BMO),2024-08-19,233.79,2024-08-20,230.71,-3.09,-1.32,4.0,4.1,2.58
LOW,2024-05-21,Pre-Market (BMO),2024-05-20,219.23,2024-05-21,221.75,2.52,1.15,2.95,3.06,3.64
LOW,2024-02-27,Pre-Market (BMO),2024-02-26,220.24,2024-02-27,221.29,1.06,0.48,1.68,1.77,5.25
LOW,2023-11-21,Pre-Market (BMO),2023-11-20,193.67,2023-11-21,187.11,-6.56,-3.38,3.03,3.06,0.94
LOW,2023-08-22,Pre-Market (BMO),2023-08-21,204.92,2023-08-22,209.13,4.21,2.05,4.48,4.56,1.79
LRCX,2026-04-22,After-Hours (AMC),2026-04-22,265.36,2026-04-23,264.86,-0.5,-0.19,1.36,1.47,7.87
LRCX,2026-01-28,After-Hours (AMC),2026-01-28,239.12,2026-01-29,245.14,6.02,2.52,1.17,1.27,8.7
LRCX,2025-10-22,After-Hours (AMC),2025-10-22,140.75,2025-10-23,137.51,-3.24,-2.3,1.22,1.26,3.27
LRCX,2025-07-30,After-Hours (AMC),2025-07-30,98.54,2025-07-31,90.52,-8.03,-8.14,1.21,1.33,10.36
LRCX,2025-04-23,After-Hours (AMC),2025-04-23,66.2,2025-04-24,69.11,2.92,4.41,1.0,1.04,4.06
LRCX,2025-01-29,After-Hours (AMC),2025-01-29,74.33,2025-01-30,78.88,4.55,6.12,0.88,0.91,3.51
LRCX,2024-10-23,After-Hours (AMC),2024-10-23,71.84,2024-10-24,75.11,3.27,4.56,0.81,0.86,6.51
LRCX,2024-07-31,After-Hours (AMC),2024-07-31,90.56,2024-08-01,84.02,-6.54,-7.22,0.76,0.81,7.29
LRCX,2024-04-24,After-Hours (AMC),2024-04-24,86.82,2024-04-25,89.22,2.4,2.76,0.73,0.78,6.78
LRCX,2024-01-24,After-Hours (AMC),2024-01-24,83.04,2024-01-25,85.87,2.82,3.4,0.71,0.75,5.69
LRCX,2023-10-18,After-Hours (AMC),2023-10-18,62.71,2023-10-19,61.22,-1.49,-2.38,0.61,0.69,11.83
LULU,2026-06-04,After-Hours (AMC),2026-06-04,124.92,2026-06-05,110.43,-14.49,-11.6,1.68,1.69,0.38
LULU,2026-03-17,After-Hours (AMC),2026-03-17,159.27,2026-03-18,158.04,-1.23,-0.77,4.78,5.01,4.77
LULU,2025-12-11,After-Hours (AMC),2025-12-11,187.01,2025-12-12,204.58,17.57,9.4,2.21,2.59,17.1
LULU,2025-09-04,After-Hours (AMC),2025-09-04,206.09,2025-09-05,165.14,-40.95,-19.87,2.85,3.1,8.74
LULU,2025-06-05,After-Hours (AMC),2025-06-05,330.78,2025-06-06,271.18,-59.6,-18.02,2.59,2.6,0.38
LULU,2025-03-27,After-Hours (AMC),2025-03-27,341.53,2025-03-28,301.05,-40.48,-11.85,5.87,6.14,4.63
LULU,2024-12-05,After-Hours (AMC),2024-12-05,344.81,2024-12-06,377.0,32.19,9.34,2.72,2.87,5.46
LULU,2024-08-29,After-Hours (AMC),2024-08-29,259.01,2024-08-30,269.06,10.05,3.88,2.94,3.15,7.31
LULU,2024-06-05,After-Hours (AMC),2024-06-05,308.27,2024-06-06,337.01,28.74,9.32,2.4,2.54,5.8
LULU,2024-03-21,After-Hours (AMC),2024-03-21,478.84,2024-03-22,416.25,-62.59,-13.07,5.03,5.29,5.12
LULU,2023-12-07,After-Hours (AMC),2023-12-07,464.67,2023-12-08,455.88,-8.79,-1.89,2.28,2.53,10.82
LULU,2023-08-31,After-Hours (AMC),2023-08-31,381.26,2023-09-01,393.0,11.74,3.08,2.54,2.68,5.5
LUV,2026-07-22,After-Hours (AMC),2026-07-22,47.66,2026-07-23,45.5,-2.16,-4.53,0.52,0.94,80.17
LUV,2026-04-22,After-Hours (AMC),2026-04-22,39.18,2026-04-23,38.08,-1.1,-2.8,0.47,0.45,-5.03
LUV,2026-01-28,After-Hours (AMC),2026-01-28,40.51,2026-01-29,43.01,2.5,6.17,0.57,0.58,1.76
LUV,2025-10-22,After-Hours (AMC),2025-10-22,33.32,2025-10-23,32.4,-0.93,-2.78,-0.04,0.11,400.96
LUV,2025-07-23,After-Hours (AMC),2025-07-23,36.75,2025-07-24,35.43,-1.32,-3.58,0.51,0.43,-16.17
LUV,2025-04-23,After-Hours (AMC),2025-04-23,24.91,2025-04-24,24.06,-0.85,-3.41,-0.19,-0.13,32.18
LUV,2025-01-30,Pre-Market (BMO),2025-01-29,30.71,2025-01-30,30.36,-0.35,-1.14,0.46,0.56,21.53
LUV,2024-10-24,Pre-Market (BMO),2024-10-23,29.66,2024-10-24,29.48,-0.17,-0.59,0.04,0.15,237.76
LUV,2024-07-25,Pre-Market (BMO),2024-07-24,25.53,2024-07-25,24.88,-0.64,-2.52,0.51,0.58,14.66
LUV,2024-04-25,Pre-Market (BMO),2024-04-24,27.93,2024-04-25,25.62,-2.31,-8.26,-0.34,-0.36,-7.06
LUV,2024-01-25,Pre-Market (BMO),2024-01-24,29.5,2024-01-25,30.82,1.32,4.47,0.13,0.37,176.61
LUV,2023-10-26,Pre-Market (BMO),2023-10-25,22.24,2023-10-26,22.15,-0.09,-0.42,0.39,0.38,-3.12
LUV,2023-07-27,Pre-Market (BMO),2023-07-26,33.98,2023-07-27,31.69,-2.29,-6.73,1.1,1.09,-1.08
LVS,2026-07-22,After-Hours (AMC),2026-07-22,45.25,2026-07-23,44.4,-0.85,-1.88,0.76,0.59,-22.04
LVS,2026-04-22,After-Hours (AMC),2026-04-22,56.52,2026-04-23,51.02,-5.5,-9.73,0.76,0.91,20.05
LVS,2026-01-28,After-Hours (AMC),2026-01-28,60.59,2026-01-29,54.89,-5.7,-9.4,0.77,0.85,10.53
LVS,2025-10-22,After-Hours (AMC),2025-10-22,49.86,2025-10-23,53.74,3.88,7.78,0.62,0.78,25.37
LVS,2025-07-23,After-Hours (AMC),2025-07-23,47.73,2025-07-24,50.26,2.53,5.3,0.53,0.79,48.88
LVS,2025-04-23,After-Hours (AMC),2025-04-23,33.48,2025-04-24,33.57,0.09,0.26,0.57,0.59,3.78
LVS,2025-01-29,After-Hours (AMC),2025-01-29,42.05,2025-01-30,45.99,3.94,9.37,0.58,0.54,-6.34
LVS,2024-10-23,After-Hours (AMC),2024-10-23,49.23,2024-10-24,50.3,1.07,2.17,0.53,0.44,-17.22
LVS,2024-07-24,After-Hours (AMC),2024-07-24,38.68,2024-07-25,38.01,-0.67,-1.74,0.56,0.55,-2.19
LVS,2024-04-17,After-Hours (AMC),2024-04-17,47.99,2024-04-18,45.94,-2.04,-4.26,0.62,0.75,21.79
LVS,2024-01-24,After-Hours (AMC),2024-01-24,47.23,2024-01-25,49.05,1.82,3.85,0.61,0.57,-6.51
LVS,2023-10-18,After-Hours (AMC),2023-10-18,42.27,2023-10-19,43.71,1.45,3.43,0.55,0.55,-0.12
LYB,2026-05-01,Pre-Market (BMO),2026-04-30,73.83,2026-05-01,73.57,-0.26,-0.35,0.28,0.49,76.13
LYB,2026-01-30,Pre-Market (BMO),2026-01-29,48.84,2026-01-30,50.06,1.22,2.5,0.25,-0.26,-204.95
LYB,2025-10-31,Pre-Market (BMO),2025-10-30,42.96,2025-10-31,45.69,2.73,6.35,0.8,1.01,25.86
LYB,2025-08-01,Pre-Market (BMO),2025-07-31,53.78,2025-08-01,53.42,-0.35,-0.66,0.78,0.62,-20.83
LYB,2025-04-25,Pre-Market (BMO),2025-04-24,53.67,2025-04-25,52.13,-1.54,-2.87,0.43,0.33,-24.02
LYB,2025-01-31,Pre-Market (BMO),2025-01-30,67.75,2025-01-31,69.29,1.53,2.26,0.7,0.75,6.81
LYB,2024-11-01,Pre-Market (BMO),2024-10-31,76.06,2024-11-01,76.37,0.31,0.4,1.96,1.88,-4.28
LYB,2024-08-02,Pre-Market (BMO),2024-08-01,84.78,2024-08-02,82.19,-2.59,-3.06,2.22,2.24,0.81
LYB,2024-04-26,Pre-Market (BMO),2024-04-25,84.95,2024-04-26,86.35,1.41,1.66,1.37,1.53,11.31
LYB,2024-02-01,After-Hours (AMC),2024-02-01,79.62,2024-02-02,77.93,-1.69,-2.12,1.34,1.26,-5.85
LYB,2023-10-27,Pre-Market (BMO),2023-10-26,74.63,2023-10-27,75.24,0.61,0.82,2.01,2.46,22.29
LYB,2023-08-04,Pre-Market (BMO),2023-08-03,79.06,2023-08-04,78.02,-1.03,-1.31,2.3,2.44,6.14
LYV,2026-05-05,After-Hours (AMC),2026-05-05,157.26,2026-05-06,161.43,4.17,2.65,-0.32,-1.85,-485.68
LYV,2026-02-19,After-Hours (AMC),2026-02-19,157.46,2026-02-20,161.25,3.79,2.41,-1.05,-1.06,-1.22
LYV,2025-11-04,After-Hours (AMC),2025-11-04,150.75,2025-11-05,143.0,-7.75,-5.14,1.49,0.73,-51.15
LYV,2025-08-07,After-Hours (AMC),2025-08-07,148.27,2025-08-08,147.23,-1.04,-0.7,1.02,0.41,-59.8
LYV,2025-05-01,After-Hours (AMC),2025-05-01,131.34,2025-05-02,131.68,0.34,0.26,-0.16,-0.32,-100.0
LYV,2025-02-20,After-Hours (AMC),2025-02-20,152.32,2025-02-21,156.77,4.45,2.92,-1.05,1.39,232.41
LYV,2024-11-11,After-Hours (AMC),2024-11-11,123.8,2024-11-12,129.9,6.1,4.93,1.67,1.89,13.07
LYV,2024-07-30,After-Hours (AMC),2024-07-30,94.62,2024-07-31,93.99,-0.63,-0.67,1.08,1.53,41.87
LYV,2024-05-02,After-Hours (AMC),2024-05-02,88.27,2024-05-03,92.3,4.03,4.57,-0.14,0.6,541.21
LYV,2024-02-22,After-Hours (AMC),2024-02-22,93.49,2024-02-23,98.48,4.99,5.34,-0.94,-1.02,-8.25
LYV,2023-11-02,After-Hours (AMC),2023-11-02,82.45,2023-11-03,86.8,4.35,5.28,1.15,2.19,90.53
LYV,2023-07-27,After-Hours (AMC),2023-07-27,96.93,2023-07-28,98.75,1.82,1.88,0.68,0.95,38.44
MA,2026-04-30,Pre-Market (BMO),2026-04-29,524.35,2026-04-30,503.66,-20.7,-3.95,4.41,4.6,4.23
MA,2026-01-29,Pre-Market (BMO),2026-01-28,519.6,2026-01-29,529.99,10.38,2.0,4.24,4.76,12.26
MA,2025-10-30,Pre-Market (BMO),2025-10-29,551.87,2025-10-30,548.87,-3.01,-0.54,4.31,4.38,1.52
MA,2025-07-31,Pre-Market (BMO),2025-07-30,555.65,2025-07-31,565.05,9.4,1.69,4.02,4.15,3.12
MA,2025-05-01,Pre-Market (BMO),2025-04-30,543.93,2025-05-01,545.86,1.93,0.35,3.56,3.73,4.8
MA,2025-01-30,Pre-Market (BMO),2025-01-29,543.8,2025-01-30,549.95,6.14,1.13,3.69,3.82,3.54
MA,2024-10-31,Pre-Market (BMO),2024-10-30,508.26,2024-10-31,515.74,7.48,1.47,3.75,3.89,3.85
MA,2024-07-31,Pre-Market (BMO),2024-07-30,442.13,2024-07-31,456.51,14.38,3.25,3.51,3.59,2.3
MA,2024-05-01,Pre-Market (BMO),2024-04-30,445.18,2024-05-01,439.85,-5.33,-1.2,3.24,3.31,2.23
MA,2024-01-31,Pre-Market (BMO),2024-01-30,438.64,2024-01-31,443.38,4.74,1.08,3.08,3.18,3.17
MA,2023-10-26,Pre-Market (BMO),2023-10-25,380.03,2023-10-26,364.99,-15.04,-3.96,3.21,3.39,5.45
MA,2023-07-27,Pre-Market (BMO),2023-07-26,395.3,2023-07-27,398.03,2.73,0.69,2.83,2.89,2.0
MAA,2026-04-29,After-Hours (AMC),2026-04-29,128.23,2026-04-30,128.51,0.29,0.22,0.84,1.06,26.45
MAA,2026-02-04,After-Hours (AMC),2026-02-04,131.89,2026-02-05,130.65,-1.24,-0.94,0.9,0.92,2.61
MAA,2025-10-29,After-Hours (AMC),2025-10-29,121.94,2025-10-30,122.11,0.17,0.14,0.85,0.85,0.42
MAA,2025-07-30,After-Hours (AMC),2025-07-30,142.05,2025-07-31,139.7,-2.35,-1.65,0.85,0.88,3.67
MAA,2025-04-30,After-Hours (AMC),2025-04-30,150.89,2025-05-01,149.27,-1.62,-1.07,0.87,1.54,77.85
MAA,2025-02-05,After-Hours (AMC),2025-02-05,146.84,2025-02-06,147.62,0.78,0.53,1.01,1.43,41.29
MAA,2024-10-30,After-Hours (AMC),2024-10-30,141.0,2024-10-31,142.16,1.16,0.82,0.92,1.06,15.43
MAA,2024-07-31,After-Hours (AMC),2024-07-31,128.29,2024-08-01,129.86,1.58,1.23,0.99,1.03,4.43
MAA,2024-05-01,After-Hours (AMC),2024-05-01,118.63,2024-05-02,118.0,-0.64,-0.54,1.0,1.03,2.04
MAA,2024-02-07,After-Hours (AMC),2024-02-07,112.43,2024-02-08,112.39,-0.04,-0.03,1.08,1.14,6.13
MAA,2023-10-25,After-Hours (AMC),2023-10-25,113.14,2023-10-26,112.79,-0.35,-0.31,1.1,1.09,-0.48
MAR,2026-05-06,Pre-Market (BMO),2026-05-05,353.82,2026-05-06,363.15,9.33,2.64,2.55,2.72,6.49
MAR,2026-02-10,Pre-Market (BMO),2026-02-09,329.92,2026-02-10,348.55,18.63,5.65,2.62,2.58,-1.51
MAR,2025-11-04,Pre-Market (BMO),2025-11-03,262.24,2025-11-04,262.75,0.51,0.19,2.39,2.47,3.46
MAR,2025-08-05,Pre-Market (BMO),2025-08-04,256.86,2025-08-05,257.04,0.18,0.07,2.62,2.65,1.06
MAR,2025-05-06,Pre-Market (BMO),2025-05-05,244.47,2025-05-06,253.24,8.77,3.59,2.25,2.32,2.96
MAR,2025-02-11,Pre-Market (BMO),2025-02-10,300.33,2025-02-11,287.38,-12.95,-4.31,2.38,2.45,2.74
MAR,2024-11-04,Pre-Market (BMO),2024-11-01,256.47,2024-11-04,251.41,-5.06,-1.97,2.31,2.26,-2.05
MAR,2024-07-31,Pre-Market (BMO),2024-07-30,234.34,2024-07-31,225.74,-8.61,-3.67,2.48,2.5,0.99
MAR,2024-05-01,Pre-Market (BMO),2024-04-30,231.13,2024-05-01,228.8,-2.33,-1.01,2.16,2.13,-1.6
MAR,2024-02-13,Pre-Market (BMO),2024-02-12,243.05,2024-02-13,236.28,-6.78,-2.79,2.12,3.57,68.19
MAR,2023-11-02,Pre-Market (BMO),2023-11-01,183.95,2023-11-02,179.56,-4.38,-2.38,2.1,2.11,0.34
MAR,2023-08-01,Pre-Market (BMO),2023-07-31,196.13,2023-08-01,193.93,-2.2,-1.12,2.17,2.26,3.97
MAS,2026-04-22,Pre-Market (BMO),2026-04-21,66.44,2026-04-22,73.82,7.37,11.1,0.88,1.04,18.62
MAS,2026-02-10,Pre-Market (BMO),2026-02-09,70.96,2026-02-10,76.49,5.53,7.79,0.79,0.82,3.21
MAS,2025-10-29,Pre-Market (BMO),2025-10-28,67.48,2025-10-29,63.6,-3.88,-5.74,1.03,0.97,-5.71
MAS,2025-07-31,Pre-Market (BMO),2025-07-30,64.52,2025-07-31,70.34,5.82,9.02,1.08,1.3,20.71
MAS,2025-04-23,Pre-Market (BMO),2025-04-22,60.0,2025-04-23,57.62,-2.38,-3.97,0.91,0.87,-4.81
MAS,2025-02-11,Pre-Market (BMO),2025-02-10,75.47,2025-02-11,75.92,0.45,0.59,0.87,0.89,1.94
MAS,2024-10-29,Pre-Market (BMO),2024-10-28,79.17,2024-10-29,78.32,-0.85,-1.08,1.09,1.08,-0.97
MAS,2024-07-25,Pre-Market (BMO),2024-07-24,68.15,2024-07-25,69.49,1.34,1.97,1.18,1.2,1.91
MAS,2024-04-24,Pre-Market (BMO),2024-04-23,70.2,2024-04-24,67.36,-2.85,-4.05,0.88,0.93,5.23
MAS,2024-02-08,Pre-Market (BMO),2024-02-07,67.47,2024-02-08,71.11,3.64,5.39,0.66,0.83,26.52
MAS,2023-10-26,Pre-Market (BMO),2023-10-25,46.06,2023-10-26,49.52,3.46,7.51,0.92,1.0,9.29
MAS,2023-07-27,Pre-Market (BMO),2023-07-26,58.43,2023-07-27,59.25,0.82,1.4,0.96,1.19,23.65
MCD,2026-05-07,Pre-Market (BMO),2026-05-06,282.19,2026-05-07,285.89,3.7,1.31,2.74,2.83,3.11
MCD,2026-02-11,After-Hours (AMC),2026-02-11,319.25,2026-02-12,325.79,6.54,2.05,3.05,3.12,2.22
MCD,2025-11-05,Pre-Market (BMO),2025-11-04,293.78,2025-11-05,294.12,0.34,0.12,3.33,3.22,-3.36
MCD,2025-08-06,Pre-Market (BMO),2025-08-05,291.69,2025-08-06,299.73,8.04,2.75,3.15,3.19,1.39
MCD,2025-05-01,Pre-Market (BMO),2025-04-30,310.32,2025-05-01,304.01,-6.31,-2.03,2.67,2.67,-0.02
MCD,2025-02-10,Pre-Market (BMO),2025-02-07,284.07,2025-02-10,291.76,7.69,2.71,2.86,2.83,-0.97
MCD,2024-10-29,Pre-Market (BMO),2024-10-28,284.76,2024-10-29,285.54,0.78,0.27,3.2,3.23,0.88
MCD,2024-07-29,Pre-Market (BMO),2024-07-26,240.39,2024-07-29,241.86,1.48,0.62,3.07,2.97,-3.18
MCD,2024-04-30,Pre-Market (BMO),2024-04-29,259.26,2024-04-30,250.52,-8.74,-3.37,2.73,2.7,-0.95
MCD,2024-02-05,Pre-Market (BMO),2024-02-02,279.94,2024-02-05,270.48,-9.46,-3.38,2.83,2.95,4.39
MCD,2023-10-30,Pre-Market (BMO),2023-10-27,239.59,2023-10-30,243.66,4.07,1.7,2.99,3.19,6.52
MCD,2023-07-27,Pre-Market (BMO),2023-07-26,271.84,2023-07-27,272.08,0.23,0.09,2.79,3.17,13.66
MCHP,2026-05-07,After-Hours (AMC),2026-05-07,101.07,2026-05-08,104.53,3.45,3.42,0.5,0.57,12.93
MCHP,2026-02-05,After-Hours (AMC),2026-02-05,77.2,2026-02-06,73.61,-3.59,-4.65,0.43,0.44,2.75
MCHP,2025-11-06,After-Hours (AMC),2025-11-06,58.18,2025-11-07,55.1,-3.09,-5.31,0.33,0.35,4.93
MCHP,2025-08-07,After-Hours (AMC),2025-08-07,64.47,2025-08-08,59.95,-4.52,-7.01,0.24,0.27,13.17
MCHP,2025-05-08,After-Hours (AMC),2025-05-08,47.47,2025-05-09,53.86,6.39,13.45,0.1,0.11,5.3
MCHP,2025-02-06,After-Hours (AMC),2025-02-06,50.93,2025-02-07,50.11,-0.82,-1.6,0.28,0.2,-28.22
MCHP,2024-11-05,After-Hours (AMC),2024-11-05,71.51,2024-11-06,72.66,1.15,1.61,0.43,0.46,5.96
MCHP,2024-08-01,After-Hours (AMC),2024-08-01,79.91,2024-08-02,75.25,-4.66,-5.83,0.52,0.53,1.55
MCHP,2024-05-06,After-Hours (AMC),2024-05-06,88.39,2024-05-07,88.72,0.33,0.37,0.62,0.57,-7.8
MCHP,2024-02-01,After-Hours (AMC),2024-02-01,80.31,2024-02-02,77.67,-2.63,-3.28,1.06,1.08,1.57
MCHP,2023-11-02,After-Hours (AMC),2023-11-02,68.65,2023-11-03,70.06,1.41,2.05,1.61,1.62,0.33
MCHP,2023-08-03,After-Hours (AMC),2023-08-03,83.07,2023-08-04,79.82,-3.25,-3.91,1.63,1.64,0.5
MCK,2026-05-07,After-Hours (AMC),2026-05-07,753.93,2026-05-08,738.93,-14.99,-1.99,11.57,11.69,1.06
MCK,2026-02-04,After-Hours (AMC),2026-02-04,820.41,2026-02-05,860.33,39.92,4.87,9.27,9.34,0.71
MCK,2025-11-05,After-Hours (AMC),2025-11-05,841.84,2025-11-06,829.97,-11.88,-1.41,9.05,9.86,8.94
MCK,2025-08-06,After-Hours (AMC),2025-08-06,700.91,2025-08-07,680.73,-20.18,-2.88,8.15,8.26,1.39
MCK,2025-05-08,After-Hours (AMC),2025-05-08,686.77,2025-05-09,708.91,22.14,3.22,9.83,10.12,2.98
MCK,2025-02-05,After-Hours (AMC),2025-02-05,603.17,2025-02-06,586.38,-16.8,-2.78,7.99,8.03,0.47
MCK,2024-11-06,After-Hours (AMC),2024-11-06,545.32,2024-11-07,601.89,56.57,10.37,6.87,7.07,2.9
MCK,2024-08-07,After-Hours (AMC),2024-08-07,612.24,2024-08-08,568.69,-43.56,-7.11,7.21,7.88,9.3
MCK,2024-05-07,After-Hours (AMC),2024-05-07,540.51,2024-05-08,547.0,6.5,1.2,6.36,6.18,-2.77
MCK,2024-02-07,After-Hours (AMC),2024-02-07,511.41,2024-02-08,499.57,-11.84,-2.32,7.05,7.74,9.79
MCK,2023-11-01,After-Hours (AMC),2023-11-01,454.02,2023-11-02,435.82,-18.2,-4.01,6.15,6.23,1.33
MCK,2023-08-02,After-Hours (AMC),2023-08-02,407.46,2023-08-03,416.86,9.4,2.31,5.87,7.27,23.89
MDLZ,2026-04-28,After-Hours (AMC),2026-04-28,58.05,2026-04-29,59.5,1.45,2.49,0.61,0.67,10.22
MDLZ,2026-02-03,After-Hours (AMC),2026-02-03,58.47,2026-02-04,58.99,0.52,0.89,0.7,0.72,3.34
MDLZ,2025-10-28,After-Hours (AMC),2025-10-28,58.66,2025-10-29,56.96,-1.7,-2.89,0.71,0.73,2.94
MDLZ,2025-07-29,After-Hours (AMC),2025-07-29,67.37,2025-07-30,65.24,-2.13,-3.16,0.68,0.73,7.87
MDLZ,2025-04-29,After-Hours (AMC),2025-04-29,63.01,2025-04-30,65.33,2.32,3.69,0.66,0.74,12.24
MDLZ,2025-02-04,After-Hours (AMC),2025-02-04,53.49,2025-02-05,51.7,-1.78,-3.33,0.65,0.65,-0.54
MDLZ,2024-10-29,After-Hours (AMC),2024-10-29,65.38,2024-10-30,64.59,-0.79,-1.21,0.85,0.99,16.57
MDLZ,2024-07-30,After-Hours (AMC),2024-07-30,63.0,2024-07-31,64.36,1.36,2.16,0.79,0.86,9.39
MDLZ,2024-04-30,After-Hours (AMC),2024-04-30,67.16,2024-05-01,66.99,-0.17,-0.25,0.89,0.95,6.99
MDLZ,2024-01-30,After-Hours (AMC),2024-01-30,70.84,2024-01-31,68.46,-2.38,-3.35,0.77,0.84,8.51
MDLZ,2023-11-01,After-Hours (AMC),2023-11-01,61.64,2023-11-02,63.19,1.55,2.51,0.78,0.82,4.72
MDLZ,2023-07-27,After-Hours (AMC),2023-07-27,66.34,2023-07-28,69.57,3.23,4.86,0.69,0.76,10.09
MDT,2026-06-03,Pre-Market (BMO),2026-06-02,73.09,2026-06-03,76.43,3.34,4.57,1.54,1.55,0.56
MDT,2026-02-17,Pre-Market (BMO),2026-02-13,97.8,2026-02-17,94.25,-3.55,-3.63,1.34,1.36,1.86
MDT,2025-11-18,Pre-Market (BMO),2025-11-17,93.96,2025-11-18,97.56,3.6,3.83,1.31,1.36,3.49
MDT,2025-08-19,Pre-Market (BMO),2025-08-18,89.89,2025-08-19,85.07,-4.81,-5.36,1.23,1.26,2.54
MDT,2025-05-21,Pre-Market (BMO),2025-05-20,82.96,2025-05-21,83.17,0.21,0.25,1.58,1.62,2.69
MDT,2025-02-18,Pre-Market (BMO),2025-02-14,88.45,2025-02-18,83.82,-4.62,-5.23,1.36,1.39,2.24
MDT,2024-11-19,Pre-Market (BMO),2024-11-18,82.75,2024-11-19,81.25,-1.5,-1.82,1.25,1.26,0.85
MDT,2024-08-20,Pre-Market (BMO),2024-08-19,79.51,2024-08-20,78.74,-0.77,-0.97,1.2,1.23,2.65
MDT,2024-05-23,Pre-Market (BMO),2024-05-22,79.68,2024-05-23,77.65,-2.03,-2.55,1.45,1.46,0.7
MDT,2024-02-20,Pre-Market (BMO),2024-02-16,77.79,2024-02-20,80.13,2.34,3.01,1.26,1.3,3.06
MDT,2023-11-21,Pre-Market (BMO),2023-11-20,68.68,2023-11-21,70.87,2.18,3.18,1.18,1.25,5.82
MDT,2023-08-22,Pre-Market (BMO),2023-08-21,73.95,2023-08-22,74.85,0.91,1.23,1.11,1.2,8.18
MET,2026-05-06,After-Hours (AMC),2026-05-06,79.55,2026-05-07,79.95,0.4,0.5,2.27,2.42,6.65
MET,2026-02-04,After-Hours (AMC),2026-02-04,77.42,2026-02-05,78.9,1.48,1.91,2.34,2.49,6.3
MET,2025-11-05,After-Hours (AMC),2025-11-05,77.53,2025-11-06,78.33,0.81,1.04,2.32,2.37,2.16
MET,2025-08-06,After-Hours (AMC),2025-08-06,74.3,2025-08-07,70.53,-3.77,-5.07,2.16,2.02,-6.69
MET,2025-04-30,After-Hours (AMC),2025-04-30,72.64,2025-05-01,73.59,0.95,1.31,2.01,1.96,-2.45
MET,2025-02-05,After-Hours (AMC),2025-02-05,81.92,2025-02-06,80.24,-1.68,-2.05,2.09,2.09,-0.16
MET,2024-10-30,After-Hours (AMC),2024-10-30,79.1,2024-10-31,72.81,-6.29,-7.95,2.18,1.95,-10.7
MET,2024-07-31,After-Hours (AMC),2024-07-31,72.49,2024-08-01,74.15,1.66,2.29,2.11,2.28,8.12
MET,2024-05-01,After-Hours (AMC),2024-05-01,67.28,2024-05-02,67.77,0.49,0.72,1.82,1.83,0.6
MET,2024-01-31,After-Hours (AMC),2024-01-31,64.37,2024-02-01,61.43,-2.94,-4.57,1.91,1.83,-3.94
MET,2023-11-01,After-Hours (AMC),2023-11-01,55.22,2023-11-02,55.23,0.01,0.02,1.96,1.97,0.38
MET,2023-08-02,After-Hours (AMC),2023-08-02,57.29,2023-08-03,58.01,0.71,1.24,1.88,1.94,3.11
META,2026-04-29,After-Hours (AMC),2026-04-29,668.5,2026-04-30,618.75,-49.75,-7.44,6.82,7.31,7.2
META,2026-01-28,After-Hours (AMC),2026-01-28,667.54,2026-01-29,736.12,68.58,10.27,8.22,8.88,8.0
META,2025-10-29,After-Hours (AMC),2025-10-29,749.72,2025-10-30,667.41,-82.31,-10.98,6.67,7.25,8.66
META,2025-07-30,After-Hours (AMC),2025-07-30,692.94,2025-07-31,772.67,79.73,11.51,5.86,7.14,21.82
META,2025-04-30,After-Hours (AMC),2025-04-30,546.79,2025-05-01,589.69,42.91,7.85,5.21,6.43,23.53
META,2025-01-29,After-Hours (AMC),2025-01-29,673.16,2025-01-30,693.39,20.23,3.01,6.74,8.02,19.0
META,2024-10-30,After-Hours (AMC),2024-10-30,588.41,2024-10-31,581.65,-6.76,-1.15,5.3,6.03,13.86
META,2024-07-31,After-Hours (AMC),2024-07-31,471.66,2024-08-01,517.53,45.86,9.72,4.76,5.16,8.45
META,2024-04-24,After-Hours (AMC),2024-04-24,489.72,2024-04-25,418.17,-71.55,-14.61,4.36,4.71,8.11
META,2024-02-01,After-Hours (AMC),2024-02-01,391.34,2024-02-02,455.6,64.26,16.42,4.94,5.33,7.88
META,2023-10-25,After-Hours (AMC),2023-10-25,296.92,2023-10-26,292.43,-4.49,-1.51,3.6,4.39,21.96
MGM,2026-04-29,After-Hours (AMC),2026-04-29,39.27,2026-04-30,39.68,0.41,1.04,0.48,0.49,1.31
MGM,2026-02-05,After-Hours (AMC),2026-02-05,36.28,2026-02-06,36.23,-0.05,-0.14,0.55,1.6,189.62
MGM,2025-10-29,After-Hours (AMC),2025-10-29,31.21,2025-10-30,29.24,-1.97,-6.31,0.3,0.24,-19.85
MGM,2025-07-30,After-Hours (AMC),2025-07-30,37.88,2025-07-31,36.71,-1.17,-3.09,0.55,0.79,44.03
MGM,2025-04-30,After-Hours (AMC),2025-04-30,31.46,2025-05-01,33.04,1.58,5.02,0.45,0.69,54.32
MGM,2025-02-12,After-Hours (AMC),2025-02-12,34.37,2025-02-13,38.55,4.18,12.16,0.34,0.45,32.96
MGM,2024-10-30,After-Hours (AMC),2024-10-30,41.41,2024-10-31,38.77,-2.64,-6.38,0.61,0.54,-11.03
MGM,2024-07-31,After-Hours (AMC),2024-07-31,42.97,2024-08-01,40.05,-2.92,-6.8,0.59,0.86,46.29
MGM,2024-05-01,After-Hours (AMC),2024-05-01,39.75,2024-05-02,43.5,3.75,9.43,0.58,0.74,28.57
MGM,2024-02-13,After-Hours (AMC),2024-02-13,45.66,2024-02-14,44.1,-1.56,-3.42,0.71,1.06,49.72
MGM,2023-11-08,After-Hours (AMC),2023-11-08,38.65,2023-11-09,40.1,1.45,3.75,0.49,0.64,29.92
MGM,2023-08-02,After-Hours (AMC),2023-08-02,49.26,2023-08-03,47.9,-1.36,-2.76,0.52,0.59,13.94
MKC,2026-06-25,Pre-Market (BMO),2026-06-24,47.17,2026-06-25,49.18,2.01,4.26,0.7,0.8,14.8
MKC,2026-03-31,Pre-Market (BMO),2026-03-30,52.77,2026-03-31,49.38,-3.39,-6.42,0.6,0.66,10.66
MKC,2026-01-22,Pre-Market (BMO),2026-01-21,65.38,2026-01-22,62.17,-3.21,-4.91,0.88,0.86,-1.83
MKC,2025-10-07,Pre-Market (BMO),2025-10-06,66.15,2025-10-07,65.34,-0.81,-1.23,0.82,0.85,4.15
MKC,2025-06-26,Pre-Market (BMO),2025-06-25,70.91,2025-06-26,74.14,3.24,4.56,0.65,0.69,5.7
MKC,2025-03-25,Pre-Market (BMO),2025-03-24,76.9,2025-03-25,72.94,-3.96,-5.15,0.64,0.6,-6.85
MKC,2025-01-23,Pre-Market (BMO),2025-01-22,70.11,2025-01-23,69.4,-0.71,-1.01,0.77,0.8,4.3
MKC,2024-10-01,Pre-Market (BMO),2024-09-30,77.91,2024-10-01,78.88,0.97,1.24,0.67,0.83,23.25
MKC,2024-06-27,Pre-Market (BMO),2024-06-26,63.68,2024-06-27,67.47,3.78,5.94,0.59,0.69,17.3
MKC,2024-03-26,Pre-Market (BMO),2024-03-25,65.46,2024-03-26,70.05,4.6,7.02,0.57,0.63,9.87
MKC,2024-01-25,Pre-Market (BMO),2024-01-24,61.56,2024-01-25,62.25,0.68,1.11,0.79,0.85,7.11
MKC,2023-10-03,Pre-Market (BMO),2023-10-02,69.09,2023-10-03,65.01,-4.08,-5.9,0.65,0.65,-0.45
MMM,2026-07-21,Pre-Market (BMO),2026-07-20,159.11,2026-07-21,169.09,9.98,6.27,2.25,2.4,6.84
MMM,2026-04-21,Pre-Market (BMO),2026-04-20,150.62,2026-04-21,150.99,0.37,0.24,1.98,2.14,7.88
MMM,2026-01-20,Pre-Market (BMO),2026-01-16,166.19,2026-01-20,157.92,-8.27,-4.98,1.8,1.83,1.79
MMM,2025-10-21,Pre-Market (BMO),2025-10-20,152.64,2025-10-21,155.82,3.18,2.08,2.07,2.19,5.6
MMM,2025-07-18,Pre-Market (BMO),2025-07-17,156.12,2025-07-18,159.56,3.44,2.2,2.01,2.16,7.37
MMM,2025-04-22,Pre-Market (BMO),2025-04-21,123.17,2025-04-22,130.2,7.03,5.71,1.77,1.88,6.42
MMM,2025-01-21,Pre-Market (BMO),2025-01-17,137.09,2025-01-21,141.43,4.35,3.17,1.54,1.68,9.32
MMM,2024-10-22,Pre-Market (BMO),2024-10-21,130.38,2024-10-22,135.55,5.17,3.97,1.9,1.98,4.13
MMM,2024-07-26,Pre-Market (BMO),2024-07-25,99.43,2024-07-26,108.38,8.94,9.0,1.68,1.93,14.92
MMM,2024-04-30,Pre-Market (BMO),2024-04-29,88.02,2024-04-30,91.43,3.41,3.87,2.11,2.39,13.15
MMM,2024-01-23,Pre-Market (BMO),2024-01-22,84.85,2024-01-23,79.23,-5.62,-6.63,2.31,2.42,4.61
MMM,2023-10-24,Pre-Market (BMO),2023-10-23,66.2,2023-10-24,69.69,3.49,5.27,2.35,2.68,14.23
MNST,2026-05-07,After-Hours (AMC),2026-05-07,75.97,2026-05-08,84.5,8.53,11.23,0.53,0.58,10.16
MNST,2026-02-26,After-Hours (AMC),2026-02-26,86.66,2026-02-27,85.75,-0.91,-1.05,0.48,0.46,-4.5
MNST,2025-11-06,After-Hours (AMC),2025-11-06,66.31,2025-11-07,70.42,4.11,6.2,0.48,0.54,13.36
MNST,2025-08-07,After-Hours (AMC),2025-08-07,60.8,2025-08-08,65.5,4.7,7.73,0.48,0.51,6.73
MNST,2025-05-08,After-Hours (AMC),2025-05-08,60.14,2025-05-09,58.81,-1.33,-2.21,0.46,0.45,-2.15
MNST,2025-02-27,After-Hours (AMC),2025-02-27,51.92,2025-02-28,55.0,3.08,5.93,0.4,0.38,-5.49
MNST,2024-11-07,After-Hours (AMC),2024-11-07,54.73,2024-11-08,53.21,-1.52,-2.78,0.43,0.4,-6.45
MNST,2024-08-07,After-Hours (AMC),2024-08-07,50.53,2024-08-08,44.88,-5.65,-11.18,0.45,0.41,-9.61
MNST,2024-05-02,After-Hours (AMC),2024-05-02,53.39,2024-05-03,54.67,1.28,2.4,0.43,0.42,-3.38
MNST,2024-02-28,After-Hours (AMC),2024-02-28,55.85,2024-02-29,59.2,3.35,6.0,0.39,0.35,-9.35
MNST,2023-11-02,After-Hours (AMC),2023-11-02,52.66,2023-11-03,57.24,4.58,8.7,0.4,0.43,8.12
MNST,2023-08-03,After-Hours (AMC),2023-08-03,57.98,2023-08-04,56.9,-1.08,-1.86,0.39,0.39,-0.95
MO,2026-04-30,Pre-Market (BMO),2026-04-29,67.2,2026-04-30,72.76,5.57,8.28,1.25,1.32,5.92
MO,2026-01-29,Pre-Market (BMO),2026-01-28,61.17,2026-01-29,59.2,-1.98,-3.23,1.32,1.3,-1.33
MO,2025-10-30,Pre-Market (BMO),2025-10-29,58.97,2025-10-30,56.31,-2.66,-4.52,1.45,1.45,0.13
MO,2025-07-30,Pre-Market (BMO),2025-07-29,55.59,2025-07-30,56.07,0.48,0.86,1.38,1.44,3.99
MO,2025-04-29,Pre-Market (BMO),2025-04-28,53.56,2025-04-29,52.47,-1.1,-2.05,1.19,1.23,3.52
MO,2025-01-30,Pre-Market (BMO),2025-01-29,47.62,2025-01-30,46.13,-1.48,-3.11,1.28,1.29,0.85
MO,2024-10-31,Pre-Market (BMO),2024-10-30,44.79,2024-10-31,45.57,0.78,1.74,1.35,1.38,2.25
MO,2024-07-31,Pre-Market (BMO),2024-07-30,43.97,2024-07-31,42.1,-1.87,-4.25,1.34,1.31,-2.56
MO,2024-04-25,Pre-Market (BMO),2024-04-24,36.54,2024-04-25,36.82,0.28,0.77,1.15,1.15,-0.06
MO,2024-02-01,Pre-Market (BMO),2024-01-31,33.41,2024-02-01,33.81,0.4,1.2,1.18,1.18,0.41
MO,2023-10-26,Pre-Market (BMO),2023-10-25,34.83,2023-10-26,34.28,-0.55,-1.59,1.3,1.28,-1.25
MO,2023-08-01,Pre-Market (BMO),2023-07-31,36.14,2023-08-01,36.35,0.21,0.57,1.3,1.31,0.77
MOS,2026-05-11,Pre-Market (BMO),2026-05-08,21.97,2026-05-11,21.67,-0.3,-1.35,0.22,0.05,-77.32
MOS,2026-02-24,After-Hours (AMC),2026-02-24,27.97,2026-02-25,27.05,-0.91,-3.26,0.44,0.22,-50.5
MOS,2025-11-04,After-Hours (AMC),2025-11-04,25.83,2025-11-05,27.04,1.22,4.71,0.95,1.04,9.4
MOS,2025-08-05,After-Hours (AMC),2025-08-05,34.47,2025-08-06,30.87,-3.6,-10.45,0.72,0.51,-28.86
MOS,2025-05-06,After-Hours (AMC),2025-05-06,29.24,2025-05-07,29.17,-0.08,-0.26,0.45,0.49,10.06
MOS,2025-02-27,After-Hours (AMC),2025-02-27,23.88,2025-02-28,23.31,-0.56,-2.35,0.57,0.45,-21.07
MOS,2024-11-12,Pre-Market (BMO),2024-11-11,26.46,2024-11-12,26.05,-0.42,-1.57,0.52,0.34,-34.49
MOS,2024-08-06,After-Hours (AMC),2024-08-06,25.29,2024-08-07,25.75,0.46,1.82,0.66,0.54,-18.42
MOS,2024-05-01,After-Hours (AMC),2024-05-01,27.84,2024-05-02,27.58,-0.26,-0.94,0.66,0.65,-2.11
MOS,2024-02-21,After-Hours (AMC),2024-02-21,27.93,2024-02-22,29.47,1.54,5.52,0.86,0.71,-17.11
MOS,2023-11-07,After-Hours (AMC),2023-11-07,29.33,2023-11-08,29.29,-0.05,-0.16,0.75,0.68,-9.92
MOS,2023-08-01,After-Hours (AMC),2023-08-01,36.77,2023-08-02,35.92,-0.85,-2.31,1.1,1.04,-5.79
MPC,2026-05-05,Pre-Market (BMO),2026-05-04,251.58,2026-05-05,255.03,3.45,1.37,0.75,1.65,120.63
MPC,2026-02-03,Pre-Market (BMO),2026-02-02,175.36,2026-02-03,179.11,3.75,2.14,2.71,4.07,50.13
MPC,2025-11-04,Pre-Market (BMO),2025-11-03,193.1,2025-11-04,176.64,-16.46,-8.52,3.16,3.01,-4.86
MPC,2025-08-05,Pre-Market (BMO),2025-08-04,164.74,2025-08-05,166.22,1.48,0.9,3.22,3.96,22.98
MPC,2025-05-06,Pre-Market (BMO),2025-05-05,139.79,2025-05-06,141.14,1.36,0.97,-0.54,-0.24,55.78
MPC,2025-02-04,Pre-Market (BMO),2025-02-03,142.55,2025-02-04,142.57,0.02,0.01,0.02,0.77,3730.85
MPC,2024-11-05,Pre-Market (BMO),2024-11-04,139.74,2024-11-05,146.9,7.15,5.12,1.09,1.87,71.91
MPC,2024-08-06,Pre-Market (BMO),2024-08-05,155.49,2024-08-06,158.64,3.16,2.03,3.09,4.12,33.32
MPC,2024-04-30,Pre-Market (BMO),2024-04-29,191.48,2024-04-30,185.73,-5.75,-3.0,2.58,2.58,-0.15
MPC,2024-01-30,Pre-Market (BMO),2024-01-29,152.19,2024-01-30,154.19,2.01,1.32,2.22,3.98,79.18
MPC,2023-10-31,Pre-Market (BMO),2023-10-30,138.8,2023-10-31,140.26,1.46,1.05,7.75,8.14,5.06
MPC,2023-08-01,Pre-Market (BMO),2023-07-31,125.09,2023-08-01,123.93,-1.16,-0.92,4.59,5.32,15.98
MPWR,2026-04-30,After-Hours (AMC),2026-04-30,1611.95,2026-05-01,1562.18,-49.77,-3.09,4.9,5.1,4.05
MPWR,2026-02-05,After-Hours (AMC),2026-02-05,1151.93,2026-02-06,1245.61,93.68,8.13,4.74,4.79,1.13
MPWR,2025-10-30,After-Hours (AMC),2025-10-30,1081.91,2025-10-31,1014.86,-67.05,-6.2,4.64,4.73,2.04
MPWR,2025-07-31,After-Hours (AMC),2025-07-31,706.3,2025-08-01,734.86,28.56,4.04,4.12,4.21,2.25
MPWR,2025-05-01,After-Hours (AMC),2025-05-01,596.18,2025-05-02,609.12,12.93,2.17,4.0,4.04,0.89
MPWR,2025-02-06,After-Hours (AMC),2025-02-06,653.15,2025-02-07,678.65,25.5,3.9,3.98,4.09,2.86
MPWR,2024-10-30,After-Hours (AMC),2024-10-30,907.15,2024-10-31,814.95,-92.2,-10.16,3.97,4.06,2.27
MPWR,2024-08-01,After-Hours (AMC),2024-08-01,773.1,2024-08-02,776.64,3.55,0.46,3.07,3.17,3.34
MPWR,2024-05-01,After-Hours (AMC),2024-05-01,641.75,2024-05-02,669.78,28.04,4.37,2.64,2.81,6.41
MPWR,2024-02-07,After-Hours (AMC),2024-02-07,633.49,2024-02-08,667.45,33.95,5.36,2.85,2.88,0.99
MPWR,2023-10-30,After-Hours (AMC),2023-10-30,395.92,2023-10-31,417.09,21.17,5.35,3.06,3.08,0.67
MPWR,2023-07-31,After-Hours (AMC),2023-07-31,547.06,2023-08-01,500.63,-46.42,-8.49,2.81,2.82,0.43
MRK,2026-04-30,Pre-Market (BMO),2026-04-29,110.16,2026-04-30,108.56,-1.6,-1.45,-1.47,-1.28,13.15
MRK,2026-02-03,Pre-Market (BMO),2026-02-02,111.73,2026-02-03,110.06,-1.68,-1.5,2.01,2.04,1.47
MRK,2025-10-30,Pre-Market (BMO),2025-10-29,84.61,2025-10-30,82.69,-1.92,-2.26,2.35,2.58,9.85
MRK,2025-07-29,Pre-Market (BMO),2025-07-28,81.34,2025-07-29,77.27,-4.07,-5.01,2.03,2.13,5.04
MRK,2025-04-24,Pre-Market (BMO),2025-04-23,75.44,2025-04-24,75.0,-0.44,-0.58,2.14,2.22,3.98
MRK,2025-02-04,Pre-Market (BMO),2025-02-03,94.79,2025-02-04,84.54,-10.25,-10.81,1.67,1.72,3.3
MRK,2024-10-31,Pre-Market (BMO),2024-10-30,98.78,2024-10-31,95.11,-3.68,-3.72,1.57,1.57,0.03
MRK,2024-07-30,Pre-Market (BMO),2024-07-29,119.61,2024-07-30,115.58,-4.03,-3.37,2.14,2.28,6.31
MRK,2024-04-25,Pre-Market (BMO),2024-04-24,118.17,2024-04-25,120.67,2.5,2.12,1.92,2.07,7.74
MRK,2024-02-01,Pre-Market (BMO),2024-01-31,111.67,2024-02-01,114.33,2.65,2.38,-0.11,0.03,127.48
MRK,2023-10-26,Pre-Market (BMO),2023-10-25,95.13,2023-10-26,94.64,-0.49,-0.51,1.95,2.13,9.51
MRK,2023-08-01,Pre-Market (BMO),2023-07-31,97.24,2023-08-01,99.93,2.69,2.77,-2.18,-2.06,5.41
MRNA,2026-04-30,After-Hours (AMC),2026-04-30,45.94,2026-05-01,46.63,0.69,1.51,-3.96,-1.18,70.18
MRNA,2026-02-13,Pre-Market (BMO),2026-02-12,40.11,2026-02-13,41.85,1.74,4.34,-2.64,-2.11,20.18
MRNA,2025-11-06,Pre-Market (BMO),2025-11-05,23.56,2025-11-06,25.24,1.68,7.13,-2.16,-0.51,76.42
MRNA,2025-08-01,Pre-Market (BMO),2025-07-31,29.56,2025-08-01,27.57,-1.99,-6.73,-3.0,-2.13,28.96
MRNA,2025-05-01,Pre-Market (BMO),2025-04-30,28.54,2025-05-01,27.68,-0.86,-3.01,-3.11,-2.52,18.89
MRNA,2025-02-14,Pre-Market (BMO),2025-02-13,31.92,2025-02-14,30.53,-1.39,-4.35,-2.73,-2.91,-6.65
MRNA,2024-11-07,Pre-Market (BMO),2024-11-06,51.81,2024-11-07,56.6,4.79,9.25,-1.94,0.03,101.55
MRNA,2024-08-01,Pre-Market (BMO),2024-07-31,119.22,2024-08-01,99.58,-19.64,-16.47,-3.35,-3.33,0.65
MRNA,2024-05-02,Pre-Market (BMO),2024-05-01,111.46,2024-05-02,114.86,3.4,3.05,-3.57,-3.07,14.06
MRNA,2024-02-22,Pre-Market (BMO),2024-02-21,87.59,2024-02-22,91.86,4.28,4.88,-0.99,0.55,155.57
MRNA,2023-11-02,Pre-Market (BMO),2023-11-01,76.2,2023-11-02,64.35,-11.85,-15.55,-2.05,-9.53,-364.44
MRNA,2023-08-03,Pre-Market (BMO),2023-08-02,110.22,2023-08-03,108.63,-1.59,-1.44,-4.12,-3.62,12.16
MRSH,2026-07-21,Pre-Market (BMO),2026-07-20,181.08,2026-07-21,185.6,4.52,2.5,2.89,2.96,2.26
MRSH,2026-04-16,Pre-Market (BMO),2026-04-15,173.92,2026-04-16,177.19,3.27,1.88,3.22,3.29,2.14
MRSH,2026-01-29,Pre-Market (BMO),2026-01-28,175.38,2026-01-29,180.54,5.16,2.94,1.97,2.12,7.45
MRSH,2025-10-16,Pre-Market (BMO),2025-10-15,200.65,2025-10-16,190.9,-9.74,-4.86,1.78,1.85,4.07
MRSH,2025-07-17,Pre-Market (BMO),2025-07-16,206.83,2025-07-17,209.76,2.94,1.42,2.66,2.72,2.11
MRSH,2025-04-17,Pre-Market (BMO),2025-04-16,225.69,2025-04-17,213.45,-12.24,-5.43,3.0,3.06,2.08
MRSH,2025-01-30,Pre-Market (BMO),2025-01-29,212.47,2025-01-30,217.34,4.87,2.29,1.76,1.87,6.03
MRSH,2024-10-17,Pre-Market (BMO),2024-10-16,220.8,2024-10-17,222.87,2.07,0.94,1.62,1.63,0.79
MRSH,2024-07-18,Pre-Market (BMO),2024-07-17,212.19,2024-07-18,209.52,-2.67,-1.26,2.39,2.41,0.65
MRSH,2024-04-18,Pre-Market (BMO),2024-04-17,190.04,2024-04-18,198.08,8.04,4.23,2.8,2.89,3.28
MRSH,2024-01-25,Pre-Market (BMO),2024-01-24,190.4,2024-01-25,183.51,-6.89,-3.62,1.63,1.68,3.37
MRSH,2023-10-19,Pre-Market (BMO),2023-10-18,181.09,2023-10-19,183.06,1.98,1.09,1.39,1.57,12.94
MRVL,2026-05-27,After-Hours (AMC),2026-05-27,198.65,2026-05-28,198.7,0.05,0.03,0.79,0.8,0.64
MRVL,2026-03-05,After-Hours (AMC),2026-03-05,75.62,2026-03-06,84.66,9.03,11.95,0.79,0.8,1.05
MRVL,2025-12-02,After-Hours (AMC),2025-12-02,92.75,2025-12-03,99.89,7.14,7.7,0.74,0.76,3.01
MRVL,2025-08-28,After-Hours (AMC),2025-08-28,77.07,2025-08-29,64.39,-12.67,-16.44,0.67,0.67,-0.51
MRVL,2025-05-29,After-Hours (AMC),2025-05-29,63.54,2025-05-30,60.62,-2.92,-4.6,0.61,0.62,1.11
MRVL,2025-03-05,After-Hours (AMC),2025-03-05,89.77,2025-03-06,73.78,-15.99,-17.82,0.59,0.6,1.57
MRVL,2024-12-03,After-Hours (AMC),2024-12-03,95.47,2024-12-04,111.82,16.34,17.12,0.41,0.43,5.53
MRVL,2024-08-29,After-Hours (AMC),2024-08-29,69.46,2024-08-30,77.88,8.41,12.11,0.29,0.3,2.28
MRVL,2024-05-30,After-Hours (AMC),2024-05-30,76.37,2024-05-31,75.81,-0.56,-0.73,0.24,0.24,0.7
MRVL,2024-03-07,After-Hours (AMC),2024-03-07,84.49,2024-03-08,80.38,-4.11,-4.87,0.46,0.46,-0.82
MRVL,2023-11-30,After-Hours (AMC),2023-11-30,55.28,2023-12-01,51.8,-3.48,-6.3,0.4,0.41,2.21
MRVL,2023-08-24,After-Hours (AMC),2023-08-24,56.76,2023-08-25,53.97,-2.79,-4.92,0.32,0.33,1.93
MS,2026-07-15,Pre-Market (BMO),2026-07-14,227.67,2026-07-15,222.7,-4.97,-2.18,2.93,3.46,17.94
MS,2026-04-15,Pre-Market (BMO),2026-04-14,182.36,2026-04-15,187.48,5.12,2.81,3.02,3.43,13.61
MS,2026-01-15,Pre-Market (BMO),2026-01-14,178.83,2026-01-15,179.05,0.22,0.12,2.45,2.68,9.41
MS,2025-10-15,Pre-Market (BMO),2025-10-14,152.73,2025-10-15,160.2,7.46,4.89,2.11,2.8,32.63
MS,2025-07-16,Pre-Market (BMO),2025-07-15,138.25,2025-07-16,136.21,-2.04,-1.48,1.98,2.13,7.46
MS,2025-04-11,Pre-Market (BMO),2025-04-10,103.24,2025-04-11,99.67,-3.57,-3.46,2.21,2.6,17.68
MS,2025-01-16,Pre-Market (BMO),2025-01-15,125.62,2025-01-16,127.35,1.73,1.38,1.69,2.22,31.4
MS,2024-10-16,Pre-Market (BMO),2024-10-15,107.14,2024-10-16,111.59,4.45,4.15,1.58,1.88,18.96
MS,2024-07-16,Pre-Market (BMO),2024-07-15,99.6,2024-07-16,98.53,-1.07,-1.07,1.65,1.82,10.16
MS,2024-04-16,Pre-Market (BMO),2024-04-15,81.56,2024-04-16,85.04,3.49,4.28,1.65,2.02,22.45
MS,2024-01-16,Pre-Market (BMO),2024-01-12,83.28,2024-01-16,80.53,-2.75,-3.3,1.03,0.85,-17.84
MS,2023-10-18,Pre-Market (BMO),2023-10-17,73.68,2023-10-18,70.1,-3.58,-4.85,1.29,1.38,6.75
MSFT,2026-04-29,After-Hours (AMC),2026-04-29,423.54,2026-04-30,409.92,-13.62,-3.22,4.07,4.27,4.9
MSFT,2026-01-28,After-Hours (AMC),2026-01-28,479.49,2026-01-29,438.04,-41.46,-8.65,3.92,4.14,5.69
MSFT,2025-10-29,After-Hours (AMC),2025-10-29,538.14,2025-10-30,527.14,-11.0,-2.04,3.66,4.13,12.73
MSFT,2025-07-30,After-Hours (AMC),2025-07-30,509.17,2025-07-31,550.83,41.66,8.18,3.38,3.65,8.09
MSFT,2025-04-30,After-Hours (AMC),2025-04-30,391.41,2025-05-01,426.91,35.5,9.07,3.22,3.46,7.4
MSFT,2025-01-29,After-Hours (AMC),2025-01-29,437.14,2025-01-30,413.86,-23.28,-5.33,3.12,3.23,3.47
MSFT,2024-10-30,After-Hours (AMC),2024-10-30,426.61,2024-10-31,409.67,-16.93,-3.97,3.11,3.3,6.13
MSFT,2024-07-30,After-Hours (AMC),2024-07-30,416.38,2024-07-31,413.99,-2.38,-0.57,2.94,2.95,0.23
MSFT,2024-04-25,After-Hours (AMC),2024-04-25,392.16,2024-04-26,405.06,12.9,3.29,2.84,2.94,3.4
MSFT,2024-01-30,After-Hours (AMC),2024-01-30,400.8,2024-01-31,399.2,-1.6,-0.4,2.77,2.93,5.83
MSFT,2023-10-24,After-Hours (AMC),2023-10-24,323.57,2023-10-25,337.76,14.18,4.38,2.65,2.99,12.85
MTB,2026-07-15,Pre-Market (BMO),2026-07-14,241.85,2026-07-15,243.76,1.91,0.79,4.66,5.32,14.12
MTB,2026-04-15,Pre-Market (BMO),2026-04-14,218.98,2026-04-15,219.9,0.92,0.42,4.02,4.13,2.65
MTB,2026-01-16,Pre-Market (BMO),2026-01-15,209.64,2026-01-16,209.57,-0.07,-0.03,4.47,4.67,4.5
MTB,2025-10-16,Pre-Market (BMO),2025-10-15,181.04,2025-10-16,181.08,0.04,0.02,4.39,4.82,9.79
MTB,2025-07-16,Pre-Market (BMO),2025-07-15,191.59,2025-07-16,193.34,1.76,0.92,4.01,4.24,5.7
MTB,2025-04-14,Pre-Market (BMO),2025-04-11,152.26,2025-04-14,151.34,-0.92,-0.6,3.4,3.32,-2.26
MTB,2025-01-16,Pre-Market (BMO),2025-01-15,192.27,2025-01-16,187.33,-4.94,-2.57,3.74,3.77,0.97
MTB,2024-10-17,Pre-Market (BMO),2024-10-16,180.13,2024-10-17,188.53,8.4,4.66,3.62,4.03,11.45
MTB,2024-07-18,Pre-Market (BMO),2024-07-17,155.4,2024-07-18,164.28,8.88,5.72,3.49,3.79,8.59
MTB,2024-04-15,Pre-Market (BMO),2024-04-12,125.87,2024-04-15,130.9,5.03,4.0,3.12,3.01,-3.54
MTB,2024-01-18,Pre-Market (BMO),2024-01-17,121.36,2024-01-18,123.83,2.47,2.03,3.67,3.6,-1.84
MTB,2023-10-18,Pre-Market (BMO),2023-10-17,114.1,2023-10-18,114.15,0.05,0.04,3.92,3.98,1.49
MU,2026-06-24,After-Hours (AMC),2026-06-24,1048.35,2026-06-25,1232.81,184.46,17.6,20.71,25.11,21.25
MU,2026-03-18,After-Hours (AMC),2026-03-18,461.47,2026-03-19,424.73,-36.74,-7.96,9.16,12.2,33.21
MU,2025-12-17,After-Hours (AMC),2025-12-17,225.3,2025-12-18,256.28,30.98,13.75,3.96,4.78,20.58
MU,2025-09-23,After-Hours (AMC),2025-09-23,166.14,2025-09-24,164.82,-1.33,-0.8,2.86,3.03,5.94
MU,2025-06-25,After-Hours (AMC),2025-06-25,126.93,2025-06-26,129.2,2.27,1.79,1.59,1.91,19.75
MU,2025-03-20,After-Hours (AMC),2025-03-20,102.6,2025-03-21,97.82,-4.78,-4.66,1.42,1.56,9.49
MU,2024-12-18,After-Hours (AMC),2024-12-18,103.37,2024-12-19,89.62,-13.75,-13.3,1.77,1.79,1.36
MU,2024-09-25,After-Hours (AMC),2024-09-25,95.17,2024-09-26,112.39,17.22,18.1,1.11,1.18,5.88
MU,2024-06-26,After-Hours (AMC),2024-06-26,141.35,2024-06-27,134.82,-6.52,-4.62,0.53,0.62,17.27
MU,2024-03-20,After-Hours (AMC),2024-03-20,95.47,2024-03-21,112.45,16.98,17.79,-0.24,0.42,273.75
MU,2023-12-20,After-Hours (AMC),2023-12-20,77.95,2023-12-21,84.2,6.25,8.02,-1.01,-0.95,5.85
MU,2023-09-27,After-Hours (AMC),2023-09-27,67.46,2023-09-28,65.24,-2.22,-3.28,-1.18,-1.07,9.27
NCLH,2026-05-04,Pre-Market (BMO),2026-05-01,18.81,2026-05-04,17.52,-1.29,-6.86,0.14,0.23,61.25
NCLH,2026-03-02,Pre-Market (BMO),2026-02-27,24.79,2026-03-02,22.61,-2.18,-8.79,0.27,0.28,5.51
NCLH,2025-11-04,Pre-Market (BMO),2025-11-03,22.18,2025-11-04,20.4,-1.78,-8.03,1.16,1.2,3.31
NCLH,2025-07-31,Pre-Market (BMO),2025-07-30,23.4,2025-07-31,26.12,2.72,11.62,0.52,0.51,-1.09
NCLH,2025-04-30,Pre-Market (BMO),2025-04-29,17.38,2025-04-30,15.64,-1.74,-10.01,0.09,0.07,-22.93
NCLH,2025-02-27,Pre-Market (BMO),2025-02-26,25.05,2025-02-27,25.83,0.78,3.11,0.11,0.26,142.88
NCLH,2024-10-31,Pre-Market (BMO),2024-10-30,23.84,2024-10-31,25.2,1.36,5.7,0.94,0.99,5.28
NCLH,2024-07-31,Pre-Market (BMO),2024-07-30,18.56,2024-07-31,19.29,0.73,3.93,0.34,0.4,16.74
NCLH,2024-05-01,Pre-Market (BMO),2024-04-30,18.92,2024-05-01,18.0,-0.92,-4.86,0.09,0.16,79.01
NCLH,2024-02-27,Pre-Market (BMO),2024-02-26,15.93,2024-02-27,17.69,1.76,11.05,-0.13,-0.18,-33.33
NCLH,2023-11-01,Pre-Market (BMO),2023-10-31,13.6,2023-11-01,13.57,-0.03,-0.22,0.68,0.76,11.15
NCLH,2023-08-01,Pre-Market (BMO),2023-07-31,22.07,2023-08-01,19.66,-2.41,-10.92,0.26,0.3,13.23
NDAQ,2026-07-23,Pre-Market (BMO),2026-07-22,90.9,2026-07-23,93.06,2.16,2.38,0.98,1.07,8.79
NDAQ,2026-04-23,Pre-Market (BMO),2026-04-22,86.06,2026-04-23,87.22,1.16,1.34,0.93,0.96,2.84
NDAQ,2026-01-29,Pre-Market (BMO),2026-01-28,98.05,2026-01-29,99.08,1.03,1.05,0.92,0.96,4.83
NDAQ,2025-10-21,Pre-Market (BMO),2025-10-20,88.0,2025-10-21,89.62,1.62,1.85,0.85,0.88,3.73
NDAQ,2025-07-24,Pre-Market (BMO),2025-07-23,87.18,2025-07-24,88.63,1.45,1.67,0.81,0.85,4.55
NDAQ,2025-04-24,Pre-Market (BMO),2025-04-23,72.36,2025-04-24,70.98,-1.38,-1.9,0.77,0.79,2.46
NDAQ,2025-01-29,Pre-Market (BMO),2025-01-28,79.66,2025-01-29,77.76,-1.9,-2.39,0.75,0.76,1.36
NDAQ,2024-10-24,Pre-Market (BMO),2024-10-23,72.3,2024-10-24,71.65,-0.66,-0.91,0.69,0.74,6.56
NDAQ,2024-07-25,Pre-Market (BMO),2024-07-24,61.16,2024-07-25,63.38,2.21,3.62,0.64,0.69,7.32
NDAQ,2024-04-25,Pre-Market (BMO),2024-04-24,59.72,2024-04-25,57.5,-2.22,-3.72,0.65,0.63,-3.55
NDAQ,2024-01-31,Pre-Market (BMO),2024-01-30,56.55,2024-01-31,56.7,0.15,0.26,0.71,0.72,1.78
NDAQ,2023-10-18,Pre-Market (BMO),2023-10-17,48.12,2023-10-18,49.43,1.31,2.72,0.68,0.71,3.67
NEE,2026-07-24,Pre-Market (BMO),2026-07-23,89.79,2026-07-24,90.91,1.12,1.25,1.11,1.15,3.8
NEE,2026-04-23,Pre-Market (BMO),2026-04-22,89.35,2026-04-23,91.93,2.58,2.89,1.03,1.09,5.67
NEE,2026-01-27,Pre-Market (BMO),2026-01-26,84.27,2026-01-27,83.32,-0.96,-1.13,0.53,0.54,2.42
NEE,2025-10-28,Pre-Market (BMO),2025-10-27,84.26,2025-10-28,85.71,1.46,1.73,1.02,1.13,10.62
NEE,2025-07-23,Pre-Market (BMO),2025-07-22,75.36,2025-07-23,75.32,-0.04,-0.05,1.01,1.05,4.01
NEE,2025-04-22,After-Hours (AMC),2025-04-22,64.24,2025-04-23,65.12,0.88,1.37,0.98,0.99,1.19
NEE,2025-01-24,Pre-Market (BMO),2025-01-23,66.2,2025-01-24,65.12,-1.08,-1.63,0.53,0.53,0.79
NEE,2024-10-23,Pre-Market (BMO),2024-10-22,79.5,2024-10-23,80.34,0.85,1.06,0.97,1.03,5.92
NEE,2024-07-24,Pre-Market (BMO),2024-07-23,68.05,2024-07-24,68.64,0.59,0.86,0.95,0.96,1.14
NEE,2024-04-23,Pre-Market (BMO),2024-04-22,61.24,2024-04-23,61.17,-0.07,-0.11,0.8,0.91,13.42
NEE,2024-01-25,Pre-Market (BMO),2024-01-24,52.97,2024-01-25,54.77,1.8,3.4,0.49,0.52,6.6
NEE,2023-10-24,Pre-Market (BMO),2023-10-23,47.48,2023-10-24,50.17,2.69,5.67,0.88,0.94,6.63
NEM,2026-07-23,After-Hours (AMC),2026-07-23,94.72,2026-07-24,93.74,-0.98,-1.03,1.99,2.1,5.68
NEM,2026-04-23,After-Hours (AMC),2026-04-23,110.8,2026-04-24,114.74,3.94,3.56,2.17,2.9,33.45
NEM,2026-02-19,After-Hours (AMC),2026-02-19,124.86,2026-02-20,121.82,-3.04,-2.43,2.03,2.52,24.25
NEM,2025-10-23,After-Hours (AMC),2025-10-23,88.27,2025-10-24,81.94,-6.32,-7.16,1.44,1.71,18.84
NEM,2025-07-24,After-Hours (AMC),2025-07-24,60.86,2025-07-25,63.21,2.35,3.85,1.16,1.43,22.9
NEM,2025-04-23,After-Hours (AMC),2025-04-23,52.35,2025-04-24,53.91,1.57,2.99,0.91,1.25,37.08
NEM,2025-02-20,After-Hours (AMC),2025-02-20,47.08,2025-02-21,46.47,-0.62,-1.31,1.03,1.4,35.75
NEM,2024-10-23,After-Hours (AMC),2024-10-23,56.2,2024-10-24,54.25,-1.95,-3.46,0.86,0.81,-5.32
NEM,2024-07-24,After-Hours (AMC),2024-07-24,46.2,2024-07-25,44.35,-1.85,-4.0,0.61,0.72,17.82
NEM,2024-04-25,Pre-Market (BMO),2024-04-24,37.16,2024-04-25,38.83,1.67,4.48,0.37,0.55,50.63
NEM,2024-02-22,Pre-Market (BMO),2024-02-21,31.93,2024-02-22,31.52,-0.41,-1.29,0.44,0.5,13.5
NEM,2023-10-26,Pre-Market (BMO),2023-10-25,34.77,2023-10-26,35.17,0.4,1.14,0.4,0.36,-10.88
NFLX,2026-07-16,After-Hours (AMC),2026-07-16,74.35,2026-07-17,65.48,-8.87,-11.93,0.79,0.8,1.45
NFLX,2026-04-16,After-Hours (AMC),2026-04-16,107.79,2026-04-17,96.37,-11.42,-10.59,1.32,1.23,-6.93
NFLX,2026-01-20,After-Hours (AMC),2026-01-20,87.26,2026-01-21,82.52,-4.74,-5.43,0.55,0.56,1.43
NFLX,2025-10-21,After-Hours (AMC),2025-10-21,124.14,2025-10-22,114.29,-9.85,-7.93,0.7,0.59,-15.79
NFLX,2025-07-17,After-Hours (AMC),2025-07-17,127.42,2025-07-18,124.2,-3.22,-2.53,0.71,0.72,1.95
NFLX,2025-04-17,After-Hours (AMC),2025-04-17,97.3,2025-04-21,98.44,1.14,1.17,0.57,0.66,16.37
NFLX,2025-01-21,After-Hours (AMC),2025-01-21,86.97,2025-01-22,99.8,12.83,14.76,0.42,0.43,1.78
NFLX,2024-10-17,After-Hours (AMC),2024-10-17,68.76,2024-10-18,73.76,5.0,7.27,0.51,0.54,5.32
NFLX,2024-07-18,After-Hours (AMC),2024-07-18,64.3,2024-07-19,66.06,1.76,2.74,0.48,0.49,2.47
NFLX,2024-04-18,After-Hours (AMC),2024-04-18,61.06,2024-04-19,56.79,-4.27,-6.99,0.45,0.53,16.66
NFLX,2024-01-23,After-Hours (AMC),2024-01-23,49.22,2024-01-24,53.78,4.56,9.26,0.22,0.21,-4.8
NFLX,2023-10-18,After-Hours (AMC),2023-10-18,34.62,2023-10-19,40.47,5.85,16.91,0.35,0.37,6.74
NI,2026-05-06,Pre-Market (BMO),2026-05-05,48.19,2026-05-06,48.31,0.12,0.25,1.05,1.06,1.36
NI,2026-02-11,Pre-Market (BMO),2026-02-10,44.45,2026-02-11,44.94,0.49,1.1,0.5,0.51,2.94
NI,2025-10-29,Pre-Market (BMO),2025-10-28,42.54,2025-10-29,43.63,1.09,2.56,0.2,0.19,-3.21
NI,2025-08-06,Pre-Market (BMO),2025-08-05,42.06,2025-08-06,42.24,0.18,0.42,0.21,0.22,7.11
NI,2025-05-07,Pre-Market (BMO),2025-05-06,38.34,2025-05-07,37.69,-0.64,-1.68,0.9,0.98,8.74
NI,2025-02-12,Pre-Market (BMO),2025-02-11,37.17,2025-02-12,36.72,-0.44,-1.2,0.5,0.49,-2.3
NI,2024-10-30,Pre-Market (BMO),2024-10-29,32.79,2024-10-30,33.08,0.3,0.9,0.16,0.2,24.4
NI,2024-08-07,Pre-Market (BMO),2024-08-06,29.47,2024-08-07,29.87,0.4,1.36,0.17,0.21,26.67
NI,2024-05-08,Pre-Market (BMO),2024-05-07,27.44,2024-05-08,27.09,-0.35,-1.27,0.83,0.85,2.7
NI,2024-02-21,Pre-Market (BMO),2024-02-20,24.34,2024-02-21,24.34,-0.01,-0.04,0.53,0.53,0.95
NI,2023-10-31,After-Hours (AMC),2023-10-31,23.3,2023-11-01,23.41,0.1,0.44,0.15,0.19,27.47
NI,2023-08-02,Pre-Market (BMO),2023-08-01,25.2,2023-08-02,25.15,-0.05,-0.18,0.11,0.11,4.04
NKE,2026-06-30,After-Hours (AMC),2026-06-30,41.05,2026-07-01,41.4,0.35,0.85,0.13,0.72,466.13
NKE,2026-03-31,After-Hours (AMC),2026-03-31,52.35,2026-04-01,46.15,-6.2,-11.85,0.28,0.35,24.31
NKE,2025-12-18,After-Hours (AMC),2025-12-18,64.62,2025-12-19,58.29,-6.33,-9.8,0.38,0.53,41.33
NKE,2025-09-30,After-Hours (AMC),2025-09-30,68.22,2025-10-01,72.74,4.52,6.63,0.27,0.49,81.32
NKE,2025-06-26,After-Hours (AMC),2025-06-26,60.87,2025-06-27,67.93,7.06,11.59,0.12,0.14,14.18
NKE,2025-03-20,After-Hours (AMC),2025-03-20,69.48,2025-03-21,64.38,-5.1,-7.33,0.29,0.54,85.52
NKE,2024-12-19,After-Hours (AMC),2024-12-19,74.17,2024-12-20,73.07,-1.1,-1.48,0.63,0.78,23.3
NKE,2024-10-01,After-Hours (AMC),2024-10-01,85.31,2024-10-02,79.34,-5.97,-7.0,0.52,0.7,34.9
NKE,2024-06-27,After-Hours (AMC),2024-06-27,89.75,2024-06-28,73.49,-16.26,-18.11,0.83,0.99,19.3
NKE,2024-03-21,After-Hours (AMC),2024-03-21,95.69,2024-03-22,89.08,-6.62,-6.91,0.76,0.98,29.73
NKE,2023-12-21,After-Hours (AMC),2023-12-21,115.89,2023-12-22,102.39,-13.5,-11.65,0.85,1.03,20.98
NKE,2023-09-28,After-Hours (AMC),2023-09-28,84.49,2023-09-29,93.67,9.18,10.87,0.76,0.94,24.06
NOC,2026-07-21,Pre-Market (BMO),2026-07-20,523.96,2026-07-21,490.0,-33.96,-6.48,6.82,7.68,12.66
NOC,2026-04-21,Pre-Market (BMO),2026-04-20,654.1,2026-04-21,637.2,-16.91,-2.58,6.06,6.14,1.28
NOC,2026-01-27,Pre-Market (BMO),2026-01-26,655.97,2026-01-27,644.74,-11.23,-1.71,6.96,7.23,3.84
NOC,2025-10-21,Pre-Market (BMO),2025-10-20,595.04,2025-10-21,583.14,-11.9,-2.0,6.46,7.67,18.82
NOC,2025-07-22,Pre-Market (BMO),2025-07-21,507.34,2025-07-22,527.74,20.4,4.02,6.8,8.15,19.93
NOC,2025-04-22,Pre-Market (BMO),2025-04-21,520.64,2025-04-22,474.99,-45.64,-8.77,6.26,3.32,-46.99
NOC,2025-01-30,Pre-Market (BMO),2025-01-29,469.74,2025-01-30,460.44,-9.31,-1.98,6.35,6.39,0.71
NOC,2024-10-24,Pre-Market (BMO),2024-10-23,501.63,2024-10-24,501.15,-0.48,-0.09,6.07,7.0,15.36
NOC,2024-07-25,Pre-Market (BMO),2024-07-24,427.78,2024-07-25,445.98,18.2,4.25,5.93,6.36,7.18
NOC,2024-04-25,Pre-Market (BMO),2024-04-24,457.16,2024-04-25,451.57,-5.59,-1.22,5.78,6.32,9.38
NOC,2024-01-25,Pre-Market (BMO),2024-01-24,445.07,2024-01-25,428.45,-16.62,-3.73,5.8,6.27,8.1
NOC,2023-10-26,Pre-Market (BMO),2023-10-25,461.78,2023-10-26,464.88,3.1,0.67,5.8,6.18,6.57
NOC,2023-07-27,Pre-Market (BMO),2023-07-26,434.95,2023-07-27,421.21,-13.74,-3.16,5.32,5.34,0.3
NOW,2026-07-22,After-Hours (AMC),2026-07-22,95.46,2026-07-23,100.01,4.55,4.77,0.86,0.9,5.05
NOW,2026-04-22,After-Hours (AMC),2026-04-22,103.07,2026-04-23,87.25,-15.82,-15.35,0.97,0.97,0.39
NOW,2026-01-28,After-Hours (AMC),2026-01-28,129.62,2026-01-29,118.53,-11.09,-8.56,0.89,0.92,3.95
NOW,2025-10-29,After-Hours (AMC),2025-10-29,182.34,2025-10-30,185.35,3.01,1.65,0.85,0.96,13.0
NOW,2025-07-23,After-Hours (AMC),2025-07-23,191.29,2025-07-24,206.93,15.65,8.18,0.71,0.82,14.63
NOW,2025-04-23,After-Hours (AMC),2025-04-23,162.54,2025-04-24,180.06,17.52,10.78,0.77,0.81,5.36
NOW,2025-01-29,After-Hours (AMC),2025-01-29,228.73,2025-01-30,205.42,-23.3,-10.19,0.73,0.73,0.2
NOW,2024-10-23,After-Hours (AMC),2024-10-23,181.54,2024-10-24,189.68,8.14,4.49,0.69,0.74,7.78
NOW,2024-07-24,After-Hours (AMC),2024-07-24,146.17,2024-07-25,157.87,11.69,8.0,0.57,0.63,10.44
NOW,2024-04-24,After-Hours (AMC),2024-04-24,149.26,2024-04-25,142.98,-6.28,-4.21,0.63,0.68,8.87
NOW,2024-01-24,After-Hours (AMC),2024-01-24,152.68,2024-01-25,156.0,3.32,2.17,0.56,0.62,11.94
NOW,2023-10-25,After-Hours (AMC),2023-10-25,106.03,2023-10-26,112.0,5.97,5.63,0.51,0.58,14.55
NRG,2026-05-06,Pre-Market (BMO),2026-05-05,157.43,2026-05-06,153.18,-4.25,-2.7,1.73,1.49,-14.04
NRG,2026-02-24,Pre-Market (BMO),2026-02-23,175.98,2026-02-24,172.74,-3.24,-1.84,0.89,1.04,16.38
NRG,2025-11-06,Pre-Market (BMO),2025-11-05,172.12,2025-11-06,168.23,-3.9,-2.26,2.13,2.78,30.73
NRG,2025-08-06,Pre-Market (BMO),2025-08-05,170.46,2025-08-06,164.63,-5.84,-3.43,1.65,1.73,5.05
NRG,2025-05-12,Pre-Market (BMO),2025-05-09,117.98,2025-05-12,135.45,17.47,14.81,1.69,2.68,58.83
NRG,2025-02-26,Pre-Market (BMO),2025-02-25,100.87,2025-02-26,103.91,3.03,3.01,0.94,1.52,61.77
NRG,2024-11-08,Pre-Market (BMO),2024-11-07,94.52,2024-11-08,97.8,3.28,3.48,1.95,1.85,-4.95
NRG,2024-08-08,Pre-Market (BMO),2024-08-07,70.35,2024-08-08,72.04,1.7,2.41,1.55,3.37,117.86
NRG,2024-05-07,Pre-Market (BMO),2024-05-06,75.61,2024-05-07,75.57,-0.04,-0.05,0.93,0.9,-3.08
NRG,2024-02-28,Pre-Market (BMO),2024-02-27,52.17,2024-02-28,51.64,-0.53,-1.02,3.76,1.64,-56.41
NRG,2023-11-02,Pre-Market (BMO),2023-11-01,42.02,2023-11-02,40.97,-1.05,-2.51,4.0,1.41,-64.73
NRG,2023-08-08,Pre-Market (BMO),2023-08-07,35.63,2023-08-08,35.49,-0.13,-0.37,2.44,1.25,-48.85
NSC,2026-07-23,Pre-Market (BMO),2026-07-22,330.94,2026-07-23,343.0,12.06,3.64,3.32,3.52,5.92
NSC,2026-04-24,Pre-Market (BMO),2026-04-23,320.06,2026-04-24,321.97,1.91,0.6,2.49,2.65,6.28
NSC,2026-01-29,Pre-Market (BMO),2026-01-28,282.0,2026-01-29,281.53,-0.47,-0.17,2.76,3.22,16.51
NSC,2025-10-23,After-Hours (AMC),2025-10-23,280.02,2025-10-24,279.67,-0.35,-0.12,3.2,3.3,3.04
NSC,2025-07-29,Pre-Market (BMO),2025-07-28,281.2,2025-07-29,270.4,-10.8,-3.84,3.31,3.29,-0.48
NSC,2025-04-23,Pre-Market (BMO),2025-04-22,214.68,2025-04-23,219.56,4.88,2.27,2.68,2.69,0.53
NSC,2025-01-29,Pre-Market (BMO),2025-01-28,244.89,2025-01-29,256.95,12.05,4.92,2.94,3.04,3.31
NSC,2024-10-22,Pre-Market (BMO),2024-10-21,239.56,2024-10-22,248.62,9.06,3.78,3.11,3.25,4.53
NSC,2024-07-25,After-Hours (AMC),2024-07-25,213.99,2024-07-26,232.33,18.34,8.57,2.86,3.06,6.97
NSC,2024-04-24,Pre-Market (BMO),2024-04-23,233.86,2024-04-24,229.01,-4.85,-2.07,2.53,3.29,29.79
NSC,2024-01-26,Pre-Market (BMO),2024-01-25,225.71,2024-01-26,220.99,-4.72,-2.09,2.87,2.83,-1.36
NSC,2023-10-25,Pre-Market (BMO),2023-10-24,184.9,2023-10-25,175.3,-9.6,-5.19,2.7,2.65,-1.74
NSC,2023-07-27,Pre-Market (BMO),2023-07-26,221.93,2023-07-27,221.94,0.01,0.0,3.11,2.95,-5.2
NTAP,2026-05-28,After-Hours (AMC),2026-05-28,141.97,2026-05-29,176.15,34.19,24.08,2.27,2.43,7.22
NTAP,2026-02-26,After-Hours (AMC),2026-02-26,98.34,2026-02-27,97.86,-0.48,-0.48,2.06,2.12,2.78
NTAP,2025-11-25,After-Hours (AMC),2025-11-25,110.04,2025-11-26,115.01,4.97,4.52,1.88,2.05,8.76
NTAP,2025-08-27,After-Hours (AMC),2025-08-27,110.2,2025-08-28,106.74,-3.46,-3.14,1.54,1.55,0.74
NTAP,2025-05-29,After-Hours (AMC),2025-05-29,97.03,2025-05-30,92.43,-4.61,-4.75,1.9,1.93,1.76
NTAP,2025-02-27,After-Hours (AMC),2025-02-27,114.89,2025-02-28,96.53,-18.36,-15.98,1.91,1.91,-0.13
NTAP,2024-11-21,After-Hours (AMC),2024-11-21,122.56,2024-11-22,130.7,8.15,6.65,1.78,1.87,4.88
NTAP,2024-08-28,After-Hours (AMC),2024-08-28,127.08,2024-08-29,120.5,-6.58,-5.18,1.45,1.56,7.34
NTAP,2024-05-30,After-Hours (AMC),2024-05-30,111.78,2024-05-31,114.66,2.88,2.58,1.79,1.8,0.72
NTAP,2024-02-29,After-Hours (AMC),2024-02-29,85.11,2024-03-01,101.12,16.01,18.81,1.69,1.94,14.95
NTAP,2023-11-28,After-Hours (AMC),2023-11-28,74.16,2023-11-29,82.5,8.34,11.24,1.39,1.58,13.37
NTAP,2023-08-23,After-Hours (AMC),2023-08-23,72.18,2023-08-24,71.0,-1.18,-1.63,1.07,1.15,7.31
NTRS,2026-07-22,Pre-Market (BMO),2026-07-21,185.06,2026-07-22,181.39,-3.67,-1.98,4.62,4.23,-8.35
NTRS,2026-04-21,Pre-Market (BMO),2026-04-20,158.26,2026-04-21,161.25,3.0,1.89,2.33,2.71,16.14
NTRS,2026-01-22,Pre-Market (BMO),2026-01-21,142.95,2026-01-22,148.47,5.52,3.86,2.37,2.42,1.98
NTRS,2025-10-22,Pre-Market (BMO),2025-10-21,126.45,2025-10-22,122.49,-3.96,-3.13,2.24,2.29,2.16
NTRS,2025-07-23,Pre-Market (BMO),2025-07-22,123.72,2025-07-23,118.31,-5.41,-4.37,2.04,2.13,4.25
NTRS,2025-04-22,Pre-Market (BMO),2025-04-21,84.26,2025-04-22,89.86,5.6,6.65,1.84,1.9,3.12
NTRS,2025-01-23,Pre-Market (BMO),2025-01-22,103.45,2025-01-23,102.49,-0.96,-0.93,2.0,2.26,12.77
NTRS,2024-10-23,Pre-Market (BMO),2024-10-22,91.65,2024-10-23,96.59,4.94,5.39,1.93,2.22,15.08
NTRS,2024-07-17,Pre-Market (BMO),2024-07-16,86.11,2024-07-17,87.29,1.18,1.37,1.73,4.34,150.96
NTRS,2024-04-16,Pre-Market (BMO),2024-04-15,78.7,2024-04-16,75.92,-2.78,-3.54,1.06,0.96,-9.82
NTRS,2024-01-18,Pre-Market (BMO),2024-01-17,77.26,2024-01-18,79.18,1.92,2.48,0.91,0.52,-42.86
NTRS,2023-10-18,Pre-Market (BMO),2023-10-17,65.16,2023-10-18,63.81,-1.35,-2.07,1.49,1.49,-0.16
NUE,2026-04-27,After-Hours (AMC),2026-04-27,214.47,2026-04-28,219.61,5.14,2.4,2.82,3.23,14.67
NUE,2026-01-26,After-Hours (AMC),2026-01-26,176.62,2026-01-27,171.43,-5.19,-2.94,1.81,1.73,-4.37
NUE,2025-10-27,After-Hours (AMC),2025-10-27,142.83,2025-10-28,144.87,2.04,1.43,2.17,2.63,21.26
NUE,2025-07-28,After-Hours (AMC),2025-07-28,142.61,2025-07-29,132.97,-9.64,-6.76,2.64,2.65,0.32
NUE,2025-04-28,After-Hours (AMC),2025-04-28,114.55,2025-04-29,113.11,-1.43,-1.25,0.66,0.77,16.87
NUE,2025-01-27,After-Hours (AMC),2025-01-27,119.31,2025-01-28,119.31,0.0,0.0,0.62,1.22,96.99
NUE,2024-10-21,After-Hours (AMC),2024-10-21,151.98,2024-10-22,149.38,-2.61,-1.72,1.41,1.49,5.48
NUE,2024-07-22,After-Hours (AMC),2024-07-22,158.45,2024-07-23,155.7,-2.76,-1.74,2.41,2.68,11.33
NUE,2024-04-22,After-Hours (AMC),2024-04-22,185.25,2024-04-23,171.78,-13.47,-7.27,3.62,3.46,-4.49
NUE,2024-01-29,After-Hours (AMC),2024-01-29,170.28,2024-01-30,171.59,1.31,0.77,2.83,3.16,11.59
NUE,2023-10-23,After-Hours (AMC),2023-10-23,135.02,2023-10-24,137.66,2.63,1.95,4.23,4.57,8.03
NVDA,2026-05-20,After-Hours (AMC),2026-05-20,223.21,2026-05-21,222.03,-1.18,-0.53,1.77,1.87,5.54
NVDA,2026-02-25,After-Hours (AMC),2026-02-25,195.32,2026-02-26,194.03,-1.29,-0.66,1.54,1.62,5.32
NVDA,2025-11-19,After-Hours (AMC),2025-11-19,186.28,2025-11-20,195.7,9.42,5.06,1.26,1.3,3.46
NVDA,2025-08-27,After-Hours (AMC),2025-08-27,181.36,2025-08-28,180.58,-0.78,-0.43,1.01,1.05,4.1
NVDA,2025-05-28,After-Hours (AMC),2025-05-28,134.62,2025-05-29,142.05,7.43,5.52,0.75,0.81,8.02
NVDA,2025-02-26,After-Hours (AMC),2025-02-26,131.08,2025-02-27,134.8,3.71,2.83,0.85,0.89,5.25
NVDA,2024-11-20,After-Hours (AMC),2024-11-20,145.66,2024-11-21,149.12,3.45,2.37,0.75,0.81,8.52
NVDA,2024-08-28,After-Hours (AMC),2024-08-28,125.4,2024-08-29,121.16,-4.24,-3.38,0.64,0.68,5.66
NVDA,2024-05-22,After-Hours (AMC),2024-05-22,94.79,2024-05-23,101.85,7.07,7.45,0.56,0.61,9.74
NVDA,2024-02-21,After-Hours (AMC),2024-02-21,67.35,2024-02-22,74.89,7.54,11.19,0.46,0.52,11.4
NVDA,2023-11-21,After-Hours (AMC),2023-11-21,49.85,2023-11-22,49.76,-0.09,-0.18,0.34,0.4,18.73
NVDA,2023-08-23,After-Hours (AMC),2023-08-23,47.02,2023-08-24,50.12,3.09,6.58,0.21,0.27,29.35
NWS,2026-05-07,After-Hours (AMC),2026-05-07,30.85,2026-05-08,30.31,-0.54,-1.75,0.2,0.21,5.46
NWS,2026-02-05,After-Hours (AMC),2026-02-05,27.29,2026-02-06,26.62,-0.67,-2.45,0.37,0.4,6.92
NWS,2025-11-06,After-Hours (AMC),2025-11-06,28.38,2025-11-07,29.84,1.46,5.16,0.19,0.22,16.76
NWS,2025-08-05,After-Hours (AMC),2025-08-05,33.32,2025-08-06,35.34,2.02,6.05,0.18,0.19,5.56
NWS,2025-05-08,After-Hours (AMC),2025-05-08,32.28,2025-05-09,33.0,0.72,2.22,0.13,0.17,27.5
NWS,2025-02-05,After-Hours (AMC),2025-02-05,32.91,2025-02-06,34.62,1.71,5.2,0.31,0.33,5.74
NWS,2024-11-07,After-Hours (AMC),2024-11-07,31.01,2024-11-08,30.93,-0.08,-0.26,0.15,0.21,40.0
NWS,2024-08-08,After-Hours (AMC),2024-08-08,27.38,2024-08-09,28.06,0.68,2.49,0.16,0.17,6.25
NWS,2024-05-08,After-Hours (AMC),2024-05-08,24.59,2024-05-09,24.48,-0.11,-0.44,0.13,0.11,-12.0
NWS,2024-02-07,After-Hours (AMC),2024-02-07,24.87,2024-02-08,26.53,1.66,6.68,0.21,0.26,23.81
NWS,2023-11-09,Pre-Market (BMO),2023-11-08,21.92,2023-11-09,22.01,0.09,0.4,0.09,0.16,71.43
NWS,2023-08-10,After-Hours (AMC),2023-08-10,20.26,2023-08-11,20.47,0.21,1.01,0.07,0.14,100.0
NWSA,2026-05-07,After-Hours (AMC),2026-05-07,27.04,2026-05-08,26.81,-0.23,-0.85,0.2,0.21,5.46
NWSA,2026-02-05,After-Hours (AMC),2026-02-05,24.11,2026-02-06,23.91,-0.2,-0.83,0.37,0.4,6.92
NWSA,2025-11-06,After-Hours (AMC),2025-11-06,24.98,2025-11-07,25.25,0.28,1.12,0.19,0.22,16.76
NWSA,2025-08-05,After-Hours (AMC),2025-08-05,29.07,2025-08-06,29.58,0.51,1.74,0.18,0.19,5.56
NWSA,2025-05-08,After-Hours (AMC),2025-05-08,28.27,2025-05-09,28.58,0.32,1.12,0.13,0.17,27.5
NWSA,2025-02-05,After-Hours (AMC),2025-02-05,28.46,2025-02-06,29.02,0.56,1.98,0.31,0.33,5.74
NWSA,2024-11-07,After-Hours (AMC),2024-11-07,28.83,2024-11-08,28.54,-0.3,-1.03,0.15,0.21,40.0
NWSA,2024-08-08,After-Hours (AMC),2024-08-08,26.38,2024-08-09,26.69,0.32,1.19,0.16,0.17,6.25
NWSA,2024-05-08,After-Hours (AMC),2024-05-08,23.78,2024-05-09,22.8,-0.98,-4.1,0.13,0.11,-12.0
NWSA,2024-02-07,After-Hours (AMC),2024-02-07,23.82,2024-02-08,26.38,2.56,10.75,0.21,0.26,23.81
NWSA,2023-11-09,Pre-Market (BMO),2023-11-08,21.01,2023-11-09,21.07,0.06,0.28,0.09,0.16,71.43
NWSA,2023-08-10,After-Hours (AMC),2023-08-10,19.84,2023-08-11,20.16,0.32,1.62,0.07,0.14,100.0
NXPI,2026-04-28,After-Hours (AMC),2026-04-28,229.61,2026-04-29,280.46,50.85,22.15,2.98,3.05,2.2
NXPI,2026-02-02,After-Hours (AMC),2026-02-02,229.11,2026-02-03,217.9,-11.21,-4.89,3.31,3.35,1.18
NXPI,2025-10-27,After-Hours (AMC),2025-10-27,218.69,2025-10-28,215.34,-3.36,-1.53,3.12,3.11,-0.27
NXPI,2025-07-21,After-Hours (AMC),2025-07-21,224.28,2025-07-22,218.25,-6.03,-2.69,2.66,2.72,2.31
NXPI,2025-04-28,After-Hours (AMC),2025-04-28,191.92,2025-04-29,177.52,-14.4,-7.5,2.6,2.64,1.39
NXPI,2025-02-03,After-Hours (AMC),2025-02-03,199.24,2025-02-04,202.27,3.03,1.52,3.14,3.18,1.4
NXPI,2024-11-04,After-Hours (AMC),2024-11-04,229.5,2024-11-05,213.62,-15.89,-6.92,3.43,3.45,0.71
NXPI,2024-07-22,After-Hours (AMC),2024-07-22,273.74,2024-07-23,251.54,-22.2,-8.11,3.2,3.2,-0.11
NXPI,2024-04-29,After-Hours (AMC),2024-04-29,237.51,2024-04-30,247.69,10.18,4.29,3.18,3.24,2.01
NXPI,2024-02-05,After-Hours (AMC),2024-02-05,211.5,2024-02-06,211.47,-0.04,-0.02,3.64,3.71,1.84
NXPI,2023-11-06,After-Hours (AMC),2023-11-06,174.12,2023-11-07,169.79,-4.33,-2.49,3.59,3.7,2.92
O,2026-05-06,After-Hours (AMC),2026-05-06,63.45,2026-05-07,63.05,-0.41,-0.64,0.42,0.34,-17.72
O,2026-02-24,After-Hours (AMC),2026-02-24,65.1,2026-02-25,64.6,-0.51,-0.78,0.41,0.33,-18.46
O,2025-11-03,After-Hours (AMC),2025-11-03,56.17,2025-11-04,55.79,-0.39,-0.69,0.4,0.36,-10.79
O,2025-08-06,After-Hours (AMC),2025-08-06,54.18,2025-08-07,54.23,0.05,0.09,0.4,0.22,-45.1
O,2025-05-05,After-Hours (AMC),2025-05-05,53.44,2025-05-06,53.39,-0.06,-0.11,0.33,0.28,-14.99
O,2025-02-24,After-Hours (AMC),2025-02-24,53.04,2025-02-25,51.54,-1.5,-2.83,0.39,0.22,-44.38
O,2024-11-04,After-Hours (AMC),2024-11-04,54.09,2024-11-05,53.83,-0.26,-0.49,0.34,0.31,-8.52
O,2024-08-05,After-Hours (AMC),2024-08-05,53.3,2024-08-06,53.03,-0.27,-0.51,0.38,0.3,-22.5
O,2024-05-06,After-Hours (AMC),2024-05-06,49.22,2024-05-07,49.1,-0.12,-0.23,0.43,0.26,-40.36
O,2024-02-20,After-Hours (AMC),2024-02-20,45.9,2024-02-21,46.36,0.45,0.99,0.33,0.31,-5.59
O,2023-11-06,After-Hours (AMC),2023-11-06,43.54,2023-11-07,43.87,0.34,0.77,0.32,0.33,4.12
O,2023-08-02,After-Hours (AMC),2023-08-02,51.3,2023-08-03,51.06,-0.24,-0.46,0.35,0.29,-17.13
ODFL,2026-04-29,Pre-Market (BMO),2026-04-28,221.49,2026-04-29,224.49,3.0,1.35,1.05,1.14,8.46
ODFL,2026-02-04,Pre-Market (BMO),2026-02-03,189.27,2026-02-04,190.94,1.68,0.89,1.06,1.09,2.8
ODFL,2025-10-29,Pre-Market (BMO),2025-10-28,135.46,2025-10-29,141.37,5.91,4.36,1.22,1.28,5.15
ODFL,2025-07-30,Pre-Market (BMO),2025-07-29,161.07,2025-07-30,151.51,-9.56,-5.93,1.29,1.27,-1.21
ODFL,2025-04-23,Pre-Market (BMO),2025-04-22,150.82,2025-04-23,157.82,6.99,4.64,1.14,1.19,4.04
ODFL,2025-02-05,Pre-Market (BMO),2025-02-04,181.86,2025-02-05,193.95,12.09,6.65,1.16,1.23,5.92
ODFL,2024-10-23,Pre-Market (BMO),2024-10-22,197.36,2024-10-23,191.67,-5.7,-2.89,1.42,1.43,0.85
ODFL,2024-07-24,Pre-Market (BMO),2024-07-23,191.47,2024-07-24,194.72,3.25,1.7,1.45,1.48,1.97
ODFL,2024-04-24,Pre-Market (BMO),2024-04-23,216.26,2024-04-24,205.13,-11.12,-5.14,1.34,1.34,-0.04
ODFL,2024-01-31,Pre-Market (BMO),2024-01-30,194.98,2024-01-31,199.83,4.85,2.49,1.42,1.47,3.35
ODFL,2023-10-25,Pre-Market (BMO),2023-10-24,189.88,2023-10-25,192.15,2.26,1.19,1.45,1.55,6.25
OKE,2026-04-28,After-Hours (AMC),2026-04-28,88.73,2026-04-29,89.82,1.1,1.24,1.3,1.3,0.14
OKE,2026-02-23,After-Hours (AMC),2026-02-23,86.3,2026-02-24,85.96,-0.34,-0.39,1.49,1.55,3.76
OKE,2025-10-28,After-Hours (AMC),2025-10-28,66.32,2025-10-29,67.14,0.82,1.23,1.44,1.49,3.32
OKE,2025-08-04,After-Hours (AMC),2025-08-04,76.62,2025-08-05,75.83,-0.8,-1.04,1.33,1.34,1.11
OKE,2025-04-29,After-Hours (AMC),2025-04-29,82.24,2025-04-30,78.86,-3.38,-4.11,1.24,1.04,-16.19
OKE,2025-02-24,After-Hours (AMC),2025-02-24,91.84,2025-02-25,91.88,0.04,0.04,1.48,1.57,6.19
OKE,2024-10-29,After-Hours (AMC),2024-10-29,87.58,2024-10-30,87.63,0.05,0.05,1.23,1.18,-3.79
OKE,2024-08-05,After-Hours (AMC),2024-08-05,72.06,2024-08-06,72.74,0.68,0.94,1.19,1.33,11.38
OKE,2024-04-30,After-Hours (AMC),2024-04-30,71.66,2024-05-01,70.27,-1.39,-1.93,1.15,1.09,-4.99
OKE,2024-02-26,After-Hours (AMC),2024-02-26,65.23,2024-02-27,66.1,0.87,1.33,1.2,1.18,-1.91
OKE,2023-10-31,After-Hours (AMC),2023-10-31,57.51,2023-11-01,57.84,0.33,0.57,1.05,0.99,-5.66
OKE,2023-08-07,After-Hours (AMC),2023-08-07,56.68,2023-08-08,56.15,-0.53,-0.94,1.01,1.04,2.76
OMC,2026-04-28,After-Hours (AMC),2026-04-28,76.07,2026-04-29,76.16,0.09,0.12,1.84,1.9,3.13
OMC,2026-02-18,After-Hours (AMC),2026-02-18,68.73,2026-02-19,72.96,4.23,6.16,2.94,2.59,-11.8
OMC,2025-10-21,After-Hours (AMC),2025-10-21,76.35,2025-10-22,76.14,-0.21,-0.28,2.17,2.24,3.06
OMC,2025-07-15,After-Hours (AMC),2025-07-15,68.05,2025-07-16,69.18,1.13,1.67,2.03,2.05,0.83
OMC,2025-04-15,After-Hours (AMC),2025-04-15,73.14,2025-04-16,71.55,-1.59,-2.17,1.66,1.7,2.28
OMC,2025-02-04,After-Hours (AMC),2025-02-04,82.05,2025-02-05,82.27,0.22,0.26,2.39,2.41,0.8
OMC,2024-10-15,After-Hours (AMC),2024-10-15,97.43,2024-10-16,96.46,-0.97,-1.0,2.03,2.03,0.08
OMC,2024-07-16,After-Hours (AMC),2024-07-16,88.71,2024-07-17,84.24,-4.47,-5.03,1.93,1.95,1.15
OMC,2024-04-16,After-Hours (AMC),2024-04-16,83.97,2024-04-17,86.18,2.21,2.63,1.53,1.67,9.32
OMC,2024-02-06,After-Hours (AMC),2024-02-06,81.54,2024-02-07,82.37,0.82,1.01,2.16,2.2,1.84
OMC,2023-10-17,After-Hours (AMC),2023-10-17,69.56,2023-10-18,68.34,-1.22,-1.75,1.85,1.86,0.51
ON,2026-05-04,After-Hours (AMC),2026-05-04,102.04,2026-05-05,97.65,-4.39,-4.3,0.62,0.64,4.06
ON,2026-02-09,After-Hours (AMC),2026-02-09,65.1,2026-02-10,64.74,-0.36,-0.55,0.62,0.64,2.55
ON,2025-11-03,Pre-Market (BMO),2025-10-31,50.08,2025-11-03,49.53,-0.55,-1.1,0.59,0.63,6.63
ON,2025-08-04,Pre-Market (BMO),2025-08-01,56.82,2025-08-04,54.0,-2.82,-4.96,0.53,0.53,-0.39
ON,2025-05-05,Pre-Market (BMO),2025-05-02,41.91,2025-05-05,40.52,-1.39,-3.32,0.5,0.55,9.59
ON,2025-02-10,Pre-Market (BMO),2025-02-07,51.25,2025-02-10,50.94,-0.31,-0.6,0.97,0.95,-2.44
ON,2024-10-28,Pre-Market (BMO),2024-10-25,71.25,2024-10-28,67.3,-3.95,-5.54,0.97,0.99,2.44
ON,2024-07-29,Pre-Market (BMO),2024-07-26,70.17,2024-07-29,75.9,5.73,8.17,0.92,0.96,4.58
ON,2024-04-29,Pre-Market (BMO),2024-04-26,68.06,2024-04-29,68.0,-0.06,-0.09,1.05,1.08,3.31
ON,2024-02-05,Pre-Market (BMO),2024-02-02,70.83,2024-02-05,75.6,4.77,6.73,1.2,1.25,4.01
ON,2023-10-30,Pre-Market (BMO),2023-10-27,83.52,2023-10-30,73.29,-10.23,-12.25,1.34,1.39,3.45
ON,2023-07-31,Pre-Market (BMO),2023-07-28,105.09,2023-07-31,109.74,4.65,4.42,1.21,1.33,9.82
ORCL,2026-06-10,After-Hours (AMC),2026-06-10,200.56,2026-06-11,179.05,-21.52,-10.73,1.96,2.11,7.52
ORCL,2026-03-10,After-Hours (AMC),2026-03-10,148.36,2026-03-11,165.23,16.86,11.37,1.69,1.79,5.69
ORCL,2025-12-10,After-Hours (AMC),2025-12-10,220.88,2025-12-11,188.8,-32.08,-14.52,1.64,2.26,38.04
ORCL,2025-09-09,After-Hours (AMC),2025-09-09,238.79,2025-09-10,315.59,76.8,32.16,1.48,1.47,-0.62
ORCL,2025-06-11,After-Hours (AMC),2025-06-11,174.02,2025-06-12,187.42,13.4,7.7,1.64,1.7,3.37
ORCL,2025-03-10,After-Hours (AMC),2025-03-10,146.28,2025-03-11,141.0,-5.28,-3.61,1.49,1.47,-1.35
ORCL,2024-12-09,After-Hours (AMC),2024-12-09,186.77,2024-12-10,170.11,-16.66,-8.92,1.48,1.47,-0.77
ORCL,2024-09-09,After-Hours (AMC),2024-09-09,136.88,2024-09-10,150.91,14.03,10.25,1.33,1.39,4.29
ORCL,2024-06-11,After-Hours (AMC),2024-06-11,120.87,2024-06-12,131.42,10.55,8.73,1.65,1.63,-1.14
ORCL,2024-03-11,After-Hours (AMC),2024-03-11,111.0,2024-03-12,122.8,11.8,10.63,1.38,1.41,2.47
ORCL,2023-12-11,After-Hours (AMC),2023-12-11,111.54,2023-12-12,99.5,-12.04,-10.8,1.33,1.34,0.95
ORCL,2023-09-11,After-Hours (AMC),2023-09-11,122.31,2023-09-12,108.19,-14.12,-11.55,1.15,1.19,3.46
ORLY,2026-04-29,After-Hours (AMC),2026-04-29,91.69,2026-04-30,96.02,4.33,4.72,0.7,0.72,3.35
ORLY,2026-02-04,After-Hours (AMC),2026-02-04,96.74,2026-02-05,92.35,-4.39,-4.54,0.72,0.71,-2.06
ORLY,2025-10-22,After-Hours (AMC),2025-10-22,101.21,2025-10-23,99.5,-1.71,-1.69,0.83,0.85,2.37
ORLY,2025-07-23,After-Hours (AMC),2025-07-23,95.42,2025-07-24,95.78,0.36,0.38,0.78,0.78,-0.28
ORLY,2025-04-23,After-Hours (AMC),2025-04-23,92.03,2025-04-24,90.59,-1.44,-1.57,0.66,0.62,-5.25
ORLY,2025-02-05,After-Hours (AMC),2025-02-05,89.88,2025-02-06,89.13,-0.76,-0.84,0.65,0.63,-2.69
ORLY,2024-10-23,After-Hours (AMC),2024-10-23,79.95,2024-10-24,78.79,-1.16,-1.45,0.77,0.76,-1.16
ORLY,2024-07-24,After-Hours (AMC),2024-07-24,70.05,2024-07-25,70.05,0.0,0.0,0.73,0.7,-4.05
ORLY,2024-04-24,After-Hours (AMC),2024-04-24,72.85,2024-04-25,68.0,-4.85,-6.65,0.62,0.61,-0.94
ORLY,2024-02-07,After-Hours (AMC),2024-02-07,71.13,2024-02-08,67.37,-3.77,-5.3,0.61,0.62,0.46
ORLY,2023-10-25,After-Hours (AMC),2023-10-25,58.33,2023-10-26,60.27,1.94,3.32,0.69,0.71,3.13
OTIS,2026-07-22,Pre-Market (BMO),2026-07-21,71.95,2026-07-22,70.36,-1.59,-2.21,1.01,1.01,0.38
OTIS,2026-04-22,Pre-Market (BMO),2026-04-21,78.4,2026-04-22,78.86,0.47,0.6,0.9,0.89,-0.85
OTIS,2026-01-28,Pre-Market (BMO),2026-01-27,89.59,2026-01-28,83.94,-5.65,-6.31,1.03,1.03,-0.35
OTIS,2025-10-29,Pre-Market (BMO),2025-10-28,89.92,2025-10-29,92.61,2.7,3.0,1.0,1.05,4.73
OTIS,2025-07-23,Pre-Market (BMO),2025-07-22,98.98,2025-07-23,87.23,-11.75,-11.87,1.03,1.05,2.15
OTIS,2025-04-23,Pre-Market (BMO),2025-04-22,96.57,2025-04-23,93.63,-2.94,-3.04,0.91,0.92,1.1
OTIS,2025-01-29,Pre-Market (BMO),2025-01-28,93.19,2025-01-29,91.44,-1.75,-1.88,0.96,0.93,-2.79
OTIS,2024-10-30,Pre-Market (BMO),2024-10-29,98.15,2024-10-30,94.07,-4.08,-4.15,0.97,0.96,-0.98
OTIS,2024-07-24,Pre-Market (BMO),2024-07-23,94.86,2024-07-24,86.97,-7.88,-8.31,1.03,1.06,2.98
OTIS,2024-04-24,Pre-Market (BMO),2024-04-23,93.6,2024-04-24,93.06,-0.54,-0.57,0.86,0.88,1.8
OTIS,2024-01-31,Pre-Market (BMO),2024-01-30,86.1,2024-01-31,87.21,1.11,1.28,0.86,0.87,1.09
OTIS,2023-10-25,Pre-Market (BMO),2023-10-24,73.62,2023-10-25,71.56,-2.07,-2.81,0.88,0.95,8.21
OXY,2026-05-05,After-Hours (AMC),2026-05-05,59.07,2026-05-06,55.26,-3.8,-6.44,0.59,1.06,80.35
OXY,2026-02-18,After-Hours (AMC),2026-02-18,46.67,2026-02-19,49.3,2.63,5.63,0.17,0.31,83.77
OXY,2025-11-10,After-Hours (AMC),2025-11-10,41.17,2025-11-11,41.78,0.61,1.48,0.52,0.64,22.73
OXY,2025-08-06,After-Hours (AMC),2025-08-06,41.68,2025-08-07,43.01,1.33,3.2,0.31,0.39,24.79
OXY,2025-05-07,After-Hours (AMC),2025-05-07,38.01,2025-05-08,39.05,1.04,2.74,0.76,0.87,14.0
OXY,2025-02-18,After-Hours (AMC),2025-02-18,47.34,2025-02-19,47.98,0.64,1.35,0.67,0.8,19.42
OXY,2024-11-12,After-Hours (AMC),2024-11-12,48.53,2024-11-13,48.98,0.45,0.93,0.75,1.0,33.24
OXY,2024-08-07,After-Hours (AMC),2024-08-07,53.92,2024-08-08,55.25,1.34,2.48,0.77,1.03,33.21
OXY,2024-05-07,After-Hours (AMC),2024-05-07,62.29,2024-05-08,61.21,-1.08,-1.74,0.57,0.63,11.08
OXY,2024-02-14,After-Hours (AMC),2024-02-14,54.66,2024-02-15,54.8,0.14,0.26,0.69,0.74,7.45
OXY,2023-11-07,After-Hours (AMC),2023-11-07,57.24,2023-11-08,58.06,0.82,1.43,0.86,1.18,36.6
OXY,2023-08-02,After-Hours (AMC),2023-08-02,58.29,2023-08-03,57.04,-1.25,-2.15,0.76,0.68,-10.96
PANW,2026-06-02,After-Hours (AMC),2026-06-02,297.18,2026-06-03,285.0,-12.18,-4.1,0.8,0.85,6.62
PANW,2026-02-17,After-Hours (AMC),2026-02-17,163.5,2026-02-18,149.55,-13.95,-8.53,0.94,1.03,9.94
PANW,2025-11-19,After-Hours (AMC),2025-11-19,199.9,2025-11-20,198.13,-1.77,-0.89,0.89,0.93,4.36
PANW,2025-08-18,After-Hours (AMC),2025-08-18,176.17,2025-08-19,187.81,11.64,6.61,0.89,0.95,7.31
PANW,2025-05-20,After-Hours (AMC),2025-05-20,194.48,2025-05-21,184.76,-9.72,-5.0,0.77,0.8,3.59
PANW,2025-02-13,After-Hours (AMC),2025-02-13,201.88,2025-02-14,192.0,-9.88,-4.89,0.78,0.81,3.94
PANW,2024-11-20,After-Hours (AMC),2024-11-20,196.45,2024-11-21,193.1,-3.35,-1.7,0.74,0.78,5.76
PANW,2024-08-19,After-Hours (AMC),2024-08-19,171.68,2024-08-20,174.35,2.67,1.55,0.71,0.76,6.95
PANW,2024-05-20,After-Hours (AMC),2024-05-20,161.88,2024-05-21,150.58,-11.3,-6.98,0.62,0.66,5.63
PANW,2024-02-20,After-Hours (AMC),2024-02-20,183.04,2024-02-21,137.6,-45.44,-24.83,0.65,0.73,12.2
PANW,2023-11-15,After-Hours (AMC),2023-11-15,128.09,2023-11-16,120.0,-8.09,-6.32,0.58,0.69,18.6
PANW,2023-08-18,After-Hours (AMC),2023-08-18,104.85,2023-08-21,118.25,13.4,12.79,0.64,0.72,12.0
PAYX,2026-06-24,Pre-Market (BMO),2026-06-23,97.99,2026-06-24,98.77,0.78,0.8,1.31,1.32,0.91
PAYX,2026-03-25,Pre-Market (BMO),2026-03-24,89.46,2026-03-25,94.0,4.54,5.08,1.67,1.71,2.31
PAYX,2025-12-19,Pre-Market (BMO),2025-12-18,111.63,2025-12-19,111.46,-0.17,-0.15,1.23,1.26,2.4
PAYX,2025-09-30,Pre-Market (BMO),2025-09-29,124.39,2025-09-30,117.69,-6.7,-5.38,1.2,1.22,1.42
PAYX,2025-06-25,Pre-Market (BMO),2025-06-24,146.24,2025-06-25,139.53,-6.7,-4.58,1.2,1.19,-0.66
PAYX,2025-03-26,Pre-Market (BMO),2025-03-25,137.45,2025-03-26,141.91,4.46,3.25,1.48,1.49,0.7
PAYX,2024-12-19,Pre-Market (BMO),2024-12-18,128.72,2024-12-19,133.53,4.81,3.74,1.12,1.14,1.51
PAYX,2024-10-01,Pre-Market (BMO),2024-09-30,126.3,2024-10-01,129.59,3.29,2.61,1.14,1.16,1.97
PAYX,2024-06-26,Pre-Market (BMO),2024-06-25,116.74,2024-06-26,116.71,-0.03,-0.02,1.1,1.12,1.83
PAYX,2024-04-02,Pre-Market (BMO),2024-04-01,112.64,2024-04-02,107.96,-4.68,-4.15,1.37,1.38,0.91
PAYX,2023-12-21,Pre-Market (BMO),2023-12-20,117.56,2023-12-21,112.4,-5.16,-4.39,1.07,1.08,0.59
PAYX,2023-09-27,Pre-Market (BMO),2023-09-26,102.84,2023-09-27,102.64,-0.2,-0.2,1.12,1.14,1.74
PCAR,2026-04-28,Pre-Market (BMO),2026-04-27,126.81,2026-04-28,127.9,1.1,0.86,1.16,1.15,-0.87
PCAR,2026-01-27,Pre-Market (BMO),2026-01-26,121.42,2026-01-27,115.84,-5.58,-4.59,1.06,1.06,-0.35
PCAR,2025-10-21,Pre-Market (BMO),2025-10-20,95.39,2025-10-21,96.59,1.2,1.26,1.08,1.12,3.88
PCAR,2025-07-22,Pre-Market (BMO),2025-07-21,90.62,2025-07-22,94.09,3.47,3.83,1.31,1.37,4.31
PCAR,2025-04-29,Pre-Market (BMO),2025-04-28,89.46,2025-04-29,84.23,-5.23,-5.85,1.59,0.96,-39.79
PCAR,2025-01-28,Pre-Market (BMO),2025-01-27,106.5,2025-01-28,102.86,-3.63,-3.41,1.69,1.66,-1.53
PCAR,2024-10-22,Pre-Market (BMO),2024-10-21,102.98,2024-10-22,99.79,-3.18,-3.09,1.82,1.85,1.69
PCAR,2024-07-23,Pre-Market (BMO),2024-07-22,102.13,2024-07-23,92.36,-9.78,-9.57,2.15,2.13,-0.85
PCAR,2024-04-30,Pre-Market (BMO),2024-04-29,106.12,2024-04-30,100.86,-5.27,-4.96,2.2,2.27,3.27
PCAR,2024-01-23,Pre-Market (BMO),2024-01-22,90.44,2024-01-23,91.1,0.66,0.73,2.21,2.7,22.11
PCAR,2023-10-24,Pre-Market (BMO),2023-10-23,73.09,2023-10-24,74.58,1.49,2.04,2.12,2.34,10.23
PCG,2026-07-23,Pre-Market (BMO),2026-07-22,18.11,2026-07-23,17.81,-0.3,-1.66,0.36,0.4,11.64
PCG,2026-04-23,Pre-Market (BMO),2026-04-22,16.83,2026-04-23,16.89,0.06,0.36,0.4,0.43,8.83
PCG,2026-02-12,Pre-Market (BMO),2026-02-11,17.0,2026-02-12,17.14,0.14,0.82,0.36,0.36,-1.13
PCG,2025-10-23,Pre-Market (BMO),2025-10-22,16.43,2025-10-23,16.63,0.2,1.21,0.43,0.5,17.33
PCG,2025-07-31,Pre-Market (BMO),2025-07-30,13.87,2025-07-31,13.73,-0.14,-1.0,0.32,0.31,-1.86
PCG,2025-04-24,Pre-Market (BMO),2025-04-23,17.33,2025-04-24,17.49,0.17,0.97,0.34,0.33,-3.04
PCG,2025-02-13,Pre-Market (BMO),2025-02-12,15.81,2025-02-13,15.83,0.02,0.12,0.31,0.31,0.05
PCG,2024-11-07,Pre-Market (BMO),2024-11-06,19.95,2024-11-07,20.03,0.08,0.4,0.32,0.37,15.01
PCG,2024-07-25,Pre-Market (BMO),2024-07-24,17.97,2024-07-25,17.98,0.01,0.05,0.3,0.31,2.73
PCG,2024-04-25,Pre-Market (BMO),2024-04-24,16.73,2024-04-25,16.71,-0.02,-0.12,0.34,0.37,7.68
PCG,2024-02-22,Pre-Market (BMO),2024-02-21,16.5,2024-02-22,16.3,-0.2,-1.19,0.45,0.47,3.32
PCG,2023-10-26,Pre-Market (BMO),2023-10-25,15.89,2023-10-26,16.2,0.3,1.92,0.25,0.24,-3.04
PCG,2023-07-27,Pre-Market (BMO),2023-07-26,17.59,2023-07-27,17.56,-0.03,-0.17,0.26,0.23,-11.51
PEG,2026-05-05,Pre-Market (BMO),2026-05-04,79.76,2026-05-05,80.37,0.61,0.77,1.43,1.55,8.48
PEG,2026-02-26,Pre-Market (BMO),2026-02-25,84.55,2026-02-26,85.07,0.52,0.62,0.71,0.72,1.44
PEG,2025-11-03,Pre-Market (BMO),2025-10-31,78.6,2025-11-03,78.85,0.25,0.32,1.01,1.13,11.57
PEG,2025-08-05,Pre-Market (BMO),2025-08-04,87.26,2025-08-05,86.62,-0.64,-0.73,0.7,0.77,10.25
PEG,2025-04-30,Pre-Market (BMO),2025-04-29,78.38,2025-04-30,77.47,-0.91,-1.16,1.43,1.43,-0.23
PEG,2025-02-25,Pre-Market (BMO),2025-02-24,80.37,2025-02-25,81.28,0.91,1.13,0.83,0.84,1.47
PEG,2024-11-04,Pre-Market (BMO),2024-11-01,82.62,2024-11-04,79.67,-2.94,-3.56,0.88,0.9,2.67
PEG,2024-07-30,Pre-Market (BMO),2024-07-29,72.26,2024-07-30,72.3,0.05,0.06,0.62,0.63,1.04
PEG,2024-04-30,Pre-Market (BMO),2024-04-29,63.94,2024-04-30,62.92,-1.02,-1.6,1.32,1.31,-0.68
PEG,2024-02-26,Pre-Market (BMO),2024-02-23,56.07,2024-02-26,55.9,-0.17,-0.3,0.52,0.54,3.74
PEG,2023-10-31,Pre-Market (BMO),2023-10-30,55.02,2023-10-31,56.19,1.16,2.11,0.75,0.85,13.0
PEG,2023-08-01,Pre-Market (BMO),2023-07-31,57.18,2023-08-01,58.17,1.0,1.74,0.62,0.7,12.3
PEP,2026-07-09,Pre-Market (BMO),2026-07-08,142.51,2026-07-09,137.09,-5.42,-3.8,2.21,2.2,-0.37
PEP,2026-04-16,Pre-Market (BMO),2026-04-15,153.24,2026-04-16,153.92,0.68,0.45,1.55,1.61,3.75
PEP,2026-02-03,Pre-Market (BMO),2026-02-02,152.22,2026-02-03,153.6,1.37,0.9,2.24,2.26,1.02
PEP,2025-10-09,Pre-Market (BMO),2025-10-08,134.86,2025-10-09,136.43,1.57,1.17,2.26,2.29,1.33
PEP,2025-07-17,Pre-Market (BMO),2025-07-16,130.2,2025-07-17,136.3,6.11,4.69,2.03,2.12,4.48
PEP,2025-04-24,Pre-Market (BMO),2025-04-23,135.36,2025-04-24,134.59,-0.77,-0.57,1.49,1.48,-0.77
PEP,2025-02-04,Pre-Market (BMO),2025-02-03,141.73,2025-02-04,137.79,-3.93,-2.77,1.94,1.96,0.9
PEP,2024-10-08,Pre-Market (BMO),2024-10-07,156.37,2024-10-08,156.85,0.48,0.3,2.29,2.31,0.74
PEP,2024-07-11,Pre-Market (BMO),2024-07-10,151.83,2024-07-11,147.66,-4.17,-2.74,2.16,2.28,5.57
PEP,2024-04-23,Pre-Market (BMO),2024-04-22,162.49,2024-04-23,160.87,-1.62,-1.0,1.52,1.61,5.96
PEP,2024-02-09,Pre-Market (BMO),2024-02-08,158.88,2024-02-09,156.45,-2.42,-1.52,1.72,1.78,3.43
PEP,2023-10-10,Pre-Market (BMO),2023-10-09,146.35,2023-10-10,148.97,2.62,1.79,2.15,2.25,4.44
PFE,2026-05-05,Pre-Market (BMO),2026-05-04,25.43,2026-05-05,25.71,0.28,1.1,0.72,0.75,3.93
PFE,2026-02-03,Pre-Market (BMO),2026-02-02,25.78,2026-02-03,24.52,-1.26,-4.88,0.57,0.66,16.18
PFE,2025-11-04,Pre-Market (BMO),2025-11-03,23.04,2025-11-04,22.79,-0.25,-1.09,0.63,0.87,37.43
PFE,2025-08-05,Pre-Market (BMO),2025-08-04,21.99,2025-08-05,22.68,0.69,3.14,0.57,0.78,35.94
PFE,2025-04-29,Pre-Market (BMO),2025-04-28,20.78,2025-04-29,20.58,-0.2,-0.95,0.67,0.92,36.49
PFE,2025-02-04,Pre-Market (BMO),2025-02-03,23.62,2025-02-04,23.53,-0.09,-0.38,0.46,0.63,37.2
PFE,2024-10-29,Pre-Market (BMO),2024-10-28,25.2,2024-10-29,25.33,0.13,0.52,0.61,1.06,73.28
PFE,2024-07-30,Pre-Market (BMO),2024-07-29,26.82,2024-07-30,27.08,0.25,0.94,0.46,0.6,30.19
PFE,2024-05-01,Pre-Market (BMO),2024-04-30,21.73,2024-05-01,22.33,0.6,2.77,0.51,0.82,60.11
PFE,2024-01-30,Pre-Market (BMO),2024-01-29,23.31,2024-01-30,23.66,0.35,1.49,-0.18,0.1,154.7
PFE,2023-10-31,Pre-Market (BMO),2023-10-30,25.19,2023-10-31,24.98,-0.21,-0.85,-0.34,-0.17,49.96
PFE,2023-08-01,Pre-Market (BMO),2023-07-31,29.73,2023-08-01,29.59,-0.15,-0.5,0.58,0.67,15.28
PFG,2026-04-23,After-Hours (AMC),2026-04-23,96.23,2026-04-24,99.79,3.56,3.7,2.01,2.07,2.94
PFG,2026-02-09,After-Hours (AMC),2026-02-09,94.32,2026-02-10,92.9,-1.43,-1.51,2.22,2.19,-1.57
PFG,2025-10-27,After-Hours (AMC),2025-10-27,77.5,2025-10-28,79.31,1.8,2.33,2.2,2.1,-4.54
PFG,2025-07-28,After-Hours (AMC),2025-07-28,77.54,2025-07-29,80.21,2.67,3.45,1.97,2.16,9.57
PFG,2025-04-24,After-Hours (AMC),2025-04-24,71.64,2025-04-25,70.96,-0.68,-0.95,1.83,1.81,-1.04
PFG,2025-02-06,After-Hours (AMC),2025-02-06,75.72,2025-02-07,78.47,2.75,3.64,1.93,1.94,0.36
PFG,2024-10-24,After-Hours (AMC),2024-10-24,84.14,2024-10-25,81.54,-2.6,-3.09,2.01,1.76,-12.25
PFG,2024-07-25,After-Hours (AMC),2024-07-25,78.53,2024-07-26,75.08,-3.45,-4.39,1.85,1.63,-11.67
PFG,2024-04-24,After-Hours (AMC),2024-04-24,75.77,2024-04-25,75.33,-0.43,-0.57,1.73,1.65,-4.76
PFG,2024-02-12,After-Hours (AMC),2024-02-12,72.17,2024-02-13,74.05,1.88,2.61,1.69,1.83,8.24
PFG,2023-10-26,After-Hours (AMC),2023-10-26,61.92,2023-10-27,65.49,3.57,5.76,1.62,1.72,6.12
PFG,2023-07-27,After-Hours (AMC),2023-07-27,74.74,2023-07-28,72.87,-1.87,-2.5,1.65,1.53,-7.04
PG,2026-04-24,Pre-Market (BMO),2026-04-23,143.55,2026-04-24,150.88,7.33,5.11,1.56,1.59,2.22
PG,2026-01-22,Pre-Market (BMO),2026-01-21,142.88,2026-01-22,144.86,1.98,1.38,1.86,1.88,1.25
PG,2025-10-24,Pre-Market (BMO),2025-10-23,147.86,2025-10-24,152.99,5.13,3.47,1.9,1.99,4.92
PG,2025-07-29,Pre-Market (BMO),2025-07-28,152.62,2025-07-29,154.12,1.5,0.98,1.42,1.48,4.14
PG,2025-04-24,Pre-Market (BMO),2025-04-23,159.9,2025-04-24,154.86,-5.05,-3.16,1.53,1.54,0.93
PG,2025-01-22,Pre-Market (BMO),2025-01-21,154.13,2025-01-22,159.25,5.13,3.33,1.86,1.88,1.1
PG,2024-10-18,Pre-Market (BMO),2024-10-17,163.23,2024-10-18,162.3,-0.93,-0.57,1.9,1.93,1.75
PG,2024-07-30,Pre-Market (BMO),2024-07-29,161.0,2024-07-30,153.29,-7.71,-4.79,1.37,1.4,1.92
PG,2024-04-19,Pre-Market (BMO),2024-04-18,148.14,2024-04-19,145.96,-2.18,-1.47,1.41,1.52,7.48
PG,2024-01-23,Pre-Market (BMO),2024-01-22,138.36,2024-01-23,143.28,4.91,3.55,1.7,1.84,8.28
PG,2023-10-18,Pre-Market (BMO),2023-10-17,135.15,2023-10-18,138.67,3.51,2.6,1.72,1.83,6.34
PG,2023-07-28,Pre-Market (BMO),2023-07-27,140.56,2023-07-28,142.92,2.36,1.68,1.32,1.37,3.48
PGR,2026-07-15,Pre-Market (BMO),2026-07-14,226.58,2026-07-15,208.02,-18.56,-8.19,4.84,4.85,0.33
PGR,2026-04-15,Pre-Market (BMO),2026-04-14,196.5,2026-04-15,199.07,2.57,1.31,4.88,4.96,1.61
PGR,2026-01-28,Pre-Market (BMO),2026-01-27,207.88,2026-01-28,205.72,-2.16,-1.04,4.43,4.67,5.33
PGR,2025-10-15,Pre-Market (BMO),2025-10-14,225.83,2025-10-15,212.43,-13.4,-5.93,5.05,4.05,-19.73
PGR,2025-07-16,Pre-Market (BMO),2025-07-15,227.42,2025-07-16,230.05,2.63,1.16,4.43,4.88,10.04
PGR,2025-04-16,Pre-Market (BMO),2025-04-15,259.16,2025-04-16,263.74,4.57,1.76,4.78,4.65,-2.63
PGR,2025-01-28,After-Hours (AMC),2025-01-28,229.93,2025-01-29,223.71,-6.22,-2.71,3.56,4.08,14.63
PGR,2024-10-15,Pre-Market (BMO),2024-10-14,231.87,2024-10-15,233.83,1.95,0.84,3.67,3.58,-2.3
PGR,2024-07-16,Pre-Market (BMO),2024-07-15,199.78,2024-07-16,204.77,4.99,2.5,2.01,2.65,31.69
PGR,2024-04-12,Pre-Market (BMO),2024-04-11,186.03,2024-04-12,191.31,5.28,2.84,3.21,3.76,17.05
PGR,2024-01-24,Pre-Market (BMO),2024-01-23,156.58,2024-01-24,166.95,10.37,6.62,2.43,2.97,22.59
PGR,2023-10-31,Pre-Market (BMO),2023-10-30,141.96,2023-10-31,141.9,-0.05,-0.04,1.71,2.11,23.44
PGR,2023-08-01,Pre-Market (BMO),2023-07-31,115.16,2023-08-01,115.56,0.4,0.35,0.84,0.42,-50.62
PHM,2026-07-22,Pre-Market (BMO),2026-07-21,124.26,2026-07-22,127.95,3.69,2.97,2.36,2.48,5.27
PHM,2026-04-23,Pre-Market (BMO),2026-04-22,127.29,2026-04-23,124.74,-2.55,-2.01,1.81,1.79,-1.15
PHM,2026-01-29,Pre-Market (BMO),2026-01-28,122.75,2026-01-29,123.71,0.97,0.79,2.81,2.88,2.58
PHM,2025-10-21,Pre-Market (BMO),2025-10-20,122.5,2025-10-21,115.17,-7.32,-5.98,2.89,2.96,2.46
PHM,2025-07-22,Pre-Market (BMO),2025-07-21,107.79,2025-07-22,116.8,9.01,8.36,2.97,3.03,2.14
PHM,2025-04-22,Pre-Market (BMO),2025-04-21,92.18,2025-04-22,95.04,2.86,3.1,2.42,2.57,6.0
PHM,2025-01-30,Pre-Market (BMO),2025-01-29,111.62,2025-01-30,114.97,3.35,3.0,3.27,4.43,35.51
PHM,2024-10-22,Pre-Market (BMO),2024-10-21,142.24,2024-10-22,136.64,-5.6,-3.94,3.18,3.35,5.48
PHM,2024-07-23,Pre-Market (BMO),2024-07-22,123.71,2024-07-23,118.85,-4.85,-3.92,3.27,3.58,9.32
PHM,2024-04-23,Pre-Market (BMO),2024-04-22,105.98,2024-04-23,105.23,-0.76,-0.71,2.36,3.1,31.2
PHM,2024-01-30,Pre-Market (BMO),2024-01-29,104.06,2024-01-30,105.78,1.72,1.65,3.23,3.52,8.97
PHM,2023-10-24,Pre-Market (BMO),2023-10-23,69.11,2023-10-24,67.82,-1.28,-1.86,2.82,2.9,2.9
PLD,2026-07-16,Pre-Market (BMO),2026-07-15,143.42,2026-07-16,145.0,1.58,1.1,0.75,1.11,48.33
PLD,2026-04-16,Pre-Market (BMO),2026-04-15,138.76,2026-04-16,141.61,2.85,2.05,0.72,1.02,41.3
PLD,2026-01-21,Pre-Market (BMO),2026-01-20,128.83,2026-01-21,132.48,3.65,2.84,0.68,1.46,113.52
PLD,2025-10-15,Pre-Market (BMO),2025-10-14,112.82,2025-10-15,114.02,1.19,1.06,0.73,0.8,8.84
PLD,2025-07-16,Pre-Market (BMO),2025-07-15,105.21,2025-07-16,109.21,4.0,3.8,0.73,0.6,-18.54
PLD,2025-04-16,Pre-Market (BMO),2025-04-15,94.49,2025-04-16,95.66,1.17,1.24,0.63,0.62,-1.33
PLD,2025-01-21,Pre-Market (BMO),2025-01-17,104.11,2025-01-21,104.86,0.74,0.71,0.68,1.37,100.81
PLD,2024-10-16,Pre-Market (BMO),2024-10-15,114.44,2024-10-16,116.0,1.56,1.36,0.64,1.08,68.27
PLD,2024-07-17,Pre-Market (BMO),2024-07-16,113.69,2024-07-17,116.45,2.76,2.43,0.6,0.92,54.24
PLD,2024-04-17,Pre-Market (BMO),2024-04-16,106.46,2024-04-17,100.85,-5.6,-5.26,0.57,0.63,10.2
PLD,2024-01-17,Pre-Market (BMO),2024-01-16,119.7,2024-01-17,117.83,-1.87,-1.56,0.62,0.68,10.57
PLD,2023-10-17,Pre-Market (BMO),2023-10-16,101.51,2023-10-17,100.89,-0.62,-0.61,0.59,0.8,36.17
PLTR,2026-05-04,After-Hours (AMC),2026-05-04,146.03,2026-05-05,140.29,-5.74,-3.93,0.28,0.33,18.08
PLTR,2026-02-02,After-Hours (AMC),2026-02-02,147.76,2026-02-03,165.05,17.29,11.7,0.23,0.25,8.6
PLTR,2025-11-03,After-Hours (AMC),2025-11-03,207.18,2025-11-04,192.07,-15.11,-7.29,0.17,0.21,25.46
PLTR,2025-08-04,After-Hours (AMC),2025-08-04,160.66,2025-08-05,171.81,11.15,6.94,0.14,0.16,15.57
PLTR,2025-05-05,After-Hours (AMC),2025-05-05,123.77,2025-05-06,112.71,-11.06,-8.94,0.13,0.13,1.11
PLTR,2025-02-03,After-Hours (AMC),2025-02-03,83.74,2025-02-04,102.8,19.06,22.76,0.11,0.14,23.72
PLTR,2024-11-04,After-Hours (AMC),2024-11-04,41.41,2024-11-05,47.86,6.45,15.58,0.09,0.1,10.06
PLTR,2024-08-05,After-Hours (AMC),2024-08-05,24.09,2024-08-06,27.05,2.96,12.29,0.08,0.09,10.55
PLTR,2024-05-06,After-Hours (AMC),2024-05-06,25.21,2024-05-07,21.99,-3.22,-12.77,0.08,0.08,4.1
PLTR,2024-02-05,After-Hours (AMC),2024-02-05,16.72,2024-02-06,20.3,3.58,21.41,0.08,0.08,5.39
PLTR,2023-11-02,Pre-Market (BMO),2023-11-01,14.92,2023-11-02,17.48,2.56,17.16,0.06,0.07,25.07
PLTR,2023-08-07,After-Hours (AMC),2023-08-07,17.99,2023-08-08,17.49,-0.5,-2.78,0.05,0.05,-0.79
PM,2026-07-22,Pre-Market (BMO),2026-07-21,188.04,2026-07-22,192.03,3.99,2.12,2.05,2.2,7.31
PM,2026-04-22,Pre-Market (BMO),2026-04-21,151.99,2026-04-22,156.55,4.56,3.0,1.83,1.96,7.07
PM,2026-02-06,Pre-Market (BMO),2026-02-05,178.91,2026-02-06,176.77,-2.13,-1.19,1.7,1.7,
PM,2025-10-21,Pre-Market (BMO),2025-10-20,153.97,2025-10-21,150.67,-3.3,-2.14,2.1,2.24,6.88
PM,2025-07-22,Pre-Market (BMO),2025-07-21,174.17,2025-07-22,163.69,-10.48,-6.02,1.86,1.91,2.8
PM,2025-04-23,Pre-Market (BMO),2025-04-22,157.19,2025-04-23,161.82,4.63,2.94,1.61,1.69,4.79
PM,2025-02-06,Pre-Market (BMO),2025-02-05,124.36,2025-02-06,138.56,14.2,11.42,1.5,1.55,3.42
PM,2024-10-22,Pre-Market (BMO),2024-10-21,111.71,2024-10-22,115.8,4.09,3.67,1.82,1.91,4.9
PM,2024-07-23,Pre-Market (BMO),2024-07-22,99.57,2024-07-23,101.45,1.89,1.89,1.56,1.59,2.03
PM,2024-04-23,Pre-Market (BMO),2024-04-22,86.22,2024-04-23,86.53,0.3,0.35,1.41,1.5,6.47
PM,2024-02-08,Pre-Market (BMO),2024-02-07,82.67,2024-02-08,80.47,-2.21,-2.67,1.45,1.36,-6.28
PM,2023-10-19,Pre-Market (BMO),2023-10-18,83.12,2023-10-19,81.56,-1.56,-1.88,1.61,1.67,3.48
PNC,2026-07-15,Pre-Market (BMO),2026-07-14,249.89,2026-07-15,249.61,-0.28,-0.11,4.45,4.81,8.02
PNC,2026-04-15,Pre-Market (BMO),2026-04-14,219.45,2026-04-15,221.13,1.68,0.76,3.95,4.13,4.64
PNC,2026-01-16,Pre-Market (BMO),2026-01-15,210.1,2026-01-16,219.83,9.73,4.63,4.21,4.88,15.87
PNC,2025-10-15,Pre-Market (BMO),2025-10-14,185.37,2025-10-15,179.62,-5.75,-3.1,4.05,4.35,7.52
PNC,2025-07-16,Pre-Market (BMO),2025-07-15,186.02,2025-07-16,190.62,4.6,2.47,3.55,3.85,8.48
PNC,2025-04-15,Pre-Market (BMO),2025-04-14,147.54,2025-04-15,144.87,-2.67,-1.81,3.38,3.51,3.95
PNC,2025-01-16,Pre-Market (BMO),2025-01-15,190.4,2025-01-16,176.21,-14.19,-7.45,3.35,3.77,12.65
PNC,2024-10-15,Pre-Market (BMO),2024-10-14,176.14,2024-10-15,177.99,1.85,1.05,3.32,3.49,5.02
PNC,2024-07-16,Pre-Market (BMO),2024-07-15,157.92,2024-07-16,157.67,-0.25,-0.16,3.68,3.39,-8.0
PNC,2024-04-16,Pre-Market (BMO),2024-04-15,138.41,2024-04-16,136.21,-2.2,-1.59,2.99,3.1,3.75
PNC,2024-01-16,Pre-Market (BMO),2024-01-12,136.43,2024-01-16,135.33,-1.1,-0.81,2.04,1.85,-9.44
PNC,2023-10-13,Pre-Market (BMO),2023-10-12,108.57,2023-10-13,107.97,-0.6,-0.55,3.11,3.6,15.89
PNR,2026-04-28,Pre-Market (BMO),2026-04-27,91.87,2026-04-28,88.61,-3.26,-3.54,1.17,1.22,4.5
PNR,2026-02-03,Pre-Market (BMO),2026-02-02,104.73,2026-02-03,101.97,-2.76,-2.63,1.16,1.18,1.83
PNR,2025-10-21,Pre-Market (BMO),2025-10-20,107.98,2025-10-21,106.4,-1.58,-1.46,1.18,1.24,5.02
PNR,2025-07-22,Pre-Market (BMO),2025-07-21,103.59,2025-07-22,99.39,-4.2,-4.05,1.34,1.39,4.01
PNR,2025-04-22,Pre-Market (BMO),2025-04-21,77.82,2025-04-22,83.9,6.08,7.81,1.01,1.11,9.74
PNR,2025-02-04,Pre-Market (BMO),2025-02-03,100.84,2025-02-04,97.81,-3.03,-3.0,1.02,1.08,5.96
PNR,2024-10-22,Pre-Market (BMO),2024-10-21,96.41,2024-10-22,95.58,-0.83,-0.86,1.07,1.09,1.72
PNR,2024-07-23,Pre-Market (BMO),2024-07-22,78.22,2024-07-23,84.24,6.01,7.69,1.14,1.22,6.69
PNR,2024-04-23,Pre-Market (BMO),2024-04-22,77.23,2024-04-23,78.7,1.47,1.91,0.9,0.94,4.62
PNR,2024-01-30,Pre-Market (BMO),2024-01-29,71.23,2024-01-30,69.42,-1.81,-2.54,0.86,0.87,0.75
PNR,2023-10-24,Pre-Market (BMO),2023-10-23,60.38,2023-10-24,59.6,-0.78,-1.3,0.87,0.91,4.14
PNR,2023-07-27,Pre-Market (BMO),2023-07-26,64.62,2023-07-27,65.65,1.03,1.6,0.95,1.03,7.94
PNW,2026-05-04,Pre-Market (BMO),2026-05-01,102.63,2026-05-04,101.82,-0.81,-0.79,,0.27,15889.47
PNW,2026-02-25,Pre-Market (BMO),2026-02-24,99.17,2026-02-25,97.59,-1.58,-1.59,0.02,0.13,472.69
PNW,2025-11-03,Pre-Market (BMO),2025-10-31,86.0,2025-11-03,87.57,1.57,1.83,3.09,3.39,9.67
PNW,2025-08-06,Pre-Market (BMO),2025-08-05,89.71,2025-08-06,89.95,0.24,0.27,1.59,1.58,-0.42
PNW,2025-05-01,Pre-Market (BMO),2025-04-30,90.68,2025-05-01,88.61,-2.08,-2.29,0.02,-0.04,-339.95
PNW,2025-02-25,Pre-Market (BMO),2025-02-24,87.76,2025-02-25,88.84,1.09,1.24,-0.14,-0.06,58.07
PNW,2024-11-06,Pre-Market (BMO),2024-11-05,81.76,2024-11-06,82.86,1.09,1.34,3.52,3.37,-4.28
PNW,2024-08-01,Pre-Market (BMO),2024-07-31,79.04,2024-08-01,80.24,1.19,1.51,1.26,1.76,39.84
PNW,2024-05-02,Pre-Market (BMO),2024-05-01,69.21,2024-05-02,70.19,0.98,1.41,-0.01,0.15,2769.04
PNW,2024-02-27,Pre-Market (BMO),2024-02-26,63.22,2024-02-27,63.77,0.55,0.87,-0.13,,100.0
PNW,2023-11-02,Pre-Market (BMO),2023-11-01,68.11,2023-11-02,66.96,-1.14,-1.68,3.42,3.5,2.36
PNW,2023-08-03,Pre-Market (BMO),2023-08-02,73.54,2023-08-03,72.93,-0.61,-0.82,1.16,0.94,-18.99
PODD,2026-05-06,Pre-Market (BMO),2026-05-05,167.53,2026-05-06,167.04,-0.49,-0.29,1.19,1.42,19.26
PODD,2026-02-18,Pre-Market (BMO),2026-02-17,246.34,2026-02-18,266.0,19.66,7.98,1.46,1.55,5.97
PODD,2025-11-06,Pre-Market (BMO),2025-11-05,314.44,2025-11-06,323.49,9.05,2.88,1.15,1.24,8.07
PODD,2025-08-07,Pre-Market (BMO),2025-08-06,277.3,2025-08-07,317.0,39.7,14.32,0.92,1.17,26.81
PODD,2025-05-08,After-Hours (AMC),2025-05-08,257.0,2025-05-09,293.03,36.03,14.02,0.79,1.02,29.7
PODD,2025-02-20,After-Hours (AMC),2025-02-20,288.29,2025-02-21,276.35,-11.94,-4.14,1.02,1.15,12.63
PODD,2024-11-07,After-Hours (AMC),2024-11-07,244.98,2024-11-08,256.9,11.92,4.87,0.76,0.9,18.29
PODD,2024-08-08,After-Hours (AMC),2024-08-08,199.79,2024-08-09,174.21,-25.58,-12.8,0.56,0.55,-2.53
PODD,2024-05-09,After-Hours (AMC),2024-05-09,177.53,2024-05-10,181.87,4.34,2.44,0.39,0.73,85.1
PODD,2024-02-22,After-Hours (AMC),2024-02-22,197.14,2024-02-23,184.93,-12.21,-6.19,0.66,1.4,111.44
PODD,2023-11-02,After-Hours (AMC),2023-11-02,140.44,2023-11-03,156.0,15.56,11.08,0.41,0.71,73.76
PODD,2023-08-08,After-Hours (AMC),2023-08-08,238.34,2023-08-09,235.0,-3.34,-1.4,0.26,0.38,43.41
PPG,2026-04-28,After-Hours (AMC),2026-04-28,106.98,2026-04-29,106.57,-0.42,-0.39,1.77,1.83,3.65
PPG,2026-01-27,After-Hours (AMC),2026-01-27,108.94,2026-01-28,113.49,4.55,4.18,1.58,1.51,-4.37
PPG,2025-10-28,After-Hours (AMC),2025-10-28,103.26,2025-10-29,101.93,-1.33,-1.29,2.08,2.13,2.26
PPG,2025-07-29,After-Hours (AMC),2025-07-29,109.32,2025-07-30,107.15,-2.17,-1.99,2.22,2.22,-0.01
PPG,2025-04-29,After-Hours (AMC),2025-04-29,100.49,2025-04-30,106.58,6.09,6.06,1.62,1.72,6.05
PPG,2025-01-30,After-Hours (AMC),2025-01-30,118.14,2025-01-31,110.68,-7.46,-6.31,1.63,1.61,-1.48
PPG,2024-10-16,After-Hours (AMC),2024-10-16,124.78,2024-10-17,125.93,1.15,0.92,2.15,2.13,-0.86
PPG,2024-07-18,After-Hours (AMC),2024-07-18,125.36,2024-07-19,121.35,-4.01,-3.2,2.48,2.5,0.61
PPG,2024-04-18,After-Hours (AMC),2024-04-18,127.97,2024-04-19,125.98,-1.99,-1.55,1.86,1.86,-0.25
PPG,2024-01-18,After-Hours (AMC),2024-01-18,136.65,2024-01-19,137.51,0.86,0.63,1.5,1.53,2.21
PPG,2023-10-18,After-Hours (AMC),2023-10-18,119.86,2023-10-19,118.19,-1.67,-1.39,1.94,2.07,6.81
PPL,2026-05-08,Pre-Market (BMO),2026-05-07,36.48,2026-05-08,36.48,-0.0,-0.0,0.62,0.63,2.08
PPL,2026-02-20,Pre-Market (BMO),2026-02-19,36.4,2026-02-20,36.71,0.31,0.84,0.42,0.41,-1.25
PPL,2025-11-05,Pre-Market (BMO),2025-11-04,35.41,2025-11-05,35.91,0.51,1.43,0.46,0.48,5.33
PPL,2025-07-31,Pre-Market (BMO),2025-07-30,34.93,2025-07-31,34.4,-0.53,-1.53,0.39,0.32,-17.18
PPL,2025-04-30,Pre-Market (BMO),2025-04-29,34.99,2025-04-30,35.27,0.29,0.82,0.54,0.6,11.02
PPL,2025-02-13,Pre-Market (BMO),2025-02-12,32.92,2025-02-13,32.62,-0.31,-0.93,0.37,0.34,-8.9
PPL,2024-11-01,Pre-Market (BMO),2024-10-31,30.81,2024-11-01,30.05,-0.76,-2.46,0.42,0.42,-1.12
PPL,2024-08-02,Pre-Market (BMO),2024-08-01,28.45,2024-08-02,28.63,0.18,0.63,0.33,0.38,15.69
PPL,2024-05-01,Pre-Market (BMO),2024-04-30,25.54,2024-05-01,25.77,0.22,0.87,0.5,0.54,7.31
PPL,2024-02-16,Pre-Market (BMO),2024-02-15,24.38,2024-02-16,24.33,-0.05,-0.19,0.38,0.4,5.24
PPL,2023-11-02,Pre-Market (BMO),2023-11-01,22.55,2023-11-02,22.7,0.16,0.69,0.42,0.43,2.29
PPL,2023-08-04,Pre-Market (BMO),2023-08-03,24.07,2023-08-04,24.08,0.01,0.04,0.32,0.29,-8.81
PRU,2026-05-05,After-Hours (AMC),2026-05-05,98.92,2026-05-06,100.52,1.6,1.62,3.1,3.61,16.48
PRU,2026-02-03,After-Hours (AMC),2026-02-03,104.32,2026-02-04,102.31,-2.01,-1.93,3.36,3.3,-1.92
PRU,2025-10-29,After-Hours (AMC),2025-10-29,97.21,2025-10-30,99.34,2.13,2.19,3.73,4.01,7.65
PRU,2025-07-30,After-Hours (AMC),2025-07-30,96.54,2025-07-31,97.28,0.74,0.77,3.22,3.58,11.14
PRU,2025-04-30,After-Hours (AMC),2025-04-30,96.2,2025-05-01,95.87,-0.33,-0.34,3.18,3.29,3.43
PRU,2025-02-04,After-Hours (AMC),2025-02-04,109.14,2025-02-05,106.26,-2.88,-2.64,3.26,2.96,-9.21
PRU,2024-10-30,After-Hours (AMC),2024-10-30,115.99,2024-10-31,115.1,-0.89,-0.77,3.48,3.48,
PRU,2024-08-01,After-Hours (AMC),2024-08-01,110.93,2024-08-02,107.15,-3.78,-3.4,3.45,3.39,-1.66
PRU,2024-04-30,After-Hours (AMC),2024-04-30,98.98,2024-05-01,98.24,-0.74,-0.75,3.13,3.12,-0.36
PRU,2024-02-06,After-Hours (AMC),2024-02-06,91.53,2024-02-07,93.52,1.99,2.18,2.67,2.58,-3.2
PRU,2023-11-01,After-Hours (AMC),2023-11-01,79.79,2023-11-02,81.64,1.85,2.32,3.13,3.44,9.78
PRU,2023-08-01,After-Hours (AMC),2023-08-01,83.04,2023-08-02,82.13,-0.91,-1.1,3.01,2.94,-2.2
PSA,2026-04-27,After-Hours (AMC),2026-04-27,302.67,2026-04-28,307.55,4.88,1.61,2.42,2.47,2.19
PSA,2026-02-12,After-Hours (AMC),2026-02-12,286.76,2026-02-13,283.74,-3.02,-1.05,2.49,2.61,4.62
PSA,2025-10-29,After-Hours (AMC),2025-10-29,280.54,2025-10-30,284.82,4.29,1.53,2.54,2.62,3.14
PSA,2025-07-30,After-Hours (AMC),2025-07-30,277.15,2025-07-31,273.87,-3.28,-1.18,2.55,2.58,0.95
PSA,2025-04-30,After-Hours (AMC),2025-04-30,285.58,2025-05-01,284.46,-1.11,-0.39,2.39,2.42,1.25
PSA,2025-02-24,After-Hours (AMC),2025-02-24,285.5,2025-02-25,292.18,6.68,2.34,2.56,2.51,-2.08
PSA,2024-10-30,After-Hours (AMC),2024-10-30,313.11,2024-10-31,306.75,-6.37,-2.03,2.6,2.56,-1.62
PSA,2024-07-30,After-Hours (AMC),2024-07-30,281.41,2024-07-31,267.92,-13.49,-4.79,2.56,2.59,1.0
PSA,2024-04-30,After-Hours (AMC),2024-04-30,237.26,2024-05-01,234.39,-2.87,-1.21,2.45,2.39,-2.56
PSA,2024-02-20,After-Hours (AMC),2024-02-20,257.15,2024-02-21,265.2,8.06,3.13,2.7,2.53,-6.26
PSA,2023-10-30,After-Hours (AMC),2023-10-30,213.81,2023-10-31,219.0,5.19,2.43,2.78,3.2,14.94
PSA,2023-08-02,After-Hours (AMC),2023-08-02,246.86,2023-08-03,253.43,6.56,2.66,2.89,2.98,3.31
PSKY,2026-05-04,After-Hours (AMC),2026-05-04,11.08,2026-05-05,10.78,-0.3,-2.7,0.15,0.23,51.38
PSKY,2026-02-25,After-Hours (AMC),2026-02-25,10.06,2026-02-26,10.22,0.16,1.57,-0.01,-0.12,-732.18
PSKY,2025-11-10,After-Hours (AMC),2025-11-10,15.04,2025-11-11,15.99,0.95,6.3,0.41,-0.12,-129.59
PSKY,2025-05-08,After-Hours (AMC),2025-05-08,11.44,2025-05-09,11.58,0.14,1.2,,,
PSX,2026-04-29,Pre-Market (BMO),2026-04-28,163.94,2026-04-29,163.96,0.02,0.01,-0.39,0.49,225.68
PSX,2026-02-04,Pre-Market (BMO),2026-02-03,145.82,2026-02-04,147.7,1.88,1.29,2.15,2.47,14.7
PSX,2025-10-29,Pre-Market (BMO),2025-10-28,130.5,2025-10-29,129.41,-1.09,-0.84,2.16,2.52,16.81
PSX,2025-07-25,Pre-Market (BMO),2025-07-24,120.2,2025-07-25,121.64,1.44,1.2,1.71,2.38,38.89
PSX,2025-04-25,Pre-Market (BMO),2025-04-24,100.25,2025-04-25,98.9,-1.35,-1.35,-0.72,-0.9,-25.57
PSX,2025-01-31,Pre-Market (BMO),2025-01-30,114.69,2025-01-31,113.85,-0.84,-0.73,-0.22,-0.15,32.18
PSX,2024-10-29,Pre-Market (BMO),2024-10-28,121.25,2024-10-29,120.09,-1.17,-0.96,1.66,2.04,22.54
PSX,2024-07-30,Pre-Market (BMO),2024-07-29,131.0,2024-07-30,134.04,3.04,2.32,1.98,2.31,16.61
PSX,2024-04-26,Pre-Market (BMO),2024-04-25,145.54,2024-04-26,141.16,-4.39,-3.01,2.25,1.9,-15.73
PSX,2024-01-31,Pre-Market (BMO),2024-01-30,130.87,2024-01-31,132.78,1.91,1.46,2.38,3.09,29.58
PSX,2023-10-27,Pre-Market (BMO),2023-10-26,100.26,2023-10-27,101.21,0.95,0.94,4.73,4.63,-2.06
PSX,2023-08-02,Pre-Market (BMO),2023-08-01,101.14,2023-08-02,100.29,-0.86,-0.85,3.56,3.87,8.57
PTC,2026-05-06,After-Hours (AMC),2026-05-06,136.77,2026-05-07,153.98,17.21,12.58,2.1,2.69,27.86
PTC,2026-02-04,After-Hours (AMC),2026-02-04,151.34,2026-02-05,153.1,1.76,1.16,1.56,1.92,22.76
PTC,2025-11-05,After-Hours (AMC),2025-11-05,189.97,2025-11-06,184.83,-5.14,-2.71,2.27,3.47,52.71
PTC,2025-07-30,After-Hours (AMC),2025-07-30,202.51,2025-07-31,212.5,9.99,4.93,1.21,1.64,35.26
PTC,2025-04-30,After-Hours (AMC),2025-04-30,154.97,2025-05-01,160.21,5.24,3.38,1.4,1.79,27.58
PTC,2025-02-05,After-Hours (AMC),2025-02-05,189.76,2025-02-06,182.76,-7.0,-3.69,0.89,1.1,23.76
PTC,2024-11-06,After-Hours (AMC),2024-11-06,198.04,2024-11-07,193.85,-4.19,-2.12,1.46,1.54,5.7
PTC,2024-07-31,After-Hours (AMC),2024-07-31,177.85,2024-08-01,173.83,-4.02,-2.26,0.96,0.98,1.85
PTC,2024-05-01,After-Hours (AMC),2024-05-01,174.96,2024-05-02,166.61,-8.35,-4.77,1.22,1.46,19.4
PTC,2024-01-31,After-Hours (AMC),2024-01-31,180.65,2024-02-01,177.74,-2.91,-1.61,0.97,1.11,14.92
PTC,2023-11-01,After-Hours (AMC),2023-11-01,138.89,2023-11-02,137.22,-1.67,-1.2,1.14,1.2,5.46
PWR,2026-04-30,Pre-Market (BMO),2026-04-29,628.5,2026-04-30,699.5,71.0,11.3,2.03,2.68,31.8
PWR,2026-02-19,Pre-Market (BMO),2026-02-18,519.13,2026-02-19,544.68,25.55,4.92,3.02,3.16,4.69
PWR,2025-10-30,Pre-Market (BMO),2025-10-29,448.42,2025-10-30,440.14,-8.27,-1.85,3.26,3.33,2.18
PWR,2025-07-31,Pre-Market (BMO),2025-07-30,410.76,2025-07-31,405.74,-5.02,-1.22,2.45,2.48,1.13
PWR,2025-05-01,Pre-Market (BMO),2025-04-30,292.36,2025-05-01,319.85,27.49,9.4,1.66,1.78,6.92
PWR,2025-02-20,Pre-Market (BMO),2025-02-19,291.63,2025-02-20,307.12,15.49,5.31,2.62,2.94,12.05
PWR,2024-10-31,Pre-Market (BMO),2024-10-30,311.07,2024-10-31,298.6,-12.47,-4.01,2.69,2.72,1.01
PWR,2024-08-01,Pre-Market (BMO),2024-07-31,264.82,2024-08-01,260.46,-4.36,-1.65,1.9,1.9,0.09
PWR,2024-05-02,Pre-Market (BMO),2024-05-01,255.38,2024-05-02,244.4,-10.98,-4.3,1.29,1.41,9.56
PWR,2024-02-22,Pre-Market (BMO),2024-02-21,210.63,2024-02-22,221.58,10.95,5.2,1.98,2.04,2.79
PWR,2023-11-02,Pre-Market (BMO),2023-11-01,159.11,2023-11-02,169.45,10.35,6.5,2.11,2.24,6.17
PWR,2023-08-03,Pre-Market (BMO),2023-08-02,201.58,2023-08-03,199.54,-2.04,-1.01,1.64,1.65,0.61
PYPL,2026-05-05,Pre-Market (BMO),2026-05-04,50.22,2026-05-05,45.22,-5.0,-9.96,1.27,1.34,5.59
PYPL,2026-02-03,Pre-Market (BMO),2026-02-02,52.0,2026-02-03,42.62,-9.39,-18.05,1.29,1.23,-4.4
PYPL,2025-10-28,Pre-Market (BMO),2025-10-27,69.65,2025-10-28,75.56,5.91,8.48,1.21,1.34,11.14
PYPL,2025-07-29,Pre-Market (BMO),2025-07-28,77.55,2025-07-29,71.11,-6.43,-8.3,1.3,1.4,8.0
PYPL,2025-04-29,Pre-Market (BMO),2025-04-28,64.37,2025-04-29,65.8,1.43,2.22,1.16,1.33,14.53
PYPL,2025-02-04,Pre-Market (BMO),2025-02-03,88.74,2025-02-04,81.55,-7.19,-8.1,1.12,1.19,5.96
PYPL,2024-10-29,Pre-Market (BMO),2024-10-28,82.87,2024-10-29,77.37,-5.5,-6.64,1.07,1.2,12.16
PYPL,2024-07-30,Pre-Market (BMO),2024-07-29,58.43,2024-07-30,62.24,3.8,6.51,0.99,1.19,20.63
PYPL,2024-04-30,Pre-Market (BMO),2024-04-29,66.41,2024-04-30,69.4,2.98,4.49,1.22,1.08,-11.42
PYPL,2024-02-07,After-Hours (AMC),2024-02-07,62.7,2024-02-08,57.48,-5.21,-8.32,1.36,1.48,8.65
PYPL,2023-11-01,After-Hours (AMC),2023-11-01,51.22,2023-11-02,54.58,3.36,6.56,1.23,1.3,5.78
PYPL,2023-08-02,After-Hours (AMC),2023-08-02,72.57,2023-08-03,66.13,-6.44,-8.88,1.16,1.16,-0.29
Q,2026-05-12,Pre-Market (BMO),2026-05-11,153.16,2026-05-12,160.97,7.81,5.1,0.92,1.08,17.39
Q,2026-02-26,Pre-Market (BMO),2026-02-25,119.72,2026-02-26,139.78,20.06,16.75,0.64,0.82,28.63
Q,2025-11-18,After-Hours (AMC),2025-11-18,78.83,2025-11-19,78.98,0.15,0.19,0.66,0.95,44.05
QCOM,2026-04-29,After-Hours (AMC),2026-04-29,155.43,2026-04-30,171.42,15.99,10.29,2.56,2.65,3.34
QCOM,2026-02-04,After-Hours (AMC),2026-02-04,147.4,2026-02-05,131.59,-15.81,-10.73,3.4,3.5,2.87
QCOM,2025-11-05,After-Hours (AMC),2025-11-05,177.01,2025-11-06,175.12,-1.89,-1.07,2.88,3.0,4.32
QCOM,2025-07-30,After-Hours (AMC),2025-07-30,155.78,2025-07-31,149.95,-5.83,-3.74,2.71,2.77,2.05
QCOM,2025-04-30,After-Hours (AMC),2025-04-30,144.53,2025-05-01,135.11,-9.41,-6.51,2.82,2.85,1.19
QCOM,2025-02-05,After-Hours (AMC),2025-02-05,170.28,2025-02-06,162.52,-7.77,-4.56,2.99,3.41,14.2
QCOM,2024-11-06,After-Hours (AMC),2024-11-06,166.63,2024-11-07,173.65,7.01,4.21,2.57,2.69,4.74
QCOM,2024-07-31,After-Hours (AMC),2024-07-31,173.4,2024-08-01,164.6,-8.81,-5.08,2.26,2.33,3.32
QCOM,2024-05-01,After-Hours (AMC),2024-05-01,156.62,2024-05-02,167.47,10.84,6.92,2.32,2.44,5.31
QCOM,2024-01-31,After-Hours (AMC),2024-01-31,141.02,2024-02-01,133.76,-7.25,-5.14,2.37,2.75,16.1
QCOM,2023-11-01,After-Hours (AMC),2023-11-01,104.63,2023-11-02,111.31,6.68,6.38,1.91,2.02,5.93
QCOM,2023-08-02,After-Hours (AMC),2023-08-02,121.12,2023-08-03,109.59,-11.52,-9.51,1.81,1.87,3.35
RCL,2026-04-30,Pre-Market (BMO),2026-04-29,252.7,2026-04-30,266.63,13.93,5.51,3.2,3.6,12.59
RCL,2026-01-29,Pre-Market (BMO),2026-01-28,288.56,2026-01-29,312.85,24.29,8.42,2.8,2.8,0.13
RCL,2025-10-28,Pre-Market (BMO),2025-10-27,315.84,2025-10-28,291.56,-24.28,-7.69,5.68,5.75,1.24
RCL,2025-07-29,Pre-Market (BMO),2025-07-28,346.08,2025-07-29,319.88,-26.2,-7.57,4.08,4.38,7.33
RCL,2025-04-29,Pre-Market (BMO),2025-04-28,212.08,2025-04-29,217.37,5.29,2.5,2.53,2.71,7.02
RCL,2025-01-28,Pre-Market (BMO),2025-01-27,231.38,2025-01-28,241.08,9.7,4.19,1.5,1.63,9.0
RCL,2024-10-29,Pre-Market (BMO),2024-10-28,198.38,2024-10-29,192.86,-5.52,-2.78,5.03,5.2,3.3
RCL,2024-07-25,Pre-Market (BMO),2024-07-24,159.98,2024-07-25,159.0,-0.98,-0.61,2.75,3.21,16.6
RCL,2024-04-25,Pre-Market (BMO),2024-04-24,132.97,2024-04-25,135.42,2.45,1.84,1.31,1.77,35.18
RCL,2024-02-01,Pre-Market (BMO),2024-01-31,123.99,2024-02-01,126.67,2.67,2.16,1.13,1.25,10.79
RCL,2023-10-26,Pre-Market (BMO),2023-10-25,79.96,2023-10-26,81.58,1.62,2.03,3.39,3.85,13.44
RCL,2023-07-27,Pre-Market (BMO),2023-07-26,98.1,2023-07-27,106.0,7.9,8.05,1.58,1.82,14.85
REG,2026-04-29,After-Hours (AMC),2026-04-29,78.64,2026-04-30,77.36,-1.28,-1.63,0.62,0.68,9.38
REG,2026-02-05,After-Hours (AMC),2026-02-05,74.05,2026-02-06,74.69,0.64,0.86,0.58,1.09,89.07
REG,2025-10-28,After-Hours (AMC),2025-10-28,69.4,2025-10-29,68.42,-0.98,-1.41,0.55,0.58,4.6
REG,2025-07-29,After-Hours (AMC),2025-07-29,68.94,2025-07-30,70.32,1.38,2.01,0.54,0.56,4.35
REG,2025-04-29,After-Hours (AMC),2025-04-29,68.35,2025-04-30,68.68,0.32,0.47,0.56,0.58,3.98
REG,2025-02-06,After-Hours (AMC),2025-02-06,68.74,2025-02-07,68.82,0.08,0.12,0.47,0.46,-3.06
REG,2024-10-28,After-Hours (AMC),2024-10-28,66.97,2024-10-29,68.1,1.13,1.69,0.47,0.54,15.81
REG,2024-08-01,After-Hours (AMC),2024-08-01,63.42,2024-08-02,64.75,1.33,2.1,0.46,0.54,16.38
REG,2024-05-02,After-Hours (AMC),2024-05-02,54.91,2024-05-03,55.5,0.59,1.08,0.49,0.57,17.13
REG,2024-02-08,After-Hours (AMC),2024-02-08,56.23,2024-02-09,54.38,-1.85,-3.28,0.51,0.47,-8.6
REG,2023-11-02,After-Hours (AMC),2023-11-02,55.65,2023-11-03,56.18,0.53,0.95,0.49,0.5,2.04
REG,2023-08-03,After-Hours (AMC),2023-08-03,58.49,2023-08-04,58.33,-0.15,-0.26,0.51,0.51,0.66
RF,2026-07-17,Pre-Market (BMO),2026-07-16,32.4,2026-07-17,31.92,-0.48,-1.48,0.63,0.68,7.91
RF,2026-04-17,Pre-Market (BMO),2026-04-16,27.66,2026-04-17,28.19,0.53,1.93,0.59,0.62,4.36
RF,2026-01-16,Pre-Market (BMO),2026-01-15,27.98,2026-01-16,27.13,-0.85,-3.05,0.61,0.57,-6.81
RF,2025-10-17,Pre-Market (BMO),2025-10-16,22.67,2025-10-17,22.96,0.29,1.28,0.6,0.63,5.78
RF,2025-07-18,Pre-Market (BMO),2025-07-17,23.57,2025-07-18,24.52,0.95,4.04,0.56,0.6,7.46
RF,2025-04-17,Pre-Market (BMO),2025-04-16,18.22,2025-04-17,19.28,1.06,5.84,0.51,0.54,6.16
RF,2025-01-17,Pre-Market (BMO),2025-01-16,23.06,2025-01-17,23.62,0.56,2.45,0.55,0.59,6.34
RF,2024-10-18,Pre-Market (BMO),2024-10-17,22.34,2024-10-18,22.66,0.32,1.42,0.53,0.57,6.75
RF,2024-07-19,Pre-Market (BMO),2024-07-18,20.36,2024-07-19,20.14,-0.22,-1.09,0.49,0.54,10.59
RF,2024-04-19,Pre-Market (BMO),2024-04-18,17.3,2024-04-19,17.25,-0.05,-0.26,0.46,0.44,-3.48
RF,2024-01-19,Pre-Market (BMO),2024-01-18,16.13,2024-01-19,16.13,0.0,0.0,0.48,0.52,7.87
RF,2023-10-20,Pre-Market (BMO),2023-10-19,14.6,2023-10-20,12.82,-1.78,-12.2,0.58,0.5,-14.13
RJF,2026-07-22,After-Hours (AMC),2026-07-22,168.01,2026-07-23,169.35,1.34,0.8,2.91,3.14,7.84
RJF,2026-04-22,After-Hours (AMC),2026-04-22,153.97,2026-04-23,151.72,-2.25,-1.46,2.71,2.72,0.54
RJF,2026-01-28,After-Hours (AMC),2026-01-28,167.09,2026-01-29,166.78,-0.31,-0.18,2.83,2.86,0.9
RJF,2025-10-22,After-Hours (AMC),2025-10-22,164.28,2025-10-23,170.65,6.37,3.88,2.83,3.11,9.97
RJF,2025-07-23,After-Hours (AMC),2025-07-23,158.7,2025-07-24,161.3,2.59,1.63,2.36,2.18,-7.54
RJF,2025-04-23,After-Hours (AMC),2025-04-23,133.07,2025-04-24,131.51,-1.56,-1.17,2.44,2.42,-0.71
RJF,2025-01-29,After-Hours (AMC),2025-01-29,168.54,2025-01-30,166.69,-1.85,-1.1,2.69,2.93,8.8
RJF,2024-10-23,After-Hours (AMC),2024-10-23,134.15,2024-10-24,141.38,7.23,5.39,2.41,2.95,22.19
RJF,2024-07-24,After-Hours (AMC),2024-07-24,109.19,2024-07-25,109.95,0.76,0.7,2.33,2.39,2.49
RJF,2024-04-24,After-Hours (AMC),2024-04-24,123.65,2024-04-25,119.25,-4.4,-3.56,2.31,2.31,-0.02
RJF,2024-01-24,After-Hours (AMC),2024-01-24,108.71,2024-01-25,112.04,3.33,3.07,2.26,2.4,6.34
RJF,2023-10-25,After-Hours (AMC),2023-10-25,88.36,2023-10-26,91.82,3.46,3.92,2.28,2.13,-6.51
RMD,2026-04-30,After-Hours (AMC),2026-04-30,213.18,2026-05-01,205.39,-7.79,-3.65,2.8,2.86,2.15
RMD,2026-01-29,After-Hours (AMC),2026-01-29,256.25,2026-01-30,249.71,-6.55,-2.55,2.72,2.81,3.15
RMD,2025-10-30,After-Hours (AMC),2025-10-30,250.34,2025-10-31,252.57,2.23,0.89,2.5,2.55,2.05
RMD,2025-07-31,After-Hours (AMC),2025-07-31,269.3,2025-08-01,279.17,9.86,3.66,2.48,2.55,2.77
RMD,2025-04-23,After-Hours (AMC),2025-04-23,211.9,2025-04-24,230.43,18.53,8.74,2.36,2.37,0.41
RMD,2025-01-30,After-Hours (AMC),2025-01-30,254.03,2025-01-31,254.37,0.35,0.14,2.31,2.43,4.98
RMD,2024-10-24,After-Hours (AMC),2024-10-24,235.18,2024-10-25,255.79,20.61,8.76,2.04,2.2,7.69
RMD,2024-08-01,After-Hours (AMC),2024-08-01,210.58,2024-08-02,206.11,-4.48,-2.13,2.07,2.08,0.52
RMD,2024-04-25,After-Hours (AMC),2024-04-25,179.62,2024-04-26,198.82,19.19,10.69,1.91,2.13,11.68
RMD,2024-01-24,After-Hours (AMC),2024-01-24,167.8,2024-01-25,185.17,17.37,10.35,1.78,1.88,5.45
RMD,2023-10-26,After-Hours (AMC),2023-10-26,135.08,2023-10-27,141.01,5.93,4.39,1.61,1.64,1.68
RMD,2023-08-03,After-Hours (AMC),2023-08-03,213.61,2023-08-04,192.78,-20.83,-9.75,1.69,1.6,-5.38
ROL,2026-07-22,After-Hours (AMC),2026-07-22,43.47,2026-07-23,37.33,-6.14,-14.12,0.34,0.32,-5.82
ROL,2026-04-22,After-Hours (AMC),2026-04-22,55.13,2026-04-23,54.71,-0.42,-0.76,0.24,0.24,1.32
ROL,2026-02-11,After-Hours (AMC),2026-02-11,65.18,2026-02-12,55.29,-9.89,-15.17,0.27,0.25,-6.64
ROL,2025-10-29,After-Hours (AMC),2025-10-29,53.36,2025-10-30,54.65,1.3,2.43,0.33,0.35,6.35
ROL,2025-07-23,After-Hours (AMC),2025-07-23,54.48,2025-07-24,55.54,1.06,1.94,0.3,0.3,-0.7
ROL,2025-04-23,After-Hours (AMC),2025-04-23,54.1,2025-04-24,53.12,-0.97,-1.8,0.22,0.22,1.29
ROL,2025-02-12,After-Hours (AMC),2025-02-12,49.18,2025-02-13,49.64,0.46,0.94,0.23,0.23,-0.79
ROL,2024-10-23,After-Hours (AMC),2024-10-23,48.68,2024-10-24,46.59,-2.09,-4.3,0.3,0.29,-3.78
ROL,2024-07-24,After-Hours (AMC),2024-07-24,48.72,2024-07-25,48.18,-0.55,-1.12,0.27,0.27,1.73
ROL,2024-04-24,After-Hours (AMC),2024-04-24,41.68,2024-04-25,42.39,0.71,1.7,0.2,0.2,0.35
ROL,2024-02-14,After-Hours (AMC),2024-02-14,42.87,2024-02-15,40.78,-2.08,-4.86,0.21,0.21,-1.17
ROL,2023-10-25,After-Hours (AMC),2023-10-25,33.13,2023-10-26,35.49,2.36,7.14,0.25,0.28,12.6
ROP,2026-07-23,Pre-Market (BMO),2026-07-22,336.71,2026-07-23,365.74,29.03,8.62,5.29,5.38,1.78
ROP,2026-04-23,Pre-Market (BMO),2026-04-22,363.82,2026-04-23,378.47,14.65,4.03,4.99,5.16,3.49
ROP,2026-01-27,Pre-Market (BMO),2026-01-26,406.61,2026-01-27,366.64,-39.97,-9.83,5.14,5.21,1.38
ROP,2025-10-23,Pre-Market (BMO),2025-10-22,505.35,2025-10-23,463.76,-41.59,-8.23,5.11,5.14,0.58
ROP,2025-07-21,Pre-Market (BMO),2025-07-18,540.04,2025-07-21,544.83,4.79,0.89,4.83,4.87,0.75
ROP,2025-04-28,Pre-Market (BMO),2025-04-25,552.03,2025-04-28,532.48,-19.55,-3.54,4.74,4.78,0.76
ROP,2025-01-30,Pre-Market (BMO),2025-01-29,536.74,2025-01-30,559.44,22.7,4.23,4.73,4.81,1.73
ROP,2024-10-23,Pre-Market (BMO),2024-10-22,544.83,2024-10-23,542.76,-2.07,-0.38,4.53,4.62,1.94
ROP,2024-07-24,Pre-Market (BMO),2024-07-23,565.92,2024-07-24,538.06,-27.86,-4.92,4.47,4.48,0.31
ROP,2024-04-26,Pre-Market (BMO),2024-04-25,531.85,2024-04-26,521.97,-9.87,-1.86,4.34,4.41,1.63
ROP,2024-01-31,Pre-Market (BMO),2024-01-30,551.91,2024-01-31,518.41,-33.5,-6.07,4.33,4.37,0.86
ROP,2023-10-25,Pre-Market (BMO),2023-10-24,473.57,2023-10-25,475.75,2.18,0.46,4.22,4.32,2.33
ROST,2026-05-21,After-Hours (AMC),2026-05-21,216.77,2026-05-22,228.51,11.75,5.42,1.73,2.02,16.67
ROST,2026-03-03,After-Hours (AMC),2026-03-03,196.83,2026-03-04,213.88,17.04,8.66,1.9,2.0,5.13
ROST,2025-11-20,After-Hours (AMC),2025-11-20,159.48,2025-11-21,165.67,6.19,3.88,1.42,1.58,11.4
ROST,2025-08-21,After-Hours (AMC),2025-08-21,144.31,2025-08-22,148.88,4.57,3.17,1.54,1.56,1.41
ROST,2025-05-22,After-Hours (AMC),2025-05-22,150.45,2025-05-23,133.01,-17.44,-11.59,1.43,1.47,2.55
ROST,2025-03-04,After-Hours (AMC),2025-03-04,133.93,2025-03-05,127.46,-6.47,-4.83,1.66,1.65,-0.39
ROST,2024-11-21,After-Hours (AMC),2024-11-21,140.48,2024-11-22,150.63,10.15,7.23,1.4,1.48,5.57
ROST,2024-08-22,After-Hours (AMC),2024-08-22,149.51,2024-08-23,160.33,10.82,7.24,1.49,1.59,6.81
ROST,2024-05-23,After-Hours (AMC),2024-05-23,128.93,2024-05-24,138.71,9.78,7.58,1.35,1.46,8.47
ROST,2024-03-05,After-Hours (AMC),2024-03-05,145.49,2024-03-06,140.74,-4.75,-3.26,1.65,1.82,10.12
ROST,2023-11-16,After-Hours (AMC),2023-11-16,116.89,2023-11-17,123.67,6.78,5.8,1.22,1.33,8.87
ROST,2023-08-17,After-Hours (AMC),2023-08-17,109.69,2023-08-18,113.03,3.34,3.04,1.16,1.32,13.46
RSG,2026-05-07,After-Hours (AMC),2026-05-07,200.96,2026-05-08,203.76,2.79,1.39,1.64,1.7,3.77
RSG,2026-02-17,After-Hours (AMC),2026-02-17,219.92,2026-02-18,218.04,-1.88,-0.85,1.63,1.76,7.94
RSG,2025-10-30,After-Hours (AMC),2025-10-30,208.1,2025-10-31,207.57,-0.54,-0.26,1.78,1.9,6.49
RSG,2025-07-29,After-Hours (AMC),2025-07-29,243.21,2025-07-30,236.12,-7.09,-2.91,1.76,1.77,0.81
RSG,2025-04-24,After-Hours (AMC),2025-04-24,237.45,2025-04-25,240.24,2.79,1.18,1.53,1.58,3.07
RSG,2025-02-13,After-Hours (AMC),2025-02-13,220.88,2025-02-14,224.85,3.98,1.8,1.39,1.58,13.64
RSG,2024-10-29,After-Hours (AMC),2024-10-29,200.44,2024-10-30,200.14,-0.3,-0.15,1.61,1.81,12.27
RSG,2024-07-24,After-Hours (AMC),2024-07-24,195.33,2024-07-25,197.53,2.2,1.13,1.53,1.61,5.52
RSG,2024-04-30,After-Hours (AMC),2024-04-30,187.01,2024-05-01,183.16,-3.85,-2.06,1.35,1.45,7.55
RSG,2024-02-27,After-Hours (AMC),2024-02-27,179.5,2024-02-28,187.33,7.83,4.36,1.29,1.41,9.13
RSG,2023-10-26,After-Hours (AMC),2023-10-26,141.59,2023-10-27,143.58,1.99,1.4,1.43,1.54,7.63
RSG,2023-07-31,After-Hours (AMC),2023-07-31,145.98,2023-08-01,148.24,2.26,1.55,1.32,1.41,6.93
RTX,2026-07-23,Pre-Market (BMO),2026-07-22,194.88,2026-07-23,205.0,10.12,5.19,1.66,1.89,13.71
RTX,2026-04-21,Pre-Market (BMO),2026-04-20,194.98,2026-04-21,193.8,-1.18,-0.6,1.52,1.78,16.95
RTX,2026-01-27,Pre-Market (BMO),2026-01-26,192.68,2026-01-27,198.02,5.34,2.77,1.47,1.55,5.34
RTX,2025-10-21,Pre-Market (BMO),2025-10-20,158.89,2025-10-21,169.86,10.97,6.91,1.41,1.7,20.64
RTX,2025-07-22,Pre-Market (BMO),2025-07-21,149.18,2025-07-22,143.2,-5.98,-4.01,1.43,1.56,9.47
RTX,2025-04-22,Pre-Market (BMO),2025-04-21,123.51,2025-04-22,112.16,-11.35,-9.19,1.37,1.47,7.52
RTX,2025-01-28,Pre-Market (BMO),2025-01-27,121.85,2025-01-28,127.82,5.97,4.9,1.38,1.54,11.8
RTX,2024-10-22,Pre-Market (BMO),2024-10-21,122.03,2024-10-22,124.05,2.03,1.66,1.34,1.45,8.31
RTX,2024-07-25,Pre-Market (BMO),2024-07-24,101.06,2024-07-25,106.27,5.21,5.15,1.3,1.41,8.61
RTX,2024-04-23,Pre-Market (BMO),2024-04-22,97.33,2024-04-23,96.79,-0.54,-0.55,1.23,1.34,8.6
RTX,2024-01-23,Pre-Market (BMO),2024-01-22,80.94,2024-01-23,84.0,3.06,3.78,1.25,1.29,3.46
RTX,2023-10-24,Pre-Market (BMO),2023-10-23,69.11,2023-10-24,74.42,5.31,7.68,1.22,1.25,2.64
RVTY,2026-05-05,Pre-Market (BMO),2026-05-04,86.46,2026-05-05,89.1,2.65,3.06,1.01,1.06,4.47
RVTY,2026-02-02,Pre-Market (BMO),2026-01-30,108.65,2026-02-02,104.35,-4.29,-3.95,1.58,1.7,7.8
RVTY,2025-10-27,Pre-Market (BMO),2025-10-24,98.69,2025-10-27,94.67,-4.02,-4.08,1.14,1.18,3.63
RVTY,2025-07-28,Pre-Market (BMO),2025-07-25,103.38,2025-07-28,93.67,-9.71,-9.4,1.14,1.18,3.36
RVTY,2025-04-28,Pre-Market (BMO),2025-04-25,93.96,2025-04-28,100.88,6.92,7.36,0.95,1.01,6.39
RVTY,2025-01-31,Pre-Market (BMO),2025-01-30,126.3,2025-01-31,124.94,-1.36,-1.08,1.38,1.42,3.1
RVTY,2024-11-04,Pre-Market (BMO),2024-11-01,120.46,2024-11-04,121.95,1.49,1.24,1.13,1.28,13.6
RVTY,2024-07-29,Pre-Market (BMO),2024-07-26,114.53,2024-07-29,120.78,6.26,5.46,1.12,1.22,9.15
RVTY,2024-04-29,Pre-Market (BMO),2024-04-26,100.9,2024-04-29,102.81,1.91,1.89,0.94,0.98,4.72
RVTY,2024-02-01,Pre-Market (BMO),2024-01-31,106.46,2024-02-01,107.77,1.31,1.23,1.16,1.25,7.47
RVTY,2023-10-30,Pre-Market (BMO),2023-10-27,97.15,2023-10-30,80.41,-16.74,-17.23,1.19,1.18,-1.11
RVTY,2023-08-01,Pre-Market (BMO),2023-07-31,121.96,2023-08-01,123.78,1.83,1.5,1.19,1.21,2.0
SBUX,2026-04-28,After-Hours (AMC),2026-04-28,96.71,2026-04-29,101.41,4.69,4.85,0.44,0.5,14.51
SBUX,2026-01-28,Pre-Market (BMO),2026-01-27,94.55,2026-01-28,101.05,6.5,6.87,0.59,0.56,-4.59
SBUX,2025-10-29,After-Hours (AMC),2025-10-29,82.55,2025-10-30,80.64,-1.9,-2.3,0.56,0.52,-6.51
SBUX,2025-07-29,After-Hours (AMC),2025-07-29,90.57,2025-07-30,95.31,4.74,5.24,0.65,0.5,-22.49
SBUX,2025-04-29,After-Hours (AMC),2025-04-29,82.09,2025-04-30,73.89,-8.2,-9.99,0.48,0.41,-15.23
SBUX,2025-01-28,After-Hours (AMC),2025-01-28,96.62,2025-01-29,98.82,2.2,2.28,0.67,0.69,3.46
SBUX,2024-10-30,After-Hours (AMC),2024-10-30,93.07,2024-10-31,93.07,0.0,0.0,0.89,0.8,-10.61
SBUX,2024-07-30,After-Hours (AMC),2024-07-30,72.19,2024-07-31,75.62,3.43,4.75,0.93,0.93,-0.12
SBUX,2024-04-30,After-Hours (AMC),2024-04-30,83.48,2024-05-01,71.53,-11.95,-14.32,0.8,0.68,-15.19
SBUX,2024-01-30,After-Hours (AMC),2024-01-30,88.23,2024-01-31,92.17,3.94,4.46,0.94,0.9,-4.1
SBUX,2023-11-02,Pre-Market (BMO),2023-11-01,85.2,2023-11-02,94.19,8.99,10.55,0.97,1.06,9.06
SBUX,2023-08-01,After-Hours (AMC),2023-08-01,93.94,2023-08-02,93.24,-0.71,-0.75,0.95,1.0,5.09
SCHW,2026-07-21,Pre-Market (BMO),2026-07-20,102.54,2026-07-21,104.18,1.64,1.6,1.55,1.62,4.55
SCHW,2026-04-16,Pre-Market (BMO),2026-04-15,99.91,2026-04-16,95.42,-4.49,-4.5,1.4,1.43,2.48
SCHW,2026-01-21,Pre-Market (BMO),2026-01-20,100.29,2026-01-21,100.63,0.34,0.34,1.39,1.39,-0.27
SCHW,2025-10-16,Pre-Market (BMO),2025-10-15,93.41,2025-10-16,93.85,0.44,0.47,1.25,1.31,5.21
SCHW,2025-07-18,Pre-Market (BMO),2025-07-17,91.93,2025-07-18,94.5,2.57,2.79,1.1,1.14,3.81
SCHW,2025-04-17,Pre-Market (BMO),2025-04-16,74.51,2025-04-17,76.45,1.94,2.6,1.01,1.04,3.17
SCHW,2025-01-21,After-Hours (AMC),2025-01-21,79.4,2025-01-22,79.54,0.15,0.19,0.91,1.01,10.46
SCHW,2024-10-15,Pre-Market (BMO),2024-10-14,66.31,2024-10-15,70.98,4.67,7.05,0.75,0.77,2.61
SCHW,2024-07-16,Pre-Market (BMO),2024-07-15,73.1,2024-07-16,68.37,-4.73,-6.47,0.72,0.73,1.14
SCHW,2024-04-15,Pre-Market (BMO),2024-04-12,67.97,2024-04-15,68.43,0.46,0.67,0.73,0.74,0.73
SCHW,2024-01-17,Pre-Market (BMO),2024-01-16,62.17,2024-01-17,58.9,-3.27,-5.26,0.64,0.68,6.37
SCHW,2023-10-16,Pre-Market (BMO),2023-10-13,49.4,2023-10-16,48.7,-0.69,-1.4,0.74,0.77,3.86
SHW,2026-04-28,Pre-Market (BMO),2026-04-27,335.23,2026-04-28,341.15,5.91,1.76,2.27,2.35,3.56
SHW,2026-01-29,Pre-Market (BMO),2026-01-28,347.93,2026-01-29,347.83,-0.1,-0.03,2.16,2.23,3.12
SHW,2025-10-28,Pre-Market (BMO),2025-10-27,333.69,2025-10-28,353.9,20.21,6.06,3.44,3.59,4.38
SHW,2025-07-22,Pre-Market (BMO),2025-07-21,338.14,2025-07-22,328.36,-9.78,-2.89,3.81,3.38,-11.19
SHW,2025-04-29,Pre-Market (BMO),2025-04-28,328.41,2025-04-29,341.36,12.95,3.94,2.16,2.25,4.13
SHW,2025-01-30,Pre-Market (BMO),2025-01-29,355.52,2025-01-30,357.41,1.89,0.53,2.06,2.09,1.62
SHW,2024-10-22,Pre-Market (BMO),2024-10-21,375.88,2024-10-22,373.06,-2.82,-0.75,3.54,3.37,-4.84
SHW,2024-07-23,Pre-Market (BMO),2024-07-22,316.75,2024-07-23,333.11,16.36,5.17,3.49,3.7,6.11
SHW,2024-04-23,Pre-Market (BMO),2024-04-22,303.2,2024-04-23,292.0,-11.21,-3.7,2.22,2.17,-2.18
SHW,2024-01-25,Pre-Market (BMO),2024-01-24,294.51,2024-01-25,288.58,-5.93,-2.01,1.8,1.81,0.59
SHW,2023-10-24,Pre-Market (BMO),2023-10-23,232.91,2023-10-24,239.12,6.21,2.67,2.78,3.2,15.05
SJM,2026-06-09,Pre-Market (BMO),2026-06-08,101.77,2026-06-09,106.96,5.19,5.1,2.64,2.77,5.01
SJM,2026-02-26,Pre-Market (BMO),2026-02-25,105.43,2026-02-26,116.4,10.97,10.4,2.26,2.38,5.18
SJM,2025-11-25,Pre-Market (BMO),2025-11-24,102.1,2025-11-25,98.29,-3.81,-3.73,2.1,2.1,-0.03
SJM,2025-08-27,Pre-Market (BMO),2025-08-26,107.2,2025-08-27,97.19,-10.01,-9.34,1.93,1.9,-1.36
SJM,2025-06-10,Pre-Market (BMO),2025-06-09,107.36,2025-06-10,100.79,-6.58,-6.12,2.25,2.31,2.8
SJM,2025-02-27,Pre-Market (BMO),2025-02-26,103.78,2025-02-27,99.41,-4.36,-4.2,2.37,2.61,10.34
SJM,2024-11-26,Pre-Market (BMO),2024-11-25,106.91,2024-11-26,112.91,6.0,5.62,2.51,2.76,10.17
SJM,2024-08-28,Pre-Market (BMO),2024-08-27,112.46,2024-08-28,105.22,-7.24,-6.44,2.17,2.44,12.24
SJM,2024-06-06,Pre-Market (BMO),2024-06-05,101.87,2024-06-06,105.6,3.73,3.66,2.33,2.66,13.97
SJM,2024-02-27,Pre-Market (BMO),2024-02-26,114.57,2024-02-27,113.99,-0.59,-0.51,2.27,2.48,9.19
SJM,2023-12-05,Pre-Market (BMO),2023-12-04,101.98,2023-12-05,105.07,3.09,3.03,2.47,2.59,4.81
SJM,2023-08-29,Pre-Market (BMO),2023-08-28,128.38,2023-08-29,131.03,2.65,2.06,2.04,2.21,8.17
SLB,2026-07-24,Pre-Market (BMO),2026-07-23,47.22,2026-07-24,50.07,2.85,6.04,0.52,0.55,6.11
SLB,2026-04-24,Pre-Market (BMO),2026-04-23,54.45,2026-04-24,54.05,-0.41,-0.75,0.51,0.52,1.13
SLB,2026-01-23,Pre-Market (BMO),2026-01-22,48.78,2026-01-23,49.45,0.67,1.38,0.74,0.78,4.96
SLB,2025-10-17,Pre-Market (BMO),2025-10-16,32.3,2025-10-17,32.09,-0.22,-0.67,0.66,0.69,3.95
SLB,2025-07-18,Pre-Market (BMO),2025-07-17,33.75,2025-07-18,33.39,-0.36,-1.07,0.73,0.74,1.68
SLB,2025-04-25,Pre-Market (BMO),2025-04-24,33.72,2025-04-25,33.1,-0.62,-1.83,0.73,0.72,-1.34
SLB,2025-01-17,Pre-Market (BMO),2025-01-16,39.39,2025-01-17,40.41,1.02,2.58,0.9,0.92,2.01
SLB,2024-10-18,Pre-Market (BMO),2024-10-17,41.9,2024-10-18,41.9,-0.0,-0.0,0.88,0.89,0.63
SLB,2024-07-19,Pre-Market (BMO),2024-07-18,46.11,2024-07-19,46.83,0.72,1.56,0.83,0.85,2.55
SLB,2024-04-19,Pre-Market (BMO),2024-04-18,47.9,2024-04-19,46.7,-1.2,-2.51,0.75,0.75,0.14
SLB,2024-01-19,Pre-Market (BMO),2024-01-18,45.41,2024-01-19,46.32,0.92,2.02,0.83,0.86,3.23
SLB,2023-10-20,Pre-Market (BMO),2023-10-19,55.81,2023-10-20,55.11,-0.7,-1.25,0.77,0.78,1.62
SMCI,2026-05-05,After-Hours (AMC),2026-05-05,27.83,2026-05-06,31.44,3.61,12.97,0.62,0.84,34.51
SMCI,2026-02-03,After-Hours (AMC),2026-02-03,29.67,2026-02-04,32.95,3.28,11.05,0.49,0.69,41.43
SMCI,2025-11-04,After-Hours (AMC),2025-11-04,47.4,2025-11-05,44.98,-2.42,-5.11,0.39,0.35,-10.08
SMCI,2025-08-05,After-Hours (AMC),2025-08-05,57.26,2025-08-06,47.33,-9.93,-17.34,0.44,0.41,-6.58
SMCI,2025-05-06,After-Hours (AMC),2025-05-06,32.94,2025-05-07,31.1,-1.84,-5.59,0.3,0.31,3.78
SMCI,2025-02-25,After-Hours (AMC),2025-02-25,45.54,2025-02-26,55.02,9.48,20.82,0.59,0.6,1.92
SMCI,2025-02-25,After-Hours (AMC),2025-02-25,45.54,2025-02-26,55.02,9.48,20.82,0.75,0.74,-1.93
SMCI,2024-08-06,After-Hours (AMC),2024-08-06,61.69,2024-08-07,53.25,-8.45,-13.69,0.81,0.63,-23.24
SMCI,2024-04-30,After-Hours (AMC),2024-04-30,85.88,2024-05-01,77.74,-8.14,-9.48,0.56,0.67,19.4
SMCI,2024-01-29,After-Hours (AMC),2024-01-29,49.57,2024-01-30,54.73,5.16,10.42,0.52,0.56,8.32
SMCI,2023-11-01,After-Hours (AMC),2023-11-01,25.23,2023-11-02,26.08,0.85,3.37,0.32,0.34,5.65
SMCI,2023-08-08,After-Hours (AMC),2023-08-08,34.74,2023-08-09,29.71,-5.03,-14.47,0.29,0.35,20.72
SNDK,2026-04-30,After-Hours (AMC),2026-04-30,1096.51,2026-05-01,1059.02,-37.49,-3.42,14.66,23.41,59.67
SNDK,2026-01-29,After-Hours (AMC),2026-01-29,539.3,2026-01-30,651.23,111.93,20.75,3.54,6.2,74.97
SNDK,2025-11-06,After-Hours (AMC),2025-11-06,207.69,2025-11-07,208.42,0.73,0.35,0.89,1.22,36.89
SNDK,2025-08-14,After-Hours (AMC),2025-08-14,46.68,2025-08-15,43.06,-3.62,-7.75,0.03,0.29,771.13
SNDK,2025-05-07,After-Hours (AMC),2025-05-07,34.97,2025-05-08,34.97,0.0,0.0,-0.39,-0.3,22.38
SNPS,2026-05-27,After-Hours (AMC),2026-05-27,525.92,2026-05-28,510.0,-15.92,-3.03,3.16,3.35,5.95
SNPS,2026-02-25,After-Hours (AMC),2026-02-25,449.17,2026-02-26,429.88,-19.29,-4.29,3.56,3.77,5.98
SNPS,2025-12-10,After-Hours (AMC),2025-12-10,475.83,2025-12-11,476.62,0.79,0.17,2.78,2.9,4.18
SNPS,2025-09-09,After-Hours (AMC),2025-09-09,604.37,2025-09-10,427.8,-176.57,-29.22,3.75,3.39,-9.48
SNPS,2025-05-28,After-Hours (AMC),2025-05-28,462.43,2025-05-29,473.0,10.57,2.29,3.4,3.67,7.99
SNPS,2025-02-26,After-Hours (AMC),2025-02-26,470.46,2025-02-27,481.5,11.04,2.35,2.79,3.03,8.57
SNPS,2024-12-04,After-Hours (AMC),2024-12-04,588.0,2024-12-05,544.52,-43.48,-7.39,3.3,3.4,3.0
SNPS,2024-08-21,After-Hours (AMC),2024-08-21,564.68,2024-08-22,577.26,12.58,2.23,3.29,3.43,4.3
SNPS,2024-05-22,After-Hours (AMC),2024-05-22,573.13,2024-05-23,582.1,8.97,1.57,2.95,3.0,1.61
SNPS,2024-02-21,After-Hours (AMC),2024-02-21,543.57,2024-02-22,589.99,46.42,8.54,3.41,3.56,4.26
SNPS,2023-11-29,After-Hours (AMC),2023-11-29,552.46,2023-11-30,558.47,6.01,1.09,3.03,3.17,4.47
SNPS,2023-08-16,After-Hours (AMC),2023-08-16,428.21,2023-08-17,450.16,21.95,5.13,2.74,2.88,5.25
SO,2026-04-30,Pre-Market (BMO),2026-04-29,92.74,2026-04-30,93.72,0.98,1.06,1.21,1.32,8.87
SO,2026-02-19,Pre-Market (BMO),2026-02-18,90.29,2026-02-19,94.72,4.42,4.9,0.56,0.55,-1.37
SO,2025-10-30,Pre-Market (BMO),2025-10-29,91.27,2025-10-30,90.83,-0.44,-0.48,1.51,1.6,6.04
SO,2025-07-31,Pre-Market (BMO),2025-07-30,91.9,2025-07-31,91.88,-0.02,-0.02,0.88,0.92,4.65
SO,2025-05-01,Pre-Market (BMO),2025-04-30,88.24,2025-05-01,88.77,0.53,0.6,1.19,1.23,3.02
SO,2025-02-20,Pre-Market (BMO),2025-02-19,83.04,2025-02-20,81.14,-1.9,-2.29,0.51,0.5,-1.7
SO,2024-10-31,Pre-Market (BMO),2024-10-30,84.39,2024-10-31,85.65,1.26,1.49,1.34,1.43,6.71
SO,2024-08-01,Pre-Market (BMO),2024-07-31,78.23,2024-08-01,78.6,0.37,0.48,0.93,1.1,18.46
SO,2024-05-02,Pre-Market (BMO),2024-05-01,69.16,2024-05-02,69.62,0.45,0.66,0.9,1.03,13.91
SO,2024-02-15,Pre-Market (BMO),2024-02-14,62.28,2024-02-15,61.58,-0.7,-1.12,0.6,0.64,6.46
SO,2023-11-02,Pre-Market (BMO),2023-11-01,62.22,2023-11-02,61.27,-0.95,-1.53,1.32,1.42,7.32
SO,2023-08-03,Pre-Market (BMO),2023-08-02,63.87,2023-08-03,64.22,0.35,0.55,0.75,0.79,5.76
SOLV,2026-05-05,After-Hours (AMC),2026-05-05,69.04,2026-05-06,68.01,-1.03,-1.49,1.35,1.48,9.33
SOLV,2026-02-26,After-Hours (AMC),2026-02-26,76.94,2026-02-27,73.0,-3.94,-5.12,1.5,1.57,5.0
SOLV,2025-11-06,After-Hours (AMC),2025-11-06,66.28,2025-11-07,68.62,2.34,3.53,1.43,1.5,4.73
SOLV,2025-08-07,After-Hours (AMC),2025-08-07,71.95,2025-08-08,74.38,2.43,3.38,1.45,1.69,16.25
SOLV,2025-05-08,After-Hours (AMC),2025-05-08,66.63,2025-05-09,67.96,1.33,2.0,1.22,1.34,9.71
SOLV,2025-02-27,After-Hours (AMC),2025-02-27,83.44,2025-02-28,80.95,-2.49,-2.98,1.31,1.41,7.75
SOLV,2024-11-07,After-Hours (AMC),2024-11-07,75.07,2024-11-08,76.6,1.53,2.04,1.39,1.64,17.67
SOLV,2024-08-08,After-Hours (AMC),2024-08-08,58.66,2024-08-09,60.0,1.34,2.28,1.51,1.56,3.65
SOLV,2024-05-09,Pre-Market (BMO),2024-05-08,66.43,2024-05-09,65.52,-0.91,-1.37,1.75,2.08,19.2
SPG,2026-05-11,After-Hours (AMC),2026-05-11,198.82,2026-05-12,202.99,4.17,2.1,1.49,1.22,-17.98
SPG,2026-02-02,After-Hours (AMC),2026-02-02,186.99,2026-02-03,186.32,-0.66,-0.36,1.97,1.04,-47.1
SPG,2025-11-03,After-Hours (AMC),2025-11-03,170.66,2025-11-04,172.0,1.34,0.79,1.68,1.6,-4.66
SPG,2025-08-04,After-Hours (AMC),2025-08-04,156.5,2025-08-05,152.73,-3.77,-2.41,1.61,1.36,-15.48
SPG,2025-05-12,After-Hours (AMC),2025-05-12,161.54,2025-05-13,158.06,-3.48,-2.15,1.44,1.45,1.13
SPG,2025-02-04,After-Hours (AMC),2025-02-04,161.33,2025-02-05,166.18,4.85,3.01,1.85,1.79,-3.13
SPG,2024-11-01,Pre-Market (BMO),2024-10-31,155.6,2024-11-01,153.75,-1.85,-1.19,1.53,1.46,-4.56
SPG,2024-08-05,After-Hours (AMC),2024-08-05,134.51,2024-08-06,136.39,1.87,1.39,1.44,1.51,4.61
SPG,2024-05-06,After-Hours (AMC),2024-05-06,129.53,2024-05-07,131.61,2.08,1.61,1.48,0.84,-43.35
SPG,2024-02-05,After-Hours (AMC),2024-02-05,121.1,2024-02-06,121.72,0.62,0.51,1.84,1.55,-15.81
SPG,2023-10-30,After-Hours (AMC),2023-10-30,91.9,2023-10-31,92.84,0.94,1.03,1.47,1.19,-18.96
SPG,2023-08-02,After-Hours (AMC),2023-08-02,106.47,2023-08-03,101.81,-4.66,-4.38,1.46,1.49,2.0
SPGI,2026-04-28,Pre-Market (BMO),2026-04-27,412.68,2026-04-28,417.34,4.65,1.13,4.82,4.97,3.18
SPGI,2026-02-10,Pre-Market (BMO),2026-02-09,418.29,2026-02-10,394.54,-23.75,-5.68,4.34,4.3,-0.83
SPGI,2025-10-30,Pre-Market (BMO),2025-10-29,444.59,2025-10-30,458.43,13.83,3.11,4.41,4.73,7.28
SPGI,2025-07-31,Pre-Market (BMO),2025-07-30,496.62,2025-07-31,502.06,5.44,1.1,4.22,4.43,4.88
SPGI,2025-04-29,Pre-Market (BMO),2025-04-28,448.91,2025-04-29,455.53,6.62,1.47,4.21,4.37,3.9
SPGI,2025-02-11,Pre-Market (BMO),2025-02-10,481.69,2025-02-11,504.78,23.09,4.79,3.47,3.77,8.58
SPGI,2024-10-24,Pre-Market (BMO),2024-10-23,476.76,2024-10-24,465.64,-11.12,-2.33,3.64,3.89,6.76
SPGI,2024-07-30,Pre-Market (BMO),2024-07-29,456.25,2024-07-30,461.63,5.37,1.18,3.65,4.04,10.83
SPGI,2024-04-25,Pre-Market (BMO),2024-04-24,384.14,2024-04-25,397.86,13.72,3.57,3.66,4.01,9.66
SPGI,2024-02-08,Pre-Market (BMO),2024-02-07,426.41,2024-02-08,400.52,-25.9,-6.07,3.14,3.13,-0.43
SPGI,2023-11-02,Pre-Market (BMO),2023-11-01,325.24,2023-11-02,337.82,12.59,3.87,3.04,3.21,5.42
SPGI,2023-07-27,Pre-Market (BMO),2023-07-26,395.59,2023-07-27,372.59,-23.0,-5.81,3.13,3.12,-0.33
SRE,2026-05-07,Pre-Market (BMO),2026-05-06,93.01,2026-05-07,91.53,-1.48,-1.59,1.51,1.51,-0.29
SRE,2026-02-26,Pre-Market (BMO),2026-02-25,93.18,2026-02-26,94.43,1.25,1.34,1.17,1.28,9.2
SRE,2025-11-05,Pre-Market (BMO),2025-11-04,90.53,2025-11-05,91.36,0.83,0.92,0.91,1.11,21.74
SRE,2025-08-07,Pre-Market (BMO),2025-08-06,78.87,2025-08-07,79.2,0.33,0.42,0.85,0.89,4.77
SRE,2025-05-08,Pre-Market (BMO),2025-05-07,73.09,2025-05-08,73.13,0.04,0.05,1.32,1.44,9.33
SRE,2025-02-25,Pre-Market (BMO),2025-02-24,83.24,2025-02-25,69.11,-14.13,-16.98,1.55,1.5,-3.27
SRE,2024-11-06,Pre-Market (BMO),2024-11-05,78.0,2024-11-06,77.29,-0.71,-0.91,1.07,0.89,-16.63
SRE,2024-08-06,Pre-Market (BMO),2024-08-05,74.07,2024-08-06,73.89,-0.19,-0.25,0.94,0.89,-5.03
SRE,2024-05-07,Pre-Market (BMO),2024-05-06,67.88,2024-05-07,68.32,0.44,0.65,1.29,1.34,3.9
SRE,2024-02-27,Pre-Market (BMO),2024-02-26,65.62,2024-02-27,66.19,0.57,0.87,1.08,1.13,4.83
SRE,2023-11-03,Pre-Market (BMO),2023-11-02,66.16,2023-11-03,67.52,1.36,2.05,1.01,1.08,7.09
SRE,2023-08-03,Pre-Market (BMO),2023-08-02,66.84,2023-08-03,67.55,0.71,1.06,0.87,0.94,7.7
STLD,2026-07-20,After-Hours (AMC),2026-07-20,230.49,2026-07-21,239.07,8.58,3.72,3.67,3.69,0.56
STLD,2026-04-20,After-Hours (AMC),2026-04-20,208.88,2026-04-21,211.51,2.63,1.26,2.79,2.78,-0.19
STLD,2026-01-26,Pre-Market (BMO),2026-01-23,180.35,2026-01-26,183.42,3.06,1.7,1.69,1.82,7.92
STLD,2025-10-20,After-Hours (AMC),2025-10-20,145.07,2025-10-21,144.9,-0.17,-0.12,2.63,2.74,4.16
STLD,2025-07-21,After-Hours (AMC),2025-07-21,132.94,2025-07-22,126.57,-6.37,-4.79,2.08,2.01,-3.46
STLD,2025-04-22,After-Hours (AMC),2025-04-22,115.56,2025-04-23,118.98,3.42,2.96,1.38,1.44,4.0
STLD,2025-01-22,After-Hours (AMC),2025-01-22,120.49,2025-01-23,118.63,-1.85,-1.54,1.29,1.36,5.5
STLD,2024-10-16,After-Hours (AMC),2024-10-16,126.81,2024-10-17,132.79,5.99,4.72,1.98,2.05,3.44
STLD,2024-07-17,After-Hours (AMC),2024-07-17,126.55,2024-07-18,124.01,-2.54,-2.01,2.67,2.72,1.94
STLD,2024-04-23,After-Hours (AMC),2024-04-23,130.05,2024-04-24,136.73,6.69,5.14,3.45,3.67,6.51
STLD,2024-01-23,After-Hours (AMC),2024-01-23,112.22,2024-01-24,106.37,-5.86,-5.22,2.62,2.61,-0.51
STLD,2023-10-18,After-Hours (AMC),2023-10-18,99.57,2023-10-19,100.92,1.35,1.35,3.5,3.47,-0.79
STT,2026-07-16,Pre-Market (BMO),2026-07-15,186.59,2026-07-16,187.3,0.71,0.38,3.34,3.65,9.21
STT,2026-04-17,Pre-Market (BMO),2026-04-16,141.2,2026-04-17,144.06,2.87,2.03,2.64,2.84,7.46
STT,2026-01-16,Pre-Market (BMO),2026-01-15,134.71,2026-01-16,130.48,-4.23,-3.14,2.84,2.97,4.75
STT,2025-10-17,Pre-Market (BMO),2025-10-16,110.92,2025-10-17,106.7,-4.22,-3.81,2.65,2.78,4.98
STT,2025-07-15,Pre-Market (BMO),2025-07-14,107.27,2025-07-15,102.85,-4.42,-4.12,2.36,2.53,7.06
STT,2025-04-17,Pre-Market (BMO),2025-04-16,77.08,2025-04-17,73.08,-4.0,-5.19,2.01,2.04,1.7
STT,2025-01-17,Pre-Market (BMO),2025-01-16,96.44,2025-01-17,91.81,-4.64,-4.81,2.44,2.6,6.51
STT,2024-10-15,Pre-Market (BMO),2024-10-14,86.59,2024-10-15,87.46,0.87,1.0,2.12,2.26,6.6
STT,2024-07-16,Pre-Market (BMO),2024-07-15,74.53,2024-07-16,75.06,0.53,0.71,2.02,2.15,6.28
STT,2024-04-12,Pre-Market (BMO),2024-04-11,69.13,2024-04-12,69.82,0.69,1.0,1.5,1.69,12.79
STT,2024-01-19,Pre-Market (BMO),2024-01-18,68.88,2024-01-19,74.06,5.18,7.52,1.83,2.04,11.51
STT,2023-10-18,Pre-Market (BMO),2023-10-17,61.79,2023-10-18,63.39,1.6,2.59,1.83,1.93,5.24
STX,2026-04-28,After-Hours (AMC),2026-04-28,578.62,2026-04-29,667.5,88.89,15.36,3.51,4.1,16.76
STX,2026-01-27,After-Hours (AMC),2026-01-27,370.85,2026-01-28,394.22,23.37,6.3,2.84,3.11,9.58
STX,2025-10-28,After-Hours (AMC),2025-10-28,221.87,2025-10-29,239.3,17.43,7.86,2.4,2.61,8.76
STX,2025-07-29,After-Hours (AMC),2025-07-29,151.43,2025-07-30,139.85,-11.58,-7.65,2.44,2.59,6.01
STX,2025-04-29,After-Hours (AMC),2025-04-29,80.5,2025-04-30,85.97,5.47,6.79,1.74,1.9,9.21
STX,2025-01-21,After-Hours (AMC),2025-01-21,99.08,2025-01-22,106.3,7.22,7.29,1.88,2.03,8.14
STX,2024-10-22,After-Hours (AMC),2024-10-22,109.41,2024-10-23,102.71,-6.7,-6.13,1.46,1.58,8.58
STX,2024-07-23,After-Hours (AMC),2024-07-23,101.6,2024-07-24,105.17,3.57,3.51,0.75,1.05,39.35
STX,2024-04-23,After-Hours (AMC),2024-04-23,82.94,2024-04-24,83.92,0.99,1.19,0.26,0.33,25.36
STX,2024-01-24,After-Hours (AMC),2024-01-24,84.78,2024-01-25,86.71,1.93,2.28,-0.06,0.12,290.81
STX,2023-10-26,Pre-Market (BMO),2023-10-25,63.26,2023-10-26,65.52,2.26,3.58,-0.25,-0.22,12.22
STZ,2026-06-30,After-Hours (AMC),2026-06-30,139.09,2026-07-01,142.76,3.67,2.64,3.2,3.43,7.13
STZ,2026-04-08,After-Hours (AMC),2026-04-08,149.26,2026-04-09,149.99,0.73,0.49,1.71,1.9,10.79
STZ,2026-01-07,After-Hours (AMC),2026-01-07,138.66,2026-01-08,141.98,3.33,2.4,2.63,3.06,16.21
STZ,2025-10-06,After-Hours (AMC),2025-10-06,135.83,2025-10-07,141.5,5.67,4.17,3.41,3.63,6.51
STZ,2025-07-01,After-Hours (AMC),2025-07-01,162.02,2025-07-02,166.48,4.46,2.75,3.29,3.22,-2.27
STZ,2025-04-09,After-Hours (AMC),2025-04-09,177.57,2025-04-10,170.34,-7.23,-4.07,2.27,2.63,15.94
STZ,2025-01-10,Pre-Market (BMO),2025-01-08,211.06,2025-01-10,195.5,-15.56,-7.37,3.31,3.25,-1.92
STZ,2024-10-03,Pre-Market (BMO),2024-10-02,245.05,2024-10-03,242.78,-2.27,-0.93,4.07,4.32,6.03
STZ,2024-07-03,Pre-Market (BMO),2024-07-02,247.14,2024-07-03,251.79,4.65,1.88,3.45,3.57,3.36
STZ,2024-04-11,Pre-Market (BMO),2024-04-10,251.84,2024-04-11,257.62,5.78,2.3,2.1,2.26,7.57
STZ,2024-01-05,Pre-Market (BMO),2024-01-04,229.54,2024-01-05,231.6,2.06,0.9,3.0,3.19,6.46
STZ,2023-10-05,After-Hours (AMC),2023-10-05,227.73,2023-10-06,226.28,-1.44,-0.63,3.37,3.7,9.63
SW,2026-04-30,Pre-Market (BMO),2026-04-29,39.23,2026-04-30,37.47,-1.76,-4.49,0.4,0.33,-17.35
SW,2026-02-11,Pre-Market (BMO),2026-02-10,44.84,2026-02-11,47.7,2.87,6.39,0.5,0.28,-43.0
SW,2025-10-29,Pre-Market (BMO),2025-10-28,42.23,2025-10-29,40.63,-1.6,-3.78,0.72,0.58,-19.83
SW,2025-07-30,Pre-Market (BMO),2025-07-29,46.77,2025-07-30,44.27,-2.5,-5.35,0.59,0.51,-13.89
SW,2025-05-01,Pre-Market (BMO),2025-04-30,40.4,2025-05-01,39.84,-0.56,-1.38,0.67,0.83,24.18
SW,2025-02-12,Pre-Market (BMO),2025-02-11,51.16,2025-02-12,48.61,-2.56,-5.0,0.59,0.42,-28.25
SW,2024-10-30,Pre-Market (BMO),2024-10-29,42.39,2024-10-30,44.62,2.23,5.26,0.74,0.73,-1.78
SW,2024-07-30,After-Hours (AMC),2024-07-30,43.99,2024-07-31,40.74,-3.25,-7.38,0.71,0.74,4.6
SWK,2026-04-29,Pre-Market (BMO),2026-04-28,77.5,2026-04-29,76.69,-0.81,-1.05,0.59,0.8,34.6
SWK,2026-02-04,Pre-Market (BMO),2026-02-03,79.22,2026-02-04,78.96,-0.26,-0.33,1.28,1.41,9.92
SWK,2025-11-04,Pre-Market (BMO),2025-11-03,64.18,2025-11-04,63.61,-0.57,-0.89,1.19,1.43,20.02
SWK,2025-07-29,Pre-Market (BMO),2025-07-28,70.71,2025-07-29,65.25,-5.46,-7.72,0.42,1.08,159.66
SWK,2025-04-30,Pre-Market (BMO),2025-04-29,57.84,2025-04-30,57.86,0.02,0.03,0.66,0.75,13.85
SWK,2025-02-05,Pre-Market (BMO),2025-02-04,81.02,2025-02-05,77.6,-3.42,-4.22,1.27,1.49,17.3
SWK,2024-10-29,Pre-Market (BMO),2024-10-28,95.34,2024-10-29,87.78,-7.57,-7.94,1.05,1.22,16.52
SWK,2024-07-30,Pre-Market (BMO),2024-07-29,88.62,2024-07-30,95.69,7.08,7.99,0.84,1.09,30.25
SWK,2024-05-02,Pre-Market (BMO),2024-05-01,83.67,2024-05-02,77.07,-6.6,-7.89,0.55,0.56,1.11
SWK,2024-02-01,Pre-Market (BMO),2024-01-31,84.18,2024-02-01,82.17,-2.0,-2.38,0.78,0.92,17.39
SWK,2023-10-27,Pre-Market (BMO),2023-10-26,69.06,2023-10-27,73.43,4.36,6.32,0.83,1.05,26.24
SWK,2023-08-01,Pre-Market (BMO),2023-07-31,88.01,2023-08-01,88.65,0.64,0.73,-0.35,-0.11,68.3
SWKS,2026-05-05,After-Hours (AMC),2026-05-05,71.93,2026-05-06,67.45,-4.48,-6.23,1.04,1.15,10.1
SWKS,2026-02-03,After-Hours (AMC),2026-02-03,54.79,2026-02-04,57.51,2.72,4.97,1.4,1.54,10.08
SWKS,2025-11-04,After-Hours (AMC),2025-11-04,69.73,2025-11-05,71.55,1.82,2.61,1.53,1.76,14.82
SWKS,2025-08-05,After-Hours (AMC),2025-08-05,64.9,2025-08-06,66.35,1.45,2.23,1.24,1.33,7.01
SWKS,2025-05-07,After-Hours (AMC),2025-05-07,63.53,2025-05-08,63.57,0.04,0.06,1.2,1.24,3.09
SWKS,2025-02-05,After-Hours (AMC),2025-02-05,81.86,2025-02-06,58.8,-23.06,-28.17,1.57,1.6,1.75
SWKS,2024-11-12,After-Hours (AMC),2024-11-12,81.18,2024-11-13,79.07,-2.11,-2.6,1.52,1.55,1.9
SWKS,2024-07-30,After-Hours (AMC),2024-07-30,109.05,2024-07-31,103.73,-5.32,-4.88,1.21,1.21,-0.4
SWKS,2024-04-30,After-Hours (AMC),2024-04-30,98.05,2024-05-01,83.77,-14.28,-14.56,1.52,1.55,1.65
SWKS,2024-01-30,After-Hours (AMC),2024-01-30,95.35,2024-01-31,98.25,2.9,3.04,1.95,1.97,0.86
SWKS,2023-11-02,After-Hours (AMC),2023-11-02,81.21,2023-11-03,78.33,-2.88,-3.54,2.1,2.2,4.71
SWKS,2023-08-07,After-Hours (AMC),2023-08-07,99.32,2023-08-08,96.09,-3.23,-3.25,1.67,1.73,3.48
SYF,2026-07-21,Pre-Market (BMO),2026-07-20,73.41,2026-07-21,74.51,1.1,1.5,2.13,2.59,21.85
SYF,2026-04-21,Pre-Market (BMO),2026-04-20,78.26,2026-04-21,77.08,-1.19,-1.51,2.16,2.27,5.09
SYF,2026-01-27,Pre-Market (BMO),2026-01-26,76.88,2026-01-27,75.77,-1.11,-1.44,2.02,2.18,7.83
SYF,2025-10-15,Pre-Market (BMO),2025-10-14,71.96,2025-10-15,72.56,0.6,0.84,2.21,2.86,29.32
SYF,2025-07-22,Pre-Market (BMO),2025-07-21,68.3,2025-07-22,67.65,-0.65,-0.96,1.79,2.5,39.29
SYF,2025-04-22,Pre-Market (BMO),2025-04-21,46.2,2025-04-22,46.39,0.2,0.42,1.65,1.89,14.53
SYF,2025-01-28,Pre-Market (BMO),2025-01-27,68.08,2025-01-28,64.81,-3.27,-4.81,1.92,1.91,-0.46
SYF,2024-10-16,Pre-Market (BMO),2024-10-15,51.7,2024-10-16,53.56,1.86,3.6,1.82,1.94,6.57
SYF,2024-07-17,Pre-Market (BMO),2024-07-16,49.89,2024-07-17,49.8,-0.09,-0.17,1.37,1.55,12.92
SYF,2024-04-24,Pre-Market (BMO),2024-04-23,41.12,2024-04-24,41.24,0.12,0.28,1.37,1.18,-13.57
SYF,2024-01-23,Pre-Market (BMO),2024-01-22,36.0,2024-01-23,35.99,-0.02,-0.05,0.95,1.18,24.04
SYF,2023-10-24,Pre-Market (BMO),2023-10-23,27.04,2023-10-24,27.4,0.36,1.33,1.44,1.48,2.8
SYK,2026-04-30,After-Hours (AMC),2026-04-30,314.29,2026-05-01,312.51,-1.79,-0.57,2.98,2.6,-12.86
SYK,2026-01-29,After-Hours (AMC),2026-01-29,352.4,2026-01-30,367.12,14.72,4.18,4.4,4.47,1.7
SYK,2025-10-30,After-Hours (AMC),2025-10-30,366.09,2025-10-31,360.85,-5.24,-1.43,3.13,3.19,1.87
SYK,2025-07-31,After-Hours (AMC),2025-07-31,388.77,2025-08-01,368.57,-20.2,-5.2,3.07,3.13,1.95
SYK,2025-05-01,After-Hours (AMC),2025-05-01,369.43,2025-05-02,369.33,-0.1,-0.03,2.73,2.84,4.01
SYK,2025-01-28,After-Hours (AMC),2025-01-28,389.43,2025-01-29,389.29,-0.15,-0.04,3.87,4.01,3.49
SYK,2024-10-29,After-Hours (AMC),2024-10-29,353.0,2024-10-30,359.56,6.57,1.86,2.77,2.87,3.49
SYK,2024-07-30,After-Hours (AMC),2024-07-30,323.97,2024-07-31,324.24,0.27,0.08,2.79,2.81,0.68
SYK,2024-04-30,After-Hours (AMC),2024-04-30,329.35,2024-05-01,326.49,-2.86,-0.87,2.36,2.5,6.12
SYK,2024-01-30,After-Hours (AMC),2024-01-30,309.21,2024-01-31,331.04,21.84,7.06,3.27,3.46,5.88
SYK,2023-11-02,After-Hours (AMC),2023-11-02,270.97,2023-11-03,267.19,-3.78,-1.39,2.44,2.46,0.92
SYK,2023-08-03,After-Hours (AMC),2023-08-03,267.67,2023-08-04,275.81,8.14,3.04,2.38,2.54,6.8
SYY,2026-04-28,Pre-Market (BMO),2026-04-27,74.86,2026-04-28,73.51,-1.35,-1.8,0.94,0.94,-0.39
SYY,2026-01-27,Pre-Market (BMO),2026-01-26,74.57,2026-01-27,77.81,3.24,4.35,0.98,0.99,1.39
SYY,2025-10-28,Pre-Market (BMO),2025-10-27,76.34,2025-10-28,75.36,-0.98,-1.28,1.12,1.15,2.57
SYY,2025-07-29,Pre-Market (BMO),2025-07-28,78.13,2025-07-29,76.0,-2.13,-2.73,1.39,1.48,6.48
SYY,2025-04-29,Pre-Market (BMO),2025-04-28,68.0,2025-04-29,66.01,-1.99,-2.93,1.02,0.96,-6.25
SYY,2025-01-28,Pre-Market (BMO),2025-01-27,73.72,2025-01-28,70.78,-2.93,-3.98,0.92,0.93,0.75
SYY,2024-10-29,Pre-Market (BMO),2024-10-28,71.54,2024-10-29,70.3,-1.25,-1.74,1.13,1.09,-3.13
SYY,2024-07-30,Pre-Market (BMO),2024-07-29,69.32,2024-07-30,70.73,1.41,2.03,1.38,1.39,1.03
SYY,2024-04-30,Pre-Market (BMO),2024-04-29,72.54,2024-04-30,69.94,-2.6,-3.59,0.95,0.96,1.09
SYY,2024-01-30,Pre-Market (BMO),2024-01-29,70.17,2024-01-30,70.53,0.35,0.51,0.88,0.89,1.62
SYY,2023-10-31,Pre-Market (BMO),2023-10-30,60.77,2023-10-31,61.37,0.59,0.98,1.04,1.07,3.08
SYY,2023-08-01,Pre-Market (BMO),2023-07-31,70.22,2023-08-01,70.78,0.56,0.8,1.33,1.34,0.84
T,2026-07-22,Pre-Market (BMO),2026-07-21,22.26,2026-07-22,23.38,1.12,5.03,0.59,0.65,10.49
T,2026-04-22,Pre-Market (BMO),2026-04-21,25.54,2026-04-22,24.82,-0.72,-2.82,0.55,0.57,3.42
T,2026-01-28,Pre-Market (BMO),2026-01-27,22.46,2026-01-28,22.87,0.41,1.83,0.47,0.52,11.58
T,2025-10-22,Pre-Market (BMO),2025-10-21,25.14,2025-10-22,24.05,-1.09,-4.34,0.54,0.54,0.45
T,2025-07-23,Pre-Market (BMO),2025-07-22,26.19,2025-07-23,25.12,-1.07,-4.08,0.53,0.54,1.92
T,2025-04-23,Pre-Market (BMO),2025-04-22,25.49,2025-04-23,25.09,-0.4,-1.56,0.51,0.51,-0.9
T,2025-01-27,Pre-Market (BMO),2025-01-24,21.26,2025-01-27,21.99,0.73,3.43,0.51,0.54,6.81
T,2024-10-23,Pre-Market (BMO),2024-10-22,19.86,2024-10-23,19.62,-0.24,-1.21,0.57,0.6,5.07
T,2024-07-24,Pre-Market (BMO),2024-07-23,16.61,2024-07-24,17.26,0.65,3.9,0.57,0.57,-0.64
T,2024-04-24,Pre-Market (BMO),2024-04-23,14.83,2024-04-24,15.19,0.36,2.42,0.53,0.55,3.66
T,2024-01-24,Pre-Market (BMO),2024-01-23,15.2,2024-01-24,14.64,-0.56,-3.66,0.56,0.54,-3.16
T,2023-10-19,Pre-Market (BMO),2023-10-18,12.46,2023-10-19,13.37,0.91,7.33,0.62,0.64,3.09
TAP,2026-04-30,Pre-Market (BMO),2026-04-29,41.91,2026-04-30,43.36,1.45,3.47,0.36,0.62,70.58
TAP,2026-02-18,After-Hours (AMC),2026-02-18,49.71,2026-02-19,46.57,-3.14,-6.32,1.15,1.21,4.95
TAP,2025-11-04,Pre-Market (BMO),2025-11-03,41.84,2025-11-04,41.82,-0.02,-0.05,1.7,1.67,-1.48
TAP,2025-08-05,Pre-Market (BMO),2025-08-04,46.61,2025-08-05,47.02,0.41,0.88,1.82,2.05,12.87
TAP,2025-05-08,Pre-Market (BMO),2025-05-07,54.01,2025-05-08,49.74,-4.27,-7.9,0.8,0.5,-37.22
TAP,2025-02-13,Pre-Market (BMO),2025-02-12,50.4,2025-02-13,53.97,3.56,7.07,1.13,1.3,15.31
TAP,2024-11-07,Pre-Market (BMO),2024-11-06,52.92,2024-11-07,49.2,-3.72,-7.02,1.67,1.8,7.92
TAP,2024-08-06,Pre-Market (BMO),2024-08-05,47.48,2024-08-06,50.52,3.05,6.42,1.68,1.92,13.98
TAP,2024-04-30,Pre-Market (BMO),2024-04-29,58.53,2024-04-30,57.55,-0.98,-1.67,0.75,0.95,27.27
TAP,2024-02-13,Pre-Market (BMO),2024-02-12,56.79,2024-02-13,57.15,0.36,0.63,1.12,1.19,6.44
TAP,2023-11-02,Pre-Market (BMO),2023-11-01,52.86,2023-11-02,53.59,0.74,1.39,1.54,1.92,25.07
TAP,2023-08-01,Pre-Market (BMO),2023-07-31,62.95,2023-08-01,58.78,-4.17,-6.62,1.65,1.78,8.02
TECH,2026-05-06,Pre-Market (BMO),2026-05-05,56.58,2026-05-06,56.58,0.0,0.0,0.53,0.53,-0.82
TECH,2026-02-04,Pre-Market (BMO),2026-02-03,64.42,2026-02-04,66.48,2.05,3.19,0.43,0.46,5.84
TECH,2025-11-05,Pre-Market (BMO),2025-11-04,60.82,2025-11-05,54.15,-6.67,-10.97,0.42,0.42,-0.36
TECH,2025-08-06,Pre-Market (BMO),2025-08-05,54.31,2025-08-06,52.84,-1.47,-2.71,0.5,0.53,5.79
TECH,2025-05-07,Pre-Market (BMO),2025-05-06,47.36,2025-05-07,49.61,2.25,4.76,0.51,0.56,10.41
TECH,2025-02-05,Pre-Market (BMO),2025-02-04,71.91,2025-02-05,78.58,6.67,9.28,0.39,0.42,7.77
TECH,2024-10-30,Pre-Market (BMO),2024-10-29,70.04,2024-10-30,73.27,3.23,4.61,0.38,0.42,10.24
TECH,2024-08-07,Pre-Market (BMO),2024-08-06,77.56,2024-08-07,76.67,-0.89,-1.15,0.49,0.49,-0.96
TECH,2024-05-01,Pre-Market (BMO),2024-04-30,62.46,2024-05-01,69.7,7.24,11.6,0.46,0.48,5.27
TECH,2024-02-01,Pre-Market (BMO),2024-01-31,69.4,2024-02-01,66.22,-3.18,-4.58,0.41,0.4,-3.12
TECH,2023-10-31,Pre-Market (BMO),2023-10-30,55.82,2023-10-31,56.71,0.89,1.59,0.44,0.41,-5.77
TECH,2023-08-08,Pre-Market (BMO),2023-08-07,80.04,2023-08-08,82.08,2.04,2.55,0.55,0.55,0.34
TEL,2026-07-22,Pre-Market (BMO),2026-07-21,209.01,2026-07-22,199.33,-9.68,-4.63,2.84,2.94,3.34
TEL,2026-04-22,Pre-Market (BMO),2026-04-21,242.24,2026-04-22,215.95,-26.3,-10.86,2.7,2.73,1.13
TEL,2026-01-21,Pre-Market (BMO),2026-01-20,231.66,2026-01-21,225.23,-6.44,-2.78,2.55,2.72,6.46
TEL,2025-10-29,Pre-Market (BMO),2025-10-28,234.91,2025-10-29,242.4,7.49,3.19,2.29,2.44,6.58
TEL,2025-07-23,Pre-Market (BMO),2025-07-22,178.59,2025-07-23,185.16,6.57,3.68,2.08,2.27,9.25
TEL,2025-04-23,Pre-Market (BMO),2025-04-22,131.48,2025-04-23,138.9,7.42,5.64,1.96,2.1,6.94
TEL,2025-01-22,Pre-Market (BMO),2025-01-21,145.51,2025-01-22,148.48,2.97,2.04,1.89,1.95,3.36
TEL,2024-10-30,Pre-Market (BMO),2024-10-29,149.12,2024-10-30,148.98,-0.14,-0.09,1.94,1.95,0.42
TEL,2024-07-24,Pre-Market (BMO),2024-07-23,147.27,2024-07-24,149.65,2.38,1.62,1.86,1.91,2.91
TEL,2024-04-24,Pre-Market (BMO),2024-04-23,138.72,2024-04-24,137.49,-1.23,-0.89,1.83,1.86,1.66
TEL,2024-01-24,Pre-Market (BMO),2024-01-23,129.88,2024-01-24,138.31,8.43,6.49,1.71,1.84,7.83
TEL,2023-11-01,Pre-Market (BMO),2023-10-31,113.16,2023-11-01,115.02,1.86,1.65,1.76,1.78,1.33
TER,2026-04-28,After-Hours (AMC),2026-04-28,379.99,2026-04-29,314.42,-65.57,-17.25,2.12,2.56,20.93
TER,2026-02-02,After-Hours (AMC),2026-02-02,249.33,2026-02-03,257.95,8.62,3.46,1.38,1.8,30.11
TER,2025-10-28,After-Hours (AMC),2025-10-28,144.16,2025-10-29,169.75,25.59,17.75,0.79,0.85,7.45
TER,2025-07-29,After-Hours (AMC),2025-07-29,90.32,2025-07-30,105.46,15.14,16.76,0.54,0.57,4.94
TER,2025-04-28,After-Hours (AMC),2025-04-28,76.52,2025-04-29,74.73,-1.78,-2.33,0.62,0.75,21.74
TER,2025-01-29,After-Hours (AMC),2025-01-29,121.42,2025-01-30,101.48,-19.95,-16.43,0.91,0.95,4.54
TER,2024-10-23,After-Hours (AMC),2024-10-23,123.65,2024-10-24,117.46,-6.19,-5.01,0.79,0.9,14.24
TER,2024-07-24,After-Hours (AMC),2024-07-24,142.51,2024-07-25,127.52,-14.99,-10.52,0.77,0.86,11.82
TER,2024-04-24,After-Hours (AMC),2024-04-24,99.89,2024-04-25,106.56,6.67,6.67,0.33,0.51,55.48
TER,2024-01-30,After-Hours (AMC),2024-01-30,103.63,2024-01-31,94.61,-9.02,-8.7,0.72,0.79,10.04
TER,2023-10-26,Pre-Market (BMO),2023-10-25,87.0,2023-10-26,84.51,-2.48,-2.86,0.73,0.8,9.7
TFC,2026-07-17,Pre-Market (BMO),2026-07-16,53.25,2026-07-17,52.9,-0.35,-0.66,1.08,1.23,13.78
TFC,2026-04-17,Pre-Market (BMO),2026-04-16,48.91,2026-04-17,48.23,-0.68,-1.4,1.0,1.09,9.4
TFC,2026-01-21,Pre-Market (BMO),2026-01-20,48.14,2026-01-21,46.86,-1.28,-2.67,1.09,1.12,2.66
TFC,2025-10-17,Pre-Market (BMO),2025-10-16,39.79,2025-10-17,40.67,0.88,2.21,0.99,1.04,4.95
TFC,2025-07-18,Pre-Market (BMO),2025-07-17,43.06,2025-07-18,43.34,0.28,0.64,0.92,0.9,-2.23
TFC,2025-04-17,Pre-Market (BMO),2025-04-16,33.99,2025-04-17,33.15,-0.84,-2.47,0.86,0.89,2.97
TFC,2025-01-17,Pre-Market (BMO),2025-01-16,41.99,2025-01-17,43.89,1.9,4.54,0.88,0.91,3.78
TFC,2024-10-17,Pre-Market (BMO),2024-10-16,41.1,2024-10-17,40.71,-0.39,-0.94,0.9,0.97,7.55
TFC,2024-07-22,Pre-Market (BMO),2024-07-19,38.66,2024-07-22,39.18,0.52,1.34,0.83,0.91,9.18
TFC,2024-04-22,Pre-Market (BMO),2024-04-19,33.1,2024-04-22,32.24,-0.86,-2.61,0.8,0.9,11.84
TFC,2024-01-18,Pre-Market (BMO),2024-01-17,31.72,2024-01-18,32.09,0.37,1.17,0.9,0.81,-9.5
TFC,2023-10-19,Pre-Market (BMO),2023-10-18,25.04,2023-10-19,25.4,0.36,1.43,0.83,0.84,1.74
TGT,2026-05-20,Pre-Market (BMO),2026-05-19,127.24,2026-05-20,120.21,-7.03,-5.52,1.46,1.71,17.31
TGT,2026-03-03,Pre-Market (BMO),2026-03-02,112.11,2026-03-03,114.92,2.81,2.51,2.16,2.44,12.97
TGT,2025-11-19,Pre-Market (BMO),2025-11-18,86.82,2025-11-19,84.75,-2.07,-2.38,1.71,1.78,4.09
TGT,2025-08-20,Pre-Market (BMO),2025-08-19,102.04,2025-08-20,91.43,-10.6,-10.39,2.03,2.05,0.82
TGT,2025-05-21,Pre-Market (BMO),2025-05-20,94.01,2025-05-21,87.66,-6.34,-6.75,1.65,1.3,-21.27
TGT,2025-03-04,Pre-Market (BMO),2025-03-03,114.39,2025-03-04,111.3,-3.09,-2.7,2.25,2.41,7.05
TGT,2024-11-20,Pre-Market (BMO),2024-11-19,145.47,2024-11-20,120.22,-25.25,-17.36,2.3,1.85,-19.56
TGT,2024-08-21,Pre-Market (BMO),2024-08-20,133.54,2024-08-21,156.03,22.49,16.84,2.18,2.57,17.72
TGT,2024-05-22,Pre-Market (BMO),2024-05-21,144.14,2024-05-22,130.03,-14.1,-9.78,2.06,2.03,-1.24
TGT,2024-03-05,Pre-Market (BMO),2024-03-04,138.29,2024-03-05,152.6,14.31,10.35,2.41,2.98,23.52
TGT,2023-11-15,Pre-Market (BMO),2023-11-14,101.06,2023-11-15,115.01,13.95,13.8,1.48,2.1,41.91
TGT,2023-08-16,Pre-Market (BMO),2023-08-15,112.9,2023-08-16,121.88,8.98,7.96,1.42,1.8,26.85
TJX,2026-05-20,Pre-Market (BMO),2026-05-19,150.68,2026-05-20,152.89,2.21,1.47,1.02,1.19,17.23
TJX,2026-02-25,Pre-Market (BMO),2026-02-24,157.15,2026-02-25,157.04,-0.11,-0.07,1.38,1.58,14.11
TJX,2025-11-19,Pre-Market (BMO),2025-11-18,144.7,2025-11-19,149.59,4.89,3.38,1.22,1.28,5.02
TJX,2025-08-20,Pre-Market (BMO),2025-08-19,133.42,2025-08-20,142.26,8.84,6.63,1.01,1.1,8.45
TJX,2025-05-21,Pre-Market (BMO),2025-05-20,133.3,2025-05-21,129.57,-3.73,-2.8,0.91,0.92,1.49
TJX,2025-02-26,Pre-Market (BMO),2025-02-25,120.83,2025-02-26,123.96,3.13,2.59,1.17,1.23,5.48
TJX,2024-11-20,Pre-Market (BMO),2024-11-19,117.38,2024-11-20,117.26,-0.12,-0.1,1.09,1.14,4.2
TJX,2024-08-21,Pre-Market (BMO),2024-08-20,110.9,2024-08-21,117.34,6.44,5.81,0.92,0.96,4.4
TJX,2024-05-22,Pre-Market (BMO),2024-05-21,95.29,2024-05-22,99.58,4.29,4.5,0.87,0.93,6.34
TJX,2024-02-28,Pre-Market (BMO),2024-02-27,97.67,2024-02-28,98.02,0.35,0.36,1.12,1.22,9.08
TJX,2023-11-15,Pre-Market (BMO),2023-11-14,89.57,2023-11-15,86.96,-2.61,-2.92,0.99,1.03,3.81
TJX,2023-08-16,Pre-Market (BMO),2023-08-15,82.75,2023-08-16,85.63,2.88,3.47,0.77,0.85,10.65
TKO,2026-05-06,After-Hours (AMC),2026-05-06,189.73,2026-05-07,190.72,0.99,0.52,0.85,0.57,-32.11
TKO,2026-02-25,After-Hours (AMC),2026-02-25,205.58,2026-02-26,215.96,10.38,5.05,0.09,0.02,-80.8
TKO,2025-11-05,After-Hours (AMC),2025-11-05,185.07,2025-11-06,183.73,-1.34,-0.73,0.22,0.39,76.95
TKO,2025-08-06,After-Hours (AMC),2025-08-06,153.23,2025-08-07,155.34,2.11,1.38,1.67,0.61,-63.63
TKO,2025-05-08,After-Hours (AMC),2025-05-08,165.99,2025-05-09,168.56,2.57,1.55,0.82,0.95,16.1
TKO,2025-02-26,After-Hours (AMC),2025-02-26,156.32,2025-02-27,150.48,-5.84,-3.74,0.16,0.39,141.28
TKO,2024-11-06,After-Hours (AMC),2024-11-06,117.79,2024-11-07,116.0,-1.78,-1.51,0.58,0.28,-51.33
TKO,2024-08-08,Pre-Market (BMO),2024-08-07,107.28,2024-08-08,110.11,2.82,2.63,0.88,1.08,21.77
TKO,2024-05-08,After-Hours (AMC),2024-05-08,96.28,2024-05-09,97.98,1.69,1.76,0.36,2.66,628.75
TKO,2024-02-27,After-Hours (AMC),2024-02-27,84.55,2024-02-28,81.57,-2.99,-3.53,0.55,0.26,-52.06
TKO,2023-11-07,After-Hours (AMC),2023-11-07,83.93,2023-11-08,84.93,1.0,1.19,0.54,0.78,44.78
TMO,2026-07-23,Pre-Market (BMO),2026-07-22,526.46,2026-07-23,573.68,47.22,8.97,5.71,6.03,5.57
TMO,2026-04-23,Pre-Market (BMO),2026-04-22,513.47,2026-04-23,472.18,-41.29,-8.04,5.24,5.44,3.79
TMO,2026-01-29,Pre-Market (BMO),2026-01-28,606.81,2026-01-29,584.64,-22.18,-3.65,6.45,6.57,1.87
TMO,2025-10-22,Pre-Market (BMO),2025-10-21,556.46,2025-10-22,553.98,-2.48,-0.45,5.5,5.79,5.32
TMO,2025-07-23,Pre-Market (BMO),2025-07-22,426.07,2025-07-23,471.54,45.47,10.67,5.23,5.36,2.55
TMO,2025-04-23,Pre-Market (BMO),2025-04-22,432.7,2025-04-23,454.42,21.72,5.02,5.1,5.15,0.94
TMO,2025-01-30,Pre-Market (BMO),2025-01-29,565.1,2025-01-30,587.35,22.25,3.94,5.94,6.1,2.66
TMO,2024-10-23,Pre-Market (BMO),2024-10-22,582.72,2024-10-23,570.99,-11.73,-2.01,5.25,5.28,0.5
TMO,2024-07-24,Pre-Market (BMO),2024-07-23,548.44,2024-07-24,549.12,0.68,0.12,5.13,5.37,4.72
TMO,2024-04-24,Pre-Market (BMO),2024-04-23,570.25,2024-04-24,573.64,3.38,0.59,4.71,5.11,8.45
TMO,2024-01-31,Pre-Market (BMO),2024-01-30,562.47,2024-01-31,558.68,-3.79,-0.67,5.65,5.67,0.42
TMO,2023-10-25,Pre-Market (BMO),2023-10-24,454.19,2023-10-25,419.25,-34.95,-7.69,5.61,5.69,1.37
TMUS,2026-07-23,Pre-Market (BMO),2026-07-22,190.94,2026-07-23,175.75,-15.19,-7.96,2.6,2.99,14.86
TMUS,2026-04-28,After-Hours (AMC),2026-04-28,185.71,2026-04-29,192.72,7.01,3.78,2.11,2.77,31.07
TMUS,2026-02-11,Pre-Market (BMO),2026-02-10,197.4,2026-02-11,189.39,-8.02,-4.06,2.06,1.88,-8.92
TMUS,2025-10-23,Pre-Market (BMO),2025-10-22,223.98,2025-10-23,222.36,-1.63,-0.73,2.57,2.77,7.71
TMUS,2025-07-23,After-Hours (AMC),2025-07-23,229.6,2025-07-24,239.49,9.88,4.3,2.68,2.85,6.07
TMUS,2025-04-24,After-Hours (AMC),2025-04-24,256.38,2025-04-25,237.78,-18.61,-7.26,2.48,2.64,6.64
TMUS,2025-01-29,Pre-Market (BMO),2025-01-28,215.53,2025-01-29,231.96,16.43,7.62,2.38,2.59,8.88
TMUS,2024-10-23,After-Hours (AMC),2024-10-23,214.57,2024-10-24,216.95,2.38,1.11,2.42,2.61,7.64
TMUS,2024-07-31,Pre-Market (BMO),2024-07-30,169.75,2024-07-31,174.56,4.81,2.83,2.27,2.49,9.58
TMUS,2024-04-25,After-Hours (AMC),2024-04-25,158.19,2024-04-26,156.42,-1.77,-1.12,1.86,2.0,7.46
TMUS,2024-01-25,After-Hours (AMC),2024-01-25,156.13,2024-01-26,153.6,-2.54,-1.62,1.96,1.83,-6.53
TMUS,2023-10-25,Pre-Market (BMO),2023-10-24,134.9,2023-10-25,136.97,2.07,1.53,1.89,2.0,5.69
TMUS,2023-07-27,After-Hours (AMC),2023-07-27,133.77,2023-07-28,132.81,-0.96,-0.71,1.73,2.05,18.14
TPR,2026-05-07,Pre-Market (BMO),2026-05-06,148.41,2026-05-07,134.97,-13.43,-9.05,1.3,1.66,27.77
TPR,2026-02-05,Pre-Market (BMO),2026-02-04,129.2,2026-02-05,137.07,7.87,6.09,2.23,2.69,20.67
TPR,2025-11-06,Pre-Market (BMO),2025-11-05,108.33,2025-11-06,93.75,-14.58,-13.46,1.27,1.38,8.91
TPR,2025-08-14,Pre-Market (BMO),2025-08-13,112.09,2025-08-14,94.73,-17.36,-15.48,1.02,1.04,2.1
TPR,2025-05-08,Pre-Market (BMO),2025-05-07,73.47,2025-05-08,77.84,4.36,5.94,0.88,1.03,17.05
TPR,2025-02-06,Pre-Market (BMO),2025-02-05,71.82,2025-02-06,85.88,14.06,19.58,1.75,2.0,14.42
TPR,2024-08-15,Pre-Market (BMO),2024-08-14,36.63,2024-08-15,39.32,2.68,7.32,0.88,0.92,4.45
TPR,2024-05-09,Pre-Market (BMO),2024-05-08,37.32,2024-05-09,36.0,-1.31,-3.51,0.68,0.81,19.93
TPR,2024-02-08,Pre-Market (BMO),2024-02-07,38.34,2024-02-08,40.13,1.79,4.66,1.46,1.63,11.48
TPR,2023-11-09,Pre-Market (BMO),2023-11-08,25.81,2023-11-09,27.26,1.45,5.61,0.9,0.93,3.04
TPR,2023-08-17,Pre-Market (BMO),2023-08-16,31.92,2023-08-17,31.67,-0.25,-0.79,0.97,0.95,-1.7
TRGP,2026-05-07,After-Hours (AMC),2026-05-07,252.44,2026-05-08,252.16,-0.28,-0.11,2.57,2.76,7.4
TRGP,2026-02-19,After-Hours (AMC),2026-02-19,223.04,2026-02-20,227.18,4.14,1.86,2.4,2.69,12.12
TRGP,2025-11-05,After-Hours (AMC),2025-11-05,161.07,2025-11-06,162.44,1.37,0.85,2.18,2.41,10.4
TRGP,2025-08-07,After-Hours (AMC),2025-08-07,164.14,2025-08-08,165.61,1.47,0.89,1.98,2.02,2.2
TRGP,2025-05-01,After-Hours (AMC),2025-05-01,158.71,2025-05-02,160.2,1.49,0.94,2.04,1.89,-7.56
TRGP,2025-02-20,After-Hours (AMC),2025-02-20,199.0,2025-02-21,198.14,-0.87,-0.43,1.83,1.82,-0.65
TRGP,2024-11-05,After-Hours (AMC),2024-11-05,171.83,2024-11-06,177.52,5.69,3.31,1.61,1.92,19.13
TRGP,2024-08-01,After-Hours (AMC),2024-08-01,131.23,2024-08-02,130.0,-1.23,-0.94,1.27,1.58,24.59
TRGP,2024-05-02,After-Hours (AMC),2024-05-02,108.34,2024-05-03,108.59,0.25,0.23,1.28,1.37,7.67
TRGP,2024-02-15,After-Hours (AMC),2024-02-15,88.86,2024-02-16,89.12,0.26,0.29,1.43,1.5,4.72
TRGP,2023-11-02,After-Hours (AMC),2023-11-02,85.48,2023-11-03,85.35,-0.13,-0.16,1.16,1.09,-6.12
TRGP,2023-08-03,After-Hours (AMC),2023-08-03,77.03,2023-08-04,77.45,0.41,0.54,1.23,0.98,-20.34
TRMB,2026-05-06,Pre-Market (BMO),2026-05-05,68.37,2026-05-06,69.79,1.42,2.08,0.72,0.79,9.79
TRMB,2026-02-10,Pre-Market (BMO),2026-02-09,66.93,2026-02-10,65.41,-1.52,-2.27,0.96,1.0,4.1
TRMB,2025-11-05,Pre-Market (BMO),2025-11-04,78.6,2025-11-05,76.33,-2.27,-2.89,0.72,0.81,12.95
TRMB,2025-08-06,Pre-Market (BMO),2025-08-05,82.7,2025-08-06,86.17,3.47,4.2,0.63,0.71,13.6
TRMB,2025-05-07,Pre-Market (BMO),2025-05-06,63.32,2025-05-07,63.45,0.13,0.21,0.58,0.61,4.43
TRMB,2025-02-19,Pre-Market (BMO),2025-02-18,75.14,2025-02-19,75.92,0.78,1.04,0.88,0.89,0.57
TRMB,2024-11-06,Pre-Market (BMO),2024-11-05,61.62,2024-11-06,65.01,3.39,5.5,0.62,0.7,13.27
TRMB,2024-08-06,Pre-Market (BMO),2024-08-05,49.82,2024-08-06,50.35,0.53,1.06,0.58,0.62,6.56
TRMB,2024-05-03,Pre-Market (BMO),2024-05-02,60.09,2024-05-03,60.09,0.0,0.0,0.6,0.64,6.7
TRMB,2024-02-12,Pre-Market (BMO),2024-02-09,52.51,2024-02-12,49.79,-2.72,-5.18,0.6,0.63,5.77
TRMB,2023-11-01,Pre-Market (BMO),2023-10-31,47.13,2023-11-01,45.65,-1.48,-3.14,0.6,0.68,13.19
TRMB,2023-08-03,Pre-Market (BMO),2023-08-02,53.76,2023-08-03,52.54,-1.22,-2.27,0.6,0.64,7.52
TROW,2026-04-30,Pre-Market (BMO),2026-04-29,99.28,2026-04-30,100.1,0.82,0.83,2.35,2.52,7.39
TROW,2026-02-04,Pre-Market (BMO),2026-02-03,99.95,2026-02-04,95.27,-4.68,-4.69,2.46,2.44,-0.99
TROW,2025-10-31,Pre-Market (BMO),2025-10-30,98.23,2025-10-31,98.94,0.7,0.71,2.54,2.81,10.5
TROW,2025-08-01,Pre-Market (BMO),2025-07-31,96.41,2025-08-01,96.8,0.39,0.4,2.13,2.24,4.94
TROW,2025-05-02,Pre-Market (BMO),2025-05-01,82.62,2025-05-02,85.24,2.63,3.18,2.13,2.23,4.68
TROW,2025-02-05,Pre-Market (BMO),2025-02-04,106.84,2025-02-05,104.16,-2.68,-2.51,2.21,2.12,-4.07
TROW,2024-11-01,Pre-Market (BMO),2024-10-31,100.53,2024-11-01,99.86,-0.68,-0.67,2.35,2.57,9.54
TROW,2024-07-26,Pre-Market (BMO),2024-07-25,104.44,2024-07-26,102.38,-2.06,-1.97,2.28,2.26,-0.85
TROW,2024-04-26,Pre-Market (BMO),2024-04-25,97.37,2024-04-26,101.1,3.73,3.83,2.03,2.38,17.22
TROW,2024-02-08,Pre-Market (BMO),2024-02-07,97.14,2024-02-08,99.32,2.19,2.25,1.63,1.72,5.8
TROW,2023-10-27,Pre-Market (BMO),2023-10-26,81.15,2023-10-27,81.35,0.2,0.25,1.77,2.17,22.4
TROW,2023-07-28,Pre-Market (BMO),2023-07-27,101.3,2023-07-28,109.37,8.07,7.97,1.73,2.02,16.91
TRV,2026-07-17,Pre-Market (BMO),2026-07-16,337.82,2026-07-17,342.66,4.84,1.43,5.39,10.04,86.12
TRV,2026-04-16,Pre-Market (BMO),2026-04-15,298.08,2026-04-16,294.91,-3.18,-1.07,7.08,7.71,8.93
TRV,2026-01-21,Pre-Market (BMO),2026-01-20,267.51,2026-01-21,272.32,4.8,1.8,8.92,11.06,24.02
TRV,2025-10-16,Pre-Market (BMO),2025-10-15,266.3,2025-10-16,249.65,-16.65,-6.25,6.38,8.14,27.6
TRV,2025-07-17,Pre-Market (BMO),2025-07-16,248.24,2025-07-17,247.78,-0.46,-0.19,3.61,6.51,80.1
TRV,2025-04-16,Pre-Market (BMO),2025-04-15,244.74,2025-04-16,250.75,6.01,2.46,0.77,1.91,147.67
TRV,2025-01-22,Pre-Market (BMO),2025-01-21,233.49,2025-01-22,244.56,11.07,4.74,6.6,9.15,38.54
TRV,2024-10-17,Pre-Market (BMO),2024-10-16,236.2,2024-10-17,245.97,9.77,4.14,3.6,5.42,50.41
TRV,2024-07-19,Pre-Market (BMO),2024-07-18,213.54,2024-07-19,207.47,-6.07,-2.84,2.0,2.51,25.61
TRV,2024-04-17,Pre-Market (BMO),2024-04-16,214.91,2024-04-17,198.5,-16.41,-7.64,4.86,4.69,-3.43
TRV,2024-01-19,Pre-Market (BMO),2024-01-18,190.19,2024-01-19,201.62,11.43,6.01,5.09,7.01,37.79
TRV,2023-10-18,Pre-Market (BMO),2023-10-17,161.51,2023-10-18,161.88,0.37,0.23,3.07,1.95,-36.45
TSCO,2026-07-23,Pre-Market (BMO),2026-07-22,29.36,2026-07-23,30.0,0.64,2.18,0.82,0.69,-15.89
TSCO,2026-04-21,Pre-Market (BMO),2026-04-20,44.45,2026-04-21,42.26,-2.19,-4.93,0.34,0.31,-9.36
TSCO,2026-01-29,Pre-Market (BMO),2026-01-28,54.45,2026-01-29,52.24,-2.21,-4.06,0.46,0.43,-7.16
TSCO,2025-10-23,Pre-Market (BMO),2025-10-22,53.91,2025-10-23,52.31,-1.6,-2.97,0.48,0.49,1.69
TSCO,2025-07-24,Pre-Market (BMO),2025-07-23,58.4,2025-07-24,62.65,4.25,7.28,0.8,0.81,0.98
TSCO,2025-04-24,Pre-Market (BMO),2025-04-23,49.47,2025-04-24,46.9,-2.56,-5.18,0.37,0.34,-7.52
TSCO,2025-01-30,Pre-Market (BMO),2025-01-29,55.51,2025-01-30,52.48,-3.03,-5.46,0.46,0.44,-3.37
TSCO,2024-10-24,Pre-Market (BMO),2024-10-23,56.51,2024-10-24,54.85,-1.66,-2.93,0.45,0.45,0.29
TSCO,2024-07-25,Pre-Market (BMO),2024-07-24,50.58,2024-07-25,49.42,-1.16,-2.29,0.78,0.79,0.21
TSCO,2024-04-25,Pre-Market (BMO),2024-04-24,49.54,2024-04-25,49.54,-0.01,-0.01,0.34,0.37,6.47
TSCO,2024-02-01,Pre-Market (BMO),2024-01-31,42.91,2024-02-01,43.04,0.13,0.31,0.44,0.46,2.79
TSCO,2023-10-26,Pre-Market (BMO),2023-10-25,37.65,2023-10-26,35.59,-2.06,-5.47,0.46,0.47,1.7
TSCO,2023-07-27,Pre-Market (BMO),2023-07-26,40.57,2023-07-27,41.16,0.59,1.45,0.78,0.77,-2.22
TSLA,2026-07-22,After-Hours (AMC),2026-07-22,374.01,2026-07-23,341.0,-33.01,-8.83,0.54,0.33,-38.35
TSLA,2026-04-22,After-Hours (AMC),2026-04-22,387.51,2026-04-23,375.28,-12.23,-3.16,0.35,0.41,17.15
TSLA,2026-01-28,After-Hours (AMC),2026-01-28,431.46,2026-01-29,437.8,6.34,1.47,0.45,0.5,10.96
TSLA,2025-10-22,After-Hours (AMC),2025-10-22,438.97,2025-10-23,420.0,-18.97,-4.32,0.56,0.5,-10.53
TSLA,2025-07-23,After-Hours (AMC),2025-07-23,332.56,2025-07-24,310.0,-22.56,-6.78,0.4,0.4,-1.11
TSLA,2025-04-22,After-Hours (AMC),2025-04-22,237.97,2025-04-23,254.86,16.89,7.1,0.41,0.27,-34.89
TSLA,2025-01-29,After-Hours (AMC),2025-01-29,389.1,2025-01-30,410.78,21.68,5.57,0.77,0.73,-5.11
TSLA,2024-10-23,After-Hours (AMC),2024-10-23,213.65,2024-10-24,244.68,31.03,14.52,0.6,0.72,20.49
TSLA,2024-07-23,After-Hours (AMC),2024-07-23,246.38,2024-07-24,225.42,-20.96,-8.51,0.62,0.52,-16.15
TSLA,2024-04-23,After-Hours (AMC),2024-04-23,144.68,2024-04-24,162.84,18.16,12.55,0.49,0.45,-8.14
TSLA,2024-01-24,After-Hours (AMC),2024-01-24,207.83,2024-01-25,189.7,-18.13,-8.72,0.74,0.71,-4.1
TSLA,2023-10-18,After-Hours (AMC),2023-10-18,242.68,2023-10-19,225.95,-16.73,-6.89,0.73,0.66,-9.81
TSN,2026-05-04,Pre-Market (BMO),2026-05-01,63.15,2026-05-04,64.67,1.53,2.42,0.78,0.87,11.6
TSN,2026-02-02,Pre-Market (BMO),2026-01-30,64.26,2026-02-02,62.85,-1.42,-2.2,0.94,0.97,3.08
TSN,2025-11-10,Pre-Market (BMO),2025-11-07,51.37,2025-11-10,54.03,2.66,5.18,0.83,1.15,37.77
TSN,2025-08-04,Pre-Market (BMO),2025-08-01,50.76,2025-08-04,52.81,2.05,4.04,0.78,0.91,16.17
TSN,2025-05-05,Pre-Market (BMO),2025-05-02,58.22,2025-05-05,55.17,-3.06,-5.25,0.82,0.92,12.24
TSN,2025-02-03,Pre-Market (BMO),2025-01-31,53.66,2025-02-03,54.54,0.88,1.65,0.88,1.14,29.91
TSN,2024-11-12,Pre-Market (BMO),2024-11-11,55.43,2024-11-12,59.02,3.59,6.48,0.69,0.92,33.64
TSN,2024-08-05,Pre-Market (BMO),2024-08-02,57.27,2024-08-05,58.57,1.3,2.27,0.67,0.87,30.33
TSN,2024-05-06,Pre-Market (BMO),2024-05-03,57.51,2024-05-06,56.28,-1.23,-2.14,0.4,0.62,56.81
TSN,2024-02-05,Pre-Market (BMO),2024-02-02,51.79,2024-02-05,55.6,3.81,7.36,0.42,0.69,63.5
TSN,2023-11-13,Pre-Market (BMO),2023-11-10,42.69,2023-11-13,41.83,-0.86,-2.02,0.25,0.37,47.13
TSN,2023-08-07,Pre-Market (BMO),2023-08-04,50.89,2023-08-07,45.86,-5.03,-9.88,0.26,0.15,-42.99
TT,2026-04-30,Pre-Market (BMO),2026-04-29,478.28,2026-04-30,490.27,11.98,2.51,2.53,2.63,3.94
TT,2026-01-29,Pre-Market (BMO),2026-01-28,392.36,2026-01-29,416.09,23.73,6.05,2.81,2.86,1.63
TT,2025-10-30,Pre-Market (BMO),2025-10-29,425.49,2025-10-30,418.64,-6.85,-1.61,3.78,3.88,2.69
TT,2025-07-30,Pre-Market (BMO),2025-07-29,467.72,2025-07-30,431.49,-36.23,-7.75,3.79,3.88,2.29
TT,2025-04-30,Pre-Market (BMO),2025-04-29,350.22,2025-04-30,370.61,20.38,5.82,2.2,2.45,11.33
TT,2025-01-30,Pre-Market (BMO),2025-01-29,359.7,2025-01-30,358.72,-0.98,-0.27,2.54,2.61,2.66
TT,2024-10-30,Pre-Market (BMO),2024-10-29,385.19,2024-10-30,372.28,-12.91,-3.35,3.24,3.37,4.01
TT,2024-07-31,Pre-Market (BMO),2024-07-30,323.49,2024-07-31,335.47,11.98,3.7,3.08,3.3,7.13
TT,2024-04-30,Pre-Market (BMO),2024-04-29,295.19,2024-04-30,309.05,13.85,4.69,1.65,1.94,17.73
TT,2024-02-01,Pre-Market (BMO),2024-01-31,246.57,2024-02-01,262.66,16.09,6.53,2.13,2.17,1.73
TT,2023-11-01,Pre-Market (BMO),2023-10-31,185.55,2023-11-01,195.55,10.0,5.39,2.66,2.79,4.75
TT,2023-08-02,Pre-Market (BMO),2023-08-01,193.34,2023-08-02,195.92,2.58,1.34,2.56,2.68,4.77
TTD,2026-05-07,After-Hours (AMC),2026-05-07,23.49,2026-05-08,20.98,-2.51,-10.71,0.32,0.28,-12.39
TTD,2026-02-25,After-Hours (AMC),2026-02-25,25.16,2026-02-26,21.1,-4.06,-16.14,0.58,0.59,1.67
TTD,2025-11-06,After-Hours (AMC),2025-11-06,45.9,2025-11-07,46.0,0.1,0.22,0.44,0.45,1.85
TTD,2025-08-07,After-Hours (AMC),2025-08-07,88.33,2025-08-08,56.64,-31.69,-35.88,0.41,0.41,-0.92
TTD,2025-05-08,After-Hours (AMC),2025-05-08,59.9,2025-05-09,69.75,9.85,16.44,0.25,0.33,33.23
TTD,2025-02-12,After-Hours (AMC),2025-02-12,122.23,2025-02-13,85.1,-37.14,-30.38,0.57,0.59,3.61
TTD,2024-11-07,After-Hours (AMC),2024-11-07,132.53,2024-11-08,116.11,-16.42,-12.39,0.39,0.41,4.27
TTD,2024-08-08,After-Hours (AMC),2024-08-08,88.27,2024-08-09,90.07,1.8,2.04,0.36,0.39,9.54
TTD,2024-05-08,After-Hours (AMC),2024-05-08,86.02,2024-05-09,88.0,1.98,2.3,0.22,0.26,20.74
TTD,2024-02-15,After-Hours (AMC),2024-02-15,75.71,2024-02-16,89.5,13.79,18.21,0.43,0.41,-4.58
TTD,2023-11-09,After-Hours (AMC),2023-11-09,76.81,2023-11-10,61.67,-15.14,-19.72,0.29,0.33,13.63
TTD,2023-08-09,After-Hours (AMC),2023-08-09,80.93,2023-08-10,79.12,-1.81,-2.24,0.26,0.28,8.51
TTWO,2026-05-21,After-Hours (AMC),2026-05-21,238.08,2026-05-22,243.75,5.67,2.38,0.56,0.8,43.47
TTWO,2026-02-03,After-Hours (AMC),2026-02-03,212.17,2026-02-04,207.71,-4.46,-2.1,0.83,1.23,47.51
TTWO,2025-11-06,After-Hours (AMC),2025-11-06,252.4,2025-11-07,232.03,-20.37,-8.07,0.93,1.46,56.48
TTWO,2025-08-07,After-Hours (AMC),2025-08-07,226.49,2025-08-08,237.52,11.03,4.87,0.27,0.61,128.1
TTWO,2025-05-15,After-Hours (AMC),2025-05-15,232.34,2025-05-16,236.58,4.24,1.82,1.09,1.3,18.88
TTWO,2025-02-06,After-Hours (AMC),2025-02-06,183.08,2025-02-07,198.0,14.92,8.15,0.56,0.73,29.71
TTWO,2024-11-06,After-Hours (AMC),2024-11-06,166.62,2024-11-07,174.0,7.38,4.43,-2.11,-2.08,1.58
TTWO,2024-08-08,After-Hours (AMC),2024-08-08,138.78,2024-08-09,142.14,3.36,2.42,-1.37,-1.52,-11.17
TTWO,2024-05-16,After-Hours (AMC),2024-05-16,146.08,2024-05-17,151.64,5.56,3.81,-0.98,-17.02,-1643.19
TTWO,2024-02-08,After-Hours (AMC),2024-02-08,169.6,2024-02-09,154.89,-14.71,-8.67,0.72,0.53,-27.08
TTWO,2023-11-08,After-Hours (AMC),2023-11-08,143.47,2023-11-09,148.63,5.16,3.6,1.03,1.42,37.58
TTWO,2023-08-08,After-Hours (AMC),2023-08-08,140.14,2023-08-09,140.0,-0.14,-0.1,-1.07,-1.22,-13.66
TXN,2026-07-22,After-Hours (AMC),2026-07-22,294.19,2026-07-23,277.3,-16.89,-5.74,1.94,2.14,10.42
TXN,2026-04-22,After-Hours (AMC),2026-04-22,235.12,2026-04-23,258.99,23.88,10.16,1.37,1.68,22.76
TXN,2026-01-27,After-Hours (AMC),2026-01-27,194.37,2026-01-28,201.51,7.15,3.68,1.31,1.27,-2.89
TXN,2025-10-21,After-Hours (AMC),2025-10-21,177.18,2025-10-22,160.64,-16.54,-9.33,1.49,1.57,5.81
TXN,2025-07-22,After-Hours (AMC),2025-07-22,209.06,2025-07-23,189.58,-19.47,-9.32,1.33,1.41,5.81
TXN,2025-04-23,After-Hours (AMC),2025-04-23,146.75,2025-04-24,158.78,12.04,8.2,1.1,1.28,16.76
TXN,2025-01-23,After-Hours (AMC),2025-01-23,192.07,2025-01-24,181.91,-10.16,-5.29,1.2,1.3,8.29
TXN,2024-10-22,After-Hours (AMC),2024-10-22,184.49,2024-10-23,191.22,6.72,3.64,1.41,1.44,2.38
TXN,2024-07-23,After-Hours (AMC),2024-07-23,187.38,2024-07-24,195.01,7.63,4.07,1.19,1.17,-1.48
TXN,2024-04-23,After-Hours (AMC),2024-04-23,155.25,2024-04-24,167.22,11.97,7.71,1.07,1.2,12.41
TXN,2024-01-23,After-Hours (AMC),2024-01-23,162.29,2024-01-24,159.45,-2.84,-1.75,1.49,1.46,-2.1
TXN,2023-10-24,After-Hours (AMC),2023-10-24,135.52,2023-10-25,130.45,-5.07,-3.74,1.84,1.85,0.33
TXT,2026-04-30,Pre-Market (BMO),2026-04-29,89.76,2026-04-30,97.11,7.35,8.19,1.3,1.45,11.26
TXT,2026-01-28,Pre-Market (BMO),2026-01-27,94.19,2026-01-28,90.49,-3.7,-3.93,1.7,1.73,1.53
TXT,2025-10-23,Pre-Market (BMO),2025-10-22,82.53,2025-10-23,83.03,0.5,0.61,1.46,1.55,6.43
TXT,2025-07-24,Pre-Market (BMO),2025-07-23,87.13,2025-07-24,86.62,-0.51,-0.58,1.45,1.55,7.18
TXT,2025-04-24,Pre-Market (BMO),2025-04-23,66.15,2025-04-24,66.11,-0.04,-0.06,1.14,1.28,12.56
TXT,2025-01-22,Pre-Market (BMO),2025-01-21,81.08,2025-01-22,77.68,-3.41,-4.2,1.25,1.34,6.81
TXT,2024-10-24,Pre-Market (BMO),2024-10-23,86.72,2024-10-24,81.86,-4.86,-5.61,1.5,1.4,-6.42
TXT,2024-07-18,Pre-Market (BMO),2024-07-17,91.89,2024-07-18,91.33,-0.56,-0.61,1.47,1.54,4.6
TXT,2024-04-25,Pre-Market (BMO),2024-04-24,93.81,2024-04-25,84.58,-9.23,-9.84,1.23,1.2,-2.43
TXT,2024-01-24,Pre-Market (BMO),2024-01-23,79.14,2024-01-24,82.32,3.18,4.02,1.53,1.6,4.49
TXT,2023-10-26,Pre-Market (BMO),2023-10-25,74.17,2023-10-26,74.69,0.53,0.71,1.28,1.49,16.52
TXT,2023-07-27,Pre-Market (BMO),2023-07-26,68.2,2023-07-27,72.29,4.09,5.99,1.2,1.46,21.48
UAL,2026-07-15,After-Hours (AMC),2026-07-15,120.97,2026-07-16,116.64,-4.33,-3.58,1.85,1.99,7.58
UAL,2026-04-21,After-Hours (AMC),2026-04-21,97.13,2026-04-22,96.01,-1.12,-1.15,1.08,1.19,9.98
UAL,2026-01-20,After-Hours (AMC),2026-01-20,108.57,2026-01-21,111.95,3.38,3.11,2.94,3.1,5.41
UAL,2025-10-15,After-Hours (AMC),2025-10-15,104.05,2025-10-16,102.94,-1.11,-1.07,2.68,2.78,3.8
UAL,2025-07-16,After-Hours (AMC),2025-07-16,88.47,2025-07-17,91.89,3.42,3.87,3.81,3.87,1.47
UAL,2025-04-15,After-Hours (AMC),2025-04-15,67.0,2025-04-16,69.64,2.64,3.94,0.74,0.91,23.79
UAL,2025-01-21,After-Hours (AMC),2025-01-21,110.52,2025-01-22,115.85,5.33,4.82,3.03,3.26,7.56
UAL,2024-10-15,After-Hours (AMC),2024-10-15,64.05,2024-10-16,65.4,1.35,2.11,3.17,3.33,5.05
UAL,2024-07-17,After-Hours (AMC),2024-07-17,46.94,2024-07-18,47.91,0.97,2.07,3.93,4.14,5.44
UAL,2024-04-16,After-Hours (AMC),2024-04-16,41.5,2024-04-17,44.45,2.95,7.11,-0.57,-0.15,73.71
UAL,2024-01-22,After-Hours (AMC),2024-01-22,38.45,2024-01-23,41.02,2.57,6.68,1.7,2.0,17.41
UAL,2023-10-17,After-Hours (AMC),2023-10-17,40.12,2023-10-18,38.08,-2.04,-5.08,3.41,3.65,7.06
UBER,2026-05-06,Pre-Market (BMO),2026-05-05,72.95,2026-05-06,77.46,4.51,6.18,0.71,0.13,-81.74
UBER,2026-02-04,Pre-Market (BMO),2026-02-03,77.93,2026-02-04,75.62,-2.31,-2.96,0.78,0.14,-81.94
UBER,2025-11-04,Pre-Market (BMO),2025-11-03,99.72,2025-11-04,91.97,-7.75,-7.77,0.69,3.11,353.17
UBER,2025-08-06,Pre-Market (BMO),2025-08-05,89.39,2025-08-06,90.95,1.56,1.75,0.82,0.65,-19.72
UBER,2025-05-07,Pre-Market (BMO),2025-05-06,85.83,2025-05-07,83.13,-2.7,-3.15,0.69,0.81,16.5
UBER,2025-02-05,Pre-Market (BMO),2025-02-04,69.75,2025-02-05,66.5,-3.25,-4.66,0.48,3.21,573.42
UBER,2024-10-31,Pre-Market (BMO),2024-10-30,79.43,2024-10-31,74.5,-4.93,-6.21,0.63,1.41,125.2
UBER,2024-08-06,Pre-Market (BMO),2024-08-05,58.48,2024-08-06,62.55,4.07,6.96,0.52,0.74,41.51
UBER,2024-05-08,Pre-Market (BMO),2024-05-07,70.43,2024-05-08,64.5,-5.93,-8.42,0.39,0.18,-54.55
UBER,2024-02-07,Pre-Market (BMO),2024-02-06,70.47,2024-02-07,67.6,-2.88,-4.08,0.4,0.86,115.9
UBER,2023-11-07,Pre-Market (BMO),2023-11-06,48.14,2023-11-07,47.0,-1.14,-2.37,0.31,0.34,9.66
UBER,2023-07-31,After-Hours (AMC),2023-07-31,49.46,2023-08-01,48.67,-0.79,-1.6,0.23,0.34,47.4
UDR,2026-04-29,After-Hours (AMC),2026-04-29,36.03,2026-04-30,36.71,0.68,1.88,0.13,0.48,269.69
UDR,2026-02-09,After-Hours (AMC),2026-02-09,37.15,2026-02-10,37.64,0.49,1.32,0.16,0.67,331.65
UDR,2025-10-29,After-Hours (AMC),2025-10-29,32.64,2025-10-30,33.25,0.61,1.88,0.13,0.12,-6.35
UDR,2025-07-30,After-Hours (AMC),2025-07-30,38.24,2025-07-31,39.01,0.77,2.01,0.13,0.07,-49.38
UDR,2025-04-30,After-Hours (AMC),2025-04-30,39.82,2025-05-01,39.9,0.08,0.19,0.11,0.18,67.28
UDR,2025-02-05,After-Hours (AMC),2025-02-05,39.73,2025-02-06,40.18,0.45,1.14,0.03,0.03,-8.33
UDR,2024-10-30,After-Hours (AMC),2024-10-30,40.56,2024-10-31,39.62,-0.93,-2.3,0.1,0.08,-15.5
UDR,2024-07-30,After-Hours (AMC),2024-07-30,37.68,2024-07-31,37.56,-0.12,-0.32,0.09,0.1,10.67
UDR,2024-04-30,After-Hours (AMC),2024-04-30,34.75,2024-05-01,33.83,-0.92,-2.65,0.09,0.16,74.78
UDR,2024-02-06,After-Hours (AMC),2024-02-06,32.09,2024-02-07,31.9,-0.19,-0.59,0.11,0.11,-2.28
UDR,2023-10-26,After-Hours (AMC),2023-10-26,29.98,2023-10-27,29.07,-0.91,-3.04,0.1,0.12,24.48
UNH,2026-07-16,Pre-Market (BMO),2026-07-15,418.52,2026-07-16,449.39,30.87,7.38,4.92,6.38,29.8
UNH,2026-04-21,Pre-Market (BMO),2026-04-20,321.64,2026-04-21,351.01,29.36,9.13,6.6,7.23,9.52
UNH,2026-01-27,Pre-Market (BMO),2026-01-26,346.95,2026-01-27,290.05,-56.9,-16.4,2.11,2.11,0.19
UNH,2025-10-28,Pre-Market (BMO),2025-10-27,358.68,2025-10-28,373.09,14.41,4.02,2.81,2.92,3.99
UNH,2025-07-29,Pre-Market (BMO),2025-07-28,274.76,2025-07-29,258.77,-15.99,-5.82,4.45,4.08,-8.23
UNH,2025-04-17,Pre-Market (BMO),2025-04-16,565.76,2025-04-17,466.07,-99.69,-17.62,7.29,7.2,-1.28
UNH,2025-01-16,Pre-Market (BMO),2025-01-15,523.28,2025-01-16,510.69,-12.59,-2.41,6.74,6.81,1.08
UNH,2024-10-15,Pre-Market (BMO),2024-10-14,580.73,2024-10-15,529.53,-51.21,-8.82,7.03,7.15,1.7
UNH,2024-07-16,Pre-Market (BMO),2024-07-15,492.63,2024-07-16,510.34,17.71,3.6,6.63,6.8,2.49
UNH,2024-04-16,Pre-Market (BMO),2024-04-15,424.16,2024-04-16,453.8,29.64,6.99,6.62,6.91,4.44
UNH,2024-01-12,Pre-Market (BMO),2024-01-11,511.67,2024-01-12,491.93,-19.74,-3.86,5.99,6.16,2.89
UNH,2023-10-13,Pre-Market (BMO),2023-10-12,496.57,2023-10-13,503.85,7.28,1.47,6.35,6.56,3.34
UNP,2026-07-23,Pre-Market (BMO),2026-07-22,292.56,2026-07-23,309.9,17.34,5.93,3.24,3.41,5.17
UNP,2026-04-23,Pre-Market (BMO),2026-04-22,248.11,2026-04-23,261.4,13.29,5.36,2.86,2.93,2.42
UNP,2026-01-27,Pre-Market (BMO),2026-01-26,228.5,2026-01-27,232.57,4.07,1.78,2.87,2.86,-0.35
UNP,2025-10-23,Pre-Market (BMO),2025-10-22,221.61,2025-10-23,219.69,-1.93,-0.87,3.0,3.08,2.8
UNP,2025-07-24,Pre-Market (BMO),2025-07-23,225.87,2025-07-24,220.98,-4.89,-2.16,2.91,3.03,4.18
UNP,2025-04-24,Pre-Market (BMO),2025-04-23,213.61,2025-04-24,202.4,-11.21,-5.25,2.73,2.7,-1.14
UNP,2025-01-23,Pre-Market (BMO),2025-01-22,227.92,2025-01-23,238.41,10.49,4.6,2.79,2.98,6.78
UNP,2024-10-24,Pre-Market (BMO),2024-10-23,231.95,2024-10-24,220.48,-11.47,-4.94,2.78,2.75,-1.11
UNP,2024-07-25,Pre-Market (BMO),2024-07-24,226.93,2024-07-25,225.47,-1.45,-0.64,2.71,2.74,1.14
UNP,2024-04-25,Pre-Market (BMO),2024-04-24,220.51,2024-04-25,228.36,7.85,3.56,2.52,2.69,6.67
UNP,2024-01-25,Pre-Market (BMO),2024-01-24,229.16,2024-01-25,230.84,1.67,0.73,2.57,2.71,5.44
UNP,2023-10-19,Pre-Market (BMO),2023-10-18,193.64,2023-10-19,205.54,11.9,6.14,2.43,2.51,3.16
UPS,2026-04-28,Pre-Market (BMO),2026-04-27,106.45,2026-04-28,102.27,-4.18,-3.93,1.02,1.07,4.84
UPS,2026-01-27,Pre-Market (BMO),2026-01-26,103.75,2026-01-27,103.47,-0.28,-0.27,2.2,2.38,8.14
UPS,2025-10-28,Pre-Market (BMO),2025-10-27,85.06,2025-10-28,93.85,8.8,10.35,1.3,1.74,33.94
UPS,2025-07-29,Pre-Market (BMO),2025-07-28,95.04,2025-07-29,91.87,-3.17,-3.34,1.57,1.55,-1.02
UPS,2025-04-29,Pre-Market (BMO),2025-04-28,89.37,2025-04-29,88.37,-1.0,-1.12,1.38,1.49,7.91
UPS,2025-01-30,Pre-Market (BMO),2025-01-29,121.41,2025-01-30,106.53,-14.87,-12.25,2.53,2.75,8.6
UPS,2024-10-24,Pre-Market (BMO),2024-10-23,117.81,2024-10-24,129.99,12.18,10.34,1.62,1.76,8.45
UPS,2024-07-23,Pre-Market (BMO),2024-07-22,128.52,2024-07-23,115.2,-13.31,-10.36,1.99,1.79,-10.1
UPS,2024-04-23,Pre-Market (BMO),2024-04-22,127.26,2024-04-23,127.82,0.56,0.44,1.34,1.43,6.74
UPS,2024-01-30,Pre-Market (BMO),2024-01-29,136.81,2024-01-30,127.09,-9.71,-7.1,2.46,2.47,0.41
UPS,2023-10-26,Pre-Market (BMO),2023-10-25,125.73,2023-10-26,121.94,-3.79,-3.02,1.56,1.57,0.57
UPS,2023-08-08,Pre-Market (BMO),2023-08-07,154.47,2023-08-08,155.24,0.77,0.5,2.5,2.54,1.8
USB,2026-07-16,Pre-Market (BMO),2026-07-15,63.01,2026-07-16,63.0,-0.01,-0.02,1.29,1.35,5.05
USB,2026-04-16,Pre-Market (BMO),2026-04-15,55.89,2026-04-16,55.28,-0.61,-1.1,1.14,1.18,3.41
USB,2026-01-20,Pre-Market (BMO),2026-01-16,53.39,2026-01-20,52.85,-0.54,-1.01,1.19,1.26,6.03
USB,2025-10-16,Pre-Market (BMO),2025-10-15,45.15,2025-10-16,45.92,0.77,1.7,1.12,1.22,9.02
USB,2025-07-17,Pre-Market (BMO),2025-07-16,43.93,2025-07-17,42.46,-1.47,-3.35,1.07,1.11,4.06
USB,2025-04-16,Pre-Market (BMO),2025-04-15,36.74,2025-04-16,36.35,-0.39,-1.06,0.97,1.03,5.69
USB,2025-01-15,After-Hours (AMC),2025-01-15,47.84,2025-01-16,45.01,-2.83,-5.91,1.05,1.07,1.71
USB,2024-10-16,Pre-Market (BMO),2024-10-15,43.72,2024-10-16,45.34,1.62,3.7,0.99,1.03,4.05
USB,2024-07-17,Pre-Market (BMO),2024-07-16,39.82,2024-07-17,40.46,0.63,1.59,0.95,0.97,2.33
USB,2024-05-01,After-Hours (AMC),2024-05-01,37.3,2024-05-02,37.81,0.51,1.36,0.88,0.78,-11.61
USB,2024-01-17,Pre-Market (BMO),2024-01-16,37.17,2024-01-17,37.15,-0.03,-0.07,0.91,0.49,-46.0
USB,2023-10-18,Pre-Market (BMO),2023-10-17,30.99,2023-10-18,30.79,-0.2,-0.66,1.01,0.91,-9.68
V,2026-04-28,After-Hours (AMC),2026-04-28,308.66,2026-04-29,335.7,27.04,8.76,3.1,3.31,6.79
V,2026-01-29,After-Hours (AMC),2026-01-29,330.43,2026-01-30,330.85,0.42,0.13,3.14,3.17,0.88
V,2025-10-28,After-Hours (AMC),2025-10-28,344.79,2025-10-29,343.89,-0.89,-0.26,2.97,2.98,0.28
V,2025-07-29,After-Hours (AMC),2025-07-29,348.54,2025-07-30,348.94,0.41,0.12,2.85,2.98,4.68
V,2025-04-29,After-Hours (AMC),2025-04-29,338.28,2025-04-30,331.27,-7.01,-2.07,2.68,2.76,3.0
V,2025-01-30,After-Hours (AMC),2025-01-30,339.23,2025-01-31,342.61,3.38,1.0,2.66,2.75,3.34
V,2024-10-29,After-Hours (AMC),2024-10-29,278.21,2024-10-30,288.53,10.32,3.71,2.58,2.71,5.24
V,2024-07-23,After-Hours (AMC),2024-07-23,260.82,2024-07-24,252.23,-8.59,-3.29,2.42,2.42,0.11
V,2024-04-23,After-Hours (AMC),2024-04-23,269.5,2024-04-24,277.82,8.32,3.09,2.43,2.51,3.16
V,2024-01-25,After-Hours (AMC),2024-01-25,267.53,2024-01-26,260.98,-6.55,-2.45,2.34,2.41,3.05
V,2023-10-24,After-Hours (AMC),2023-10-24,229.79,2023-10-25,227.44,-2.35,-1.02,2.24,2.33,3.83
VEEV,2026-06-03,After-Hours (AMC),2026-06-03,178.72,2026-06-04,182.86,4.14,2.32,2.14,2.24,4.91
VEEV,2026-03-04,After-Hours (AMC),2026-03-04,188.48,2026-03-05,201.5,13.02,6.91,1.94,2.06,6.45
VEEV,2025-11-20,After-Hours (AMC),2025-11-20,270.5,2025-11-21,249.75,-20.75,-7.67,1.95,2.04,4.55
VEEV,2025-08-27,After-Hours (AMC),2025-08-27,293.59,2025-08-28,285.34,-8.25,-2.81,1.9,1.99,4.75
VEEV,2025-05-28,After-Hours (AMC),2025-05-28,234.49,2025-05-29,268.59,34.1,14.54,1.74,1.97,12.98
VEEV,2025-03-05,After-Hours (AMC),2025-03-05,219.94,2025-03-06,232.84,12.9,5.87,1.58,1.74,10.05
VEEV,2024-12-05,After-Hours (AMC),2024-12-05,231.66,2024-12-06,250.0,18.34,7.92,1.58,1.75,10.7
VEEV,2024-08-28,After-Hours (AMC),2024-08-28,199.35,2024-08-29,214.19,14.84,7.44,1.53,1.62,5.61
VEEV,2024-05-30,After-Hours (AMC),2024-05-30,194.19,2024-05-31,175.01,-19.18,-9.88,1.42,1.5,5.27
VEEV,2024-02-29,After-Hours (AMC),2024-02-29,225.51,2024-03-01,221.25,-4.26,-1.89,1.3,1.38,6.22
VEEV,2023-12-06,After-Hours (AMC),2023-12-06,178.39,2023-12-07,173.33,-5.06,-2.84,1.29,1.34,3.69
VEEV,2023-08-30,After-Hours (AMC),2023-08-30,192.59,2023-08-31,198.1,5.51,2.86,1.13,1.21,7.3
VICI,2026-04-29,After-Hours (AMC),2026-04-29,28.13,2026-04-30,28.47,0.34,1.22,0.71,0.82,15.01
VICI,2026-02-25,After-Hours (AMC),2026-02-25,29.26,2026-02-26,28.84,-0.42,-1.44,0.7,0.57,-19.11
VICI,2025-10-30,After-Hours (AMC),2025-10-30,28.11,2025-10-31,27.89,-0.22,-0.78,0.69,0.71,3.37
VICI,2025-07-30,After-Hours (AMC),2025-07-30,30.55,2025-07-31,30.87,0.32,1.05,0.7,0.83,17.89
VICI,2025-04-30,After-Hours (AMC),2025-04-30,29.67,2025-05-01,29.74,0.07,0.25,0.69,0.51,-24.88
VICI,2025-02-20,After-Hours (AMC),2025-02-20,28.12,2025-02-21,28.22,0.1,0.36,0.68,0.67,-0.16
VICI,2024-10-31,After-Hours (AMC),2024-10-31,28.63,2024-11-01,28.73,0.1,0.35,0.67,0.67,0.77
VICI,2024-07-31,After-Hours (AMC),2024-07-31,27.82,2024-08-01,28.5,0.69,2.46,0.67,0.71,6.92
VICI,2024-05-01,After-Hours (AMC),2024-05-01,25.34,2024-05-02,25.03,-0.31,-1.21,0.66,0.57,-14.27
VICI,2024-02-22,After-Hours (AMC),2024-02-22,25.67,2024-02-23,25.8,0.13,0.51,0.65,0.73,12.4
VICI,2023-10-25,After-Hours (AMC),2023-10-25,23.51,2023-10-26,23.63,0.12,0.51,0.64,0.64,0.54
VLO,2026-04-30,Pre-Market (BMO),2026-04-29,250.11,2026-04-30,244.72,-5.39,-2.16,3.16,4.22,33.47
VLO,2026-01-29,Pre-Market (BMO),2026-01-28,182.04,2026-01-29,189.7,7.67,4.21,3.27,3.82,16.95
VLO,2025-10-23,Pre-Market (BMO),2025-10-22,159.12,2025-10-23,160.97,1.85,1.16,3.05,3.66,19.88
VLO,2025-07-24,Pre-Market (BMO),2025-07-23,143.86,2025-07-24,140.99,-2.87,-1.99,1.77,2.28,29.09
VLO,2025-04-24,Pre-Market (BMO),2025-04-23,110.7,2025-04-24,112.15,1.45,1.31,0.41,0.89,117.31
VLO,2025-01-30,Pre-Market (BMO),2025-01-29,133.76,2025-01-30,139.12,5.36,4.0,0.06,0.64,970.77
VLO,2024-10-24,Pre-Market (BMO),2024-10-23,126.48,2024-10-24,126.4,-0.09,-0.07,0.98,1.14,16.08
VLO,2024-07-25,Pre-Market (BMO),2024-07-24,140.71,2024-07-25,139.21,-1.5,-1.07,2.6,2.71,4.37
VLO,2024-04-25,Pre-Market (BMO),2024-04-24,156.81,2024-04-25,154.87,-1.94,-1.24,3.22,3.82,18.59
VLO,2024-01-25,Pre-Market (BMO),2024-01-24,121.29,2024-01-25,124.39,3.1,2.56,3.0,3.55,18.16
VLO,2023-10-26,Pre-Market (BMO),2023-10-25,117.27,2023-10-26,116.48,-0.8,-0.68,7.32,7.49,2.26
VLO,2023-07-27,Pre-Market (BMO),2023-07-26,115.72,2023-07-27,116.94,1.22,1.05,5.08,5.4,6.29
VLTO,2026-04-28,After-Hours (AMC),2026-04-28,85.47,2026-04-29,88.58,3.11,3.63,1.01,1.07,6.41
VLTO,2026-02-03,After-Hours (AMC),2026-02-03,97.16,2026-02-04,97.03,-0.13,-0.13,0.98,1.04,6.04
VLTO,2025-10-28,After-Hours (AMC),2025-10-28,102.09,2025-10-29,101.43,-0.67,-0.65,0.95,0.99,4.38
VLTO,2025-07-28,After-Hours (AMC),2025-07-28,102.55,2025-07-29,104.44,1.89,1.84,0.88,0.93,5.21
VLTO,2025-04-29,After-Hours (AMC),2025-04-29,92.5,2025-04-30,91.16,-1.33,-1.44,0.87,0.95,9.65
VLTO,2025-02-04,After-Hours (AMC),2025-02-04,100.22,2025-02-05,99.93,-0.29,-0.29,0.89,0.95,6.54
VLTO,2024-10-23,After-Hours (AMC),2024-10-23,109.98,2024-10-24,113.57,3.59,3.26,0.85,0.89,4.59
VLTO,2024-07-25,After-Hours (AMC),2024-07-25,98.67,2024-07-26,103.02,4.35,4.41,0.8,0.85,6.62
VLTO,2024-04-23,After-Hours (AMC),2024-04-23,92.75,2024-04-24,92.48,-0.28,-0.3,0.76,0.84,10.04
VLTO,2024-02-06,After-Hours (AMC),2024-02-06,76.74,2024-02-07,79.33,2.59,3.38,0.81,0.87,7.97
VLTO,2023-10-25,After-Hours (AMC),2023-10-25,69.91,2023-10-26,65.51,-4.4,-6.3,0.71,0.75,5.1
VMC,2026-04-29,Pre-Market (BMO),2026-04-28,290.88,2026-04-29,302.52,11.64,4.0,1.1,1.35,22.32
VMC,2026-02-17,Pre-Market (BMO),2026-02-13,326.38,2026-02-17,294.8,-31.58,-9.67,2.12,1.7,-19.94
VMC,2025-10-30,Pre-Market (BMO),2025-10-29,293.33,2025-10-30,283.91,-9.42,-3.21,2.72,2.84,4.45
VMC,2025-07-31,Pre-Market (BMO),2025-07-30,270.8,2025-07-31,264.08,-6.72,-2.48,2.52,2.45,-2.82
VMC,2025-04-30,Pre-Market (BMO),2025-04-29,243.14,2025-04-30,250.72,7.58,3.12,0.76,1.0,31.63
VMC,2025-02-18,Pre-Market (BMO),2025-02-14,267.43,2025-02-18,277.01,9.58,3.58,1.75,2.17,23.66
VMC,2024-10-30,Pre-Market (BMO),2024-10-29,256.2,2024-10-30,266.52,10.32,4.03,2.31,2.22,-4.06
VMC,2024-08-06,Pre-Market (BMO),2024-08-05,253.63,2024-08-06,241.98,-11.65,-4.59,2.49,2.35,-5.78
VMC,2024-05-02,Pre-Market (BMO),2024-05-01,255.44,2024-05-02,264.16,8.71,3.41,0.77,0.8,4.41
VMC,2024-02-16,Pre-Market (BMO),2024-02-15,238.05,2024-02-16,252.09,14.04,5.9,1.4,1.46,4.35
VMC,2023-10-26,Pre-Market (BMO),2023-10-25,199.26,2023-10-26,195.16,-4.1,-2.06,2.23,2.29,2.72
VMC,2023-08-03,Pre-Market (BMO),2023-08-02,218.15,2023-08-03,214.72,-3.43,-1.57,1.92,2.29,19.57
VRSK,2026-04-29,Pre-Market (BMO),2026-04-28,176.18,2026-04-29,184.99,8.81,5.0,1.74,1.82,4.67
VRSK,2026-02-18,Pre-Market (BMO),2026-02-17,176.37,2026-02-18,193.4,17.03,9.66,1.61,1.82,12.92
VRSK,2025-10-29,Pre-Market (BMO),2025-10-28,230.44,2025-10-29,206.98,-23.46,-10.18,1.7,1.72,0.96
VRSK,2025-07-30,Pre-Market (BMO),2025-07-29,291.4,2025-07-30,293.13,1.72,0.59,1.77,1.88,6.13
VRSK,2025-05-07,Pre-Market (BMO),2025-05-06,293.1,2025-05-07,299.43,6.32,2.16,1.68,1.73,2.79
VRSK,2025-02-26,Pre-Market (BMO),2025-02-25,296.13,2025-02-26,260.81,-35.32,-11.93,1.6,1.61,0.8
VRSK,2024-10-30,Pre-Market (BMO),2024-10-29,260.14,2024-10-30,276.27,16.13,6.2,1.6,1.67,4.21
VRSK,2024-07-31,Pre-Market (BMO),2024-07-30,281.77,2024-07-31,270.95,-10.83,-3.84,1.64,1.74,6.0
VRSK,2024-05-01,Pre-Market (BMO),2024-04-30,214.43,2024-05-01,221.35,6.93,3.23,1.52,1.63,7.52
VRSK,2024-02-21,Pre-Market (BMO),2024-02-20,244.08,2024-02-21,240.14,-3.94,-1.61,1.44,1.4,-2.72
VRSK,2023-11-01,Pre-Market (BMO),2023-10-31,223.0,2023-11-01,217.3,-5.7,-2.56,1.47,1.52,3.47
VRSK,2023-08-02,Pre-Market (BMO),2023-08-01,224.51,2023-08-02,221.73,-2.78,-1.24,1.41,1.51,7.12
VRT,2026-04-22,Pre-Market (BMO),2026-04-21,312.38,2026-04-22,305.26,-7.12,-2.28,1.01,1.17,15.67
VRT,2026-02-11,Pre-Market (BMO),2026-02-10,199.53,2026-02-11,233.15,33.62,16.85,1.3,1.36,4.9
VRT,2025-10-22,Pre-Market (BMO),2025-10-21,174.66,2025-10-22,182.45,7.79,4.46,0.99,1.24,25.02
VRT,2025-07-30,Pre-Market (BMO),2025-07-29,142.54,2025-07-30,146.91,4.37,3.07,0.83,0.95,13.89
VRT,2025-04-23,Pre-Market (BMO),2025-04-22,71.72,2025-04-23,85.35,13.64,19.01,0.62,0.64,3.92
VRT,2025-02-12,Pre-Market (BMO),2025-02-11,123.02,2025-02-12,110.87,-12.15,-9.87,0.82,0.99,20.6
VRT,2024-10-23,Pre-Market (BMO),2024-10-22,112.23,2024-10-23,106.77,-5.46,-4.86,0.69,0.76,10.19
VRT,2024-07-24,Pre-Market (BMO),2024-07-23,90.78,2024-07-24,88.16,-2.61,-2.88,0.57,0.67,17.03
VRT,2024-04-24,Pre-Market (BMO),2024-04-23,78.95,2024-04-24,89.55,10.59,13.41,0.36,0.43,19.82
VRT,2024-02-21,Pre-Market (BMO),2024-02-20,61.83,2024-02-21,54.86,-6.97,-11.27,0.53,0.56,4.73
VRT,2023-10-25,Pre-Market (BMO),2023-10-24,38.89,2023-10-25,41.39,2.5,6.43,0.44,0.52,18.35
VRT,2023-08-02,Pre-Market (BMO),2023-08-01,26.43,2023-08-02,32.88,6.45,24.39,0.29,0.46,59.38
VRTX,2026-05-04,After-Hours (AMC),2026-05-04,429.85,2026-05-05,431.99,2.14,0.5,4.31,4.47,3.81
VRTX,2026-02-12,After-Hours (AMC),2026-02-12,465.02,2026-02-13,471.65,6.63,1.43,5.15,5.03,-2.3
VRTX,2025-11-03,After-Hours (AMC),2025-11-03,426.0,2025-11-04,418.55,-7.45,-1.75,4.58,4.8,4.87
VRTX,2025-08-04,After-Hours (AMC),2025-08-04,472.27,2025-08-05,408.22,-64.05,-13.56,4.25,4.52,6.33
VRTX,2025-05-05,After-Hours (AMC),2025-05-05,500.19,2025-05-06,465.56,-34.63,-6.92,4.29,4.06,-5.44
VRTX,2025-02-10,After-Hours (AMC),2025-02-10,469.97,2025-02-11,459.83,-10.14,-2.16,4.02,3.98,-1.0
VRTX,2024-11-04,After-Hours (AMC),2024-11-04,472.8,2024-11-05,483.0,10.2,2.16,4.13,4.38,5.96
VRTX,2024-08-01,After-Hours (AMC),2024-08-01,505.78,2024-08-02,491.5,-14.28,-2.82,-11.75,-12.83,-9.17
VRTX,2024-05-06,After-Hours (AMC),2024-05-06,402.5,2024-05-07,406.42,3.92,0.97,4.06,4.76,17.28
VRTX,2024-02-05,After-Hours (AMC),2024-02-05,428.89,2024-02-06,428.76,-0.13,-0.03,4.09,4.2,2.78
VRTX,2023-11-06,After-Hours (AMC),2023-11-06,385.76,2023-11-07,377.38,-8.38,-2.17,3.97,4.08,2.74
VRTX,2023-08-01,After-Hours (AMC),2023-08-01,347.74,2023-08-02,350.0,2.26,0.65,3.88,3.89,0.15
VST,2026-05-08,Pre-Market (BMO),2026-05-07,153.73,2026-05-08,154.78,1.05,0.68,1.5,1.35,-10.05
VST,2026-02-27,Pre-Market (BMO),2026-02-26,176.33,2026-02-27,174.52,-1.81,-1.03,2.3,0.54,-76.52
VST,2025-11-07,Pre-Market (BMO),2025-11-06,183.85,2025-11-07,177.76,-6.09,-3.31,1.4,1.38,-1.32
VST,2025-08-08,Pre-Market (BMO),2025-08-07,204.52,2025-08-08,205.03,0.52,0.25,1.05,0.71,-32.46
VST,2025-05-08,Pre-Market (BMO),2025-05-07,138.6,2025-05-08,140.23,1.63,1.18,0.61,-0.93,-251.65
VST,2025-02-28,Pre-Market (BMO),2025-02-27,128.95,2025-02-28,126.95,-1.99,-1.55,1.45,1.14,-21.21
VST,2024-11-08,Pre-Market (BMO),2024-11-07,134.4,2024-11-08,133.92,-0.49,-0.36,1.26,5.25,317.01
VST,2024-08-09,Pre-Market (BMO),2024-08-08,78.12,2024-08-09,77.05,-1.07,-1.37,-0.94,0.8,185.39
VST,2024-05-10,Pre-Market (BMO),2024-05-09,91.8,2024-05-10,93.35,1.55,1.69,0.97,0.24,-74.89
VST,2024-02-29,Pre-Market (BMO),2024-02-28,52.06,2024-02-29,52.22,0.16,0.3,-0.91,0.34,137.7
VST,2023-11-07,Pre-Market (BMO),2023-11-06,34.49,2023-11-07,34.51,0.02,0.06,1.06,1.25,17.39
VST,2023-08-09,Pre-Market (BMO),2023-08-08,27.97,2023-08-09,28.66,0.7,2.5,0.82,1.17,42.68
VTR,2026-04-27,After-Hours (AMC),2026-04-27,84.21,2026-04-28,84.23,0.02,0.02,0.1,0.1,-1.4
VTR,2026-02-05,After-Hours (AMC),2026-02-05,78.87,2026-02-06,79.84,0.97,1.23,0.09,0.13,40.89
VTR,2025-10-29,After-Hours (AMC),2025-10-29,68.51,2025-10-30,69.19,0.68,0.99,0.05,0.12,141.94
VTR,2025-07-30,After-Hours (AMC),2025-07-30,64.82,2025-07-31,64.18,-0.64,-0.99,0.14,0.15,10.44
VTR,2025-04-30,After-Hours (AMC),2025-04-30,67.81,2025-05-01,66.42,-1.38,-2.04,0.07,0.1,35.81
VTR,2025-02-12,After-Hours (AMC),2025-02-12,57.59,2025-02-13,57.73,0.13,0.23,0.05,0.13,156.61
VTR,2024-10-30,After-Hours (AMC),2024-10-30,63.38,2024-10-31,61.66,-1.73,-2.72,-0.02,0.05,360.28
VTR,2024-08-01,After-Hours (AMC),2024-08-01,52.35,2024-08-02,52.51,0.15,0.29,0.01,0.02,92.0
VTR,2024-05-01,After-Hours (AMC),2024-05-01,41.11,2024-05-02,43.17,2.06,5.0,-0.38,-0.03,93.08
VTR,2024-02-14,After-Hours (AMC),2024-02-14,42.36,2024-02-15,40.21,-2.15,-5.06,-0.17,-0.3,-75.29
VTR,2023-11-02,After-Hours (AMC),2023-11-02,40.48,2023-11-03,41.17,0.69,1.71,-0.01,-0.18,-2421.01
VTR,2023-08-03,After-Hours (AMC),2023-08-03,43.92,2023-08-04,42.8,-1.11,-2.53,0.03,0.28,845.97
VTRS,2026-05-07,Pre-Market (BMO),2026-05-06,15.83,2026-05-07,16.66,0.82,5.2,0.5,0.59,17.54
VTRS,2026-02-26,Pre-Market (BMO),2026-02-25,15.83,2026-02-26,15.84,0.01,0.06,0.53,0.57,7.39
VTRS,2025-11-06,Pre-Market (BMO),2025-11-05,10.46,2025-11-06,10.29,-0.17,-1.58,0.62,0.67,8.52
VTRS,2025-08-07,Pre-Market (BMO),2025-08-06,8.42,2025-08-07,8.66,0.24,2.86,0.56,0.62,11.55
VTRS,2025-05-08,Pre-Market (BMO),2025-05-07,8.16,2025-05-08,8.54,0.38,4.65,0.49,0.5,1.64
VTRS,2025-02-27,Pre-Market (BMO),2025-02-26,10.53,2025-02-27,8.67,-1.85,-17.62,0.57,0.54,-5.6
VTRS,2024-11-07,Pre-Market (BMO),2024-11-06,10.78,2024-11-07,10.96,0.19,1.72,0.68,0.75,10.73
VTRS,2024-08-08,Pre-Market (BMO),2024-08-07,10.44,2024-08-08,10.91,0.48,4.58,0.68,0.69,2.29
VTRS,2024-05-09,Pre-Market (BMO),2024-05-08,10.73,2024-05-09,10.38,-0.35,-3.22,0.67,0.67,-0.41
VTRS,2024-02-28,Pre-Market (BMO),2024-02-27,11.9,2024-02-28,11.89,-0.02,-0.15,0.65,0.62,-4.29
VTRS,2023-11-07,After-Hours (AMC),2023-11-07,8.11,2023-11-08,8.44,0.33,4.05,0.74,0.79,6.75
VTRS,2023-08-07,Pre-Market (BMO),2023-08-04,9.31,2023-08-07,9.53,0.23,2.46,0.71,0.75,5.44
VZ,2026-07-24,Pre-Market (BMO),2026-07-23,43.82,2026-07-24,44.08,0.26,0.59,1.27,1.3,2.71
VZ,2026-04-27,Pre-Market (BMO),2026-04-24,45.6,2026-04-27,46.64,1.03,2.26,1.21,1.28,5.81
VZ,2026-01-30,Pre-Market (BMO),2026-01-29,38.56,2026-01-30,40.69,2.13,5.53,1.06,1.09,3.28
VZ,2025-10-29,Pre-Market (BMO),2025-10-28,37.44,2025-10-29,38.97,1.53,4.09,1.19,1.21,1.53
VZ,2025-07-21,Pre-Market (BMO),2025-07-18,38.23,2025-07-21,39.27,1.04,2.72,1.19,1.22,2.59
VZ,2025-04-22,Pre-Market (BMO),2025-04-21,39.55,2025-04-22,38.68,-0.87,-2.19,1.15,1.19,3.66
VZ,2025-01-24,Pre-Market (BMO),2025-01-23,35.52,2025-01-24,36.36,0.84,2.37,1.1,1.1,0.32
VZ,2024-10-22,Pre-Market (BMO),2024-10-21,38.93,2024-10-22,37.33,-1.6,-4.12,1.18,1.19,0.71
VZ,2024-07-22,Pre-Market (BMO),2024-07-19,36.51,2024-07-22,35.04,-1.46,-4.01,1.15,1.15,
VZ,2024-04-22,Pre-Market (BMO),2024-04-19,34.94,2024-04-22,35.73,0.79,2.25,1.12,1.15,2.56
VZ,2024-01-23,Pre-Market (BMO),2024-01-22,33.61,2024-01-23,34.88,1.27,3.76,1.08,1.08,-0.15
VZ,2023-10-24,Pre-Market (BMO),2023-10-23,26.22,2023-10-24,27.69,1.47,5.61,1.18,1.22,3.55
WAB,2026-07-22,Pre-Market (BMO),2026-07-21,263.53,2026-07-22,276.11,12.58,4.77,2.61,2.76,5.92
WAB,2026-04-22,Pre-Market (BMO),2026-04-21,257.32,2026-04-22,253.16,-4.15,-1.61,2.52,2.71,7.55
WAB,2026-02-11,Pre-Market (BMO),2026-02-10,245.85,2026-02-11,254.04,8.19,3.33,2.08,2.1,0.88
WAB,2025-10-22,Pre-Market (BMO),2025-10-21,197.28,2025-10-22,193.17,-4.12,-2.09,2.28,2.32,1.96
WAB,2025-07-24,Pre-Market (BMO),2025-07-23,213.33,2025-07-24,206.72,-6.61,-3.1,2.18,2.27,4.08
WAB,2025-04-23,Pre-Market (BMO),2025-04-22,170.7,2025-04-23,182.49,11.79,6.9,2.03,2.28,12.53
WAB,2025-02-12,Pre-Market (BMO),2025-02-11,206.57,2025-02-12,190.57,-16.0,-7.75,1.73,1.68,-3.03
WAB,2024-10-23,Pre-Market (BMO),2024-10-22,188.11,2024-10-23,185.71,-2.4,-1.28,1.88,2.0,6.19
WAB,2024-07-24,Pre-Market (BMO),2024-07-23,166.48,2024-07-24,165.0,-1.48,-0.89,1.87,1.96,5.08
WAB,2024-04-24,Pre-Market (BMO),2024-04-23,146.86,2024-04-24,160.48,13.62,9.27,1.48,1.89,27.38
WAB,2024-02-14,Pre-Market (BMO),2024-02-13,134.72,2024-02-14,132.35,-2.37,-1.76,1.58,1.54,-2.48
WAB,2023-10-25,Pre-Market (BMO),2023-10-24,98.56,2023-10-25,101.1,2.54,2.58,1.46,1.7,16.28
WAB,2023-07-27,Pre-Market (BMO),2023-07-26,111.31,2023-07-27,111.85,0.54,0.49,1.33,1.41,5.67
WBD,2026-05-06,After-Hours (AMC),2026-05-06,27.2,2026-05-07,27.15,-0.05,-0.18,-0.1,-1.17,-1110.3
WBD,2026-02-26,Pre-Market (BMO),2026-02-25,28.9,2026-02-26,28.79,-0.11,-0.38,,-0.1,-2790.17
WBD,2025-11-06,Pre-Market (BMO),2025-11-05,22.76,2025-11-06,22.57,-0.19,-0.83,-0.08,-0.06,28.65
WBD,2025-08-07,Pre-Market (BMO),2025-08-06,12.79,2025-08-07,13.15,0.36,2.81,-0.23,0.63,376.26
WBD,2025-05-08,Pre-Market (BMO),2025-05-07,8.56,2025-05-08,8.16,-0.4,-4.67,-0.12,-0.18,-52.54
WBD,2025-02-27,Pre-Market (BMO),2025-02-26,10.5,2025-02-27,11.28,0.78,7.43,0.03,-0.2,-879.42
WBD,2024-11-07,Pre-Market (BMO),2024-11-06,8.38,2024-11-07,9.02,0.64,7.64,-0.07,0.05,173.29
WBD,2024-08-07,After-Hours (AMC),2024-08-07,7.71,2024-08-08,6.76,-0.95,-12.32,,-0.18,-4885.33
WBD,2024-05-09,Pre-Market (BMO),2024-05-08,7.8,2024-05-09,7.57,-0.23,-2.95,-0.21,-0.4,-88.61
WBD,2024-02-23,Pre-Market (BMO),2024-02-22,9.56,2024-02-23,8.65,-0.91,-9.52,-0.06,-0.16,-164.81
WBD,2023-11-08,Pre-Market (BMO),2023-11-07,11.61,2023-11-08,10.19,-1.42,-12.23,-0.09,-0.17,-99.62
WBD,2023-08-03,Pre-Market (BMO),2023-08-02,12.55,2023-08-03,12.48,-0.07,-0.56,-0.41,-0.51,-25.31
WDAY,2026-05-21,After-Hours (AMC),2026-05-21,121.85,2026-05-22,128.74,6.89,5.65,2.52,2.66,5.68
WDAY,2026-02-24,After-Hours (AMC),2026-02-24,130.23,2026-02-25,119.56,-10.67,-8.19,2.32,2.47,6.41
WDAY,2025-11-25,After-Hours (AMC),2025-11-25,233.69,2025-11-26,215.34,-18.35,-7.85,2.17,2.32,6.74
WDAY,2025-08-21,After-Hours (AMC),2025-08-21,227.58,2025-08-22,213.88,-13.7,-6.02,2.12,2.21,4.44
WDAY,2025-05-22,After-Hours (AMC),2025-05-22,272.07,2025-05-23,241.6,-30.47,-11.2,2.01,2.23,10.99
WDAY,2025-02-25,After-Hours (AMC),2025-02-25,255.22,2025-02-26,279.99,24.77,9.71,1.78,1.92,8.06
WDAY,2024-11-26,After-Hours (AMC),2024-11-26,270.19,2024-11-27,237.5,-32.69,-12.1,1.76,1.89,7.49
WDAY,2024-08-22,After-Hours (AMC),2024-08-22,231.08,2024-08-23,264.99,33.91,14.67,1.65,1.75,6.05
WDAY,2024-05-23,After-Hours (AMC),2024-05-23,260.9,2024-05-24,232.19,-28.71,-11.0,1.58,1.74,10.12
WDAY,2024-02-26,After-Hours (AMC),2024-02-26,307.21,2024-02-27,292.59,-14.62,-4.76,1.47,1.57,7.03
WDAY,2023-11-28,After-Hours (AMC),2023-11-28,237.33,2023-11-29,255.09,17.76,7.48,1.41,1.53,8.72
WDAY,2023-08-24,After-Hours (AMC),2023-08-24,224.87,2023-08-25,228.38,3.51,1.56,1.26,1.43,13.61
WDC,2026-04-30,After-Hours (AMC),2026-04-30,434.41,2026-05-01,406.11,-28.29,-6.51,2.39,2.72,13.57
WDC,2026-01-29,After-Hours (AMC),2026-01-29,278.2,2026-01-30,278.03,-0.17,-0.06,1.93,2.13,10.47
WDC,2025-10-30,After-Hours (AMC),2025-10-30,137.92,2025-10-31,155.26,17.34,12.58,1.58,1.78,12.93
WDC,2025-07-30,After-Hours (AMC),2025-07-30,71.24,2025-07-31,74.05,2.81,3.95,1.48,1.66,12.13
WDC,2025-04-30,Pre-Market (BMO),2025-04-29,40.43,2025-04-30,42.78,2.35,5.81,1.11,1.36,22.73
WDC,2025-01-29,After-Hours (AMC),2025-01-29,47.25,2025-01-30,50.0,2.75,5.81,1.82,1.77,-2.68
WDC,2024-10-24,After-Hours (AMC),2024-10-24,49.9,2024-10-25,54.61,4.71,9.44,1.71,1.78,3.95
WDC,2024-07-31,After-Hours (AMC),2024-07-31,50.45,2024-08-01,45.4,-5.05,-10.01,1.17,1.44,23.06
WDC,2024-04-25,After-Hours (AMC),2024-04-25,52.25,2024-04-26,53.42,1.17,2.25,0.15,0.63,311.6
WDC,2024-01-25,After-Hours (AMC),2024-01-25,45.39,2024-01-26,44.29,-1.11,-2.44,-1.1,-0.69,37.05
WDC,2023-10-30,Pre-Market (BMO),2023-10-27,29.32,2023-10-30,32.47,3.15,10.73,-1.9,-1.76,7.43
WDC,2023-07-31,After-Hours (AMC),2023-07-31,32.02,2023-08-01,31.6,-0.42,-1.32,-2.02,-1.98,2.08
WEC,2026-05-05,Pre-Market (BMO),2026-05-04,115.45,2026-05-05,113.56,-1.89,-1.64,2.3,2.45,6.49
WEC,2026-02-05,Pre-Market (BMO),2026-02-04,111.43,2026-02-05,114.56,3.14,2.81,1.39,1.42,2.28
WEC,2025-10-30,Pre-Market (BMO),2025-10-29,111.76,2025-10-30,112.63,0.87,0.78,0.81,0.83,2.41
WEC,2025-07-30,Pre-Market (BMO),2025-07-29,105.09,2025-07-30,105.02,-0.08,-0.07,0.71,0.76,7.6
WEC,2025-05-06,Pre-Market (BMO),2025-05-05,104.25,2025-05-06,104.95,0.7,0.67,2.18,2.27,4.28
WEC,2025-02-04,Pre-Market (BMO),2025-02-03,95.51,2025-02-04,92.73,-2.79,-2.92,1.42,1.43,0.48
WEC,2024-10-31,Pre-Market (BMO),2024-10-30,90.53,2024-10-31,91.1,0.58,0.64,0.7,0.82,17.07
WEC,2024-07-31,Pre-Market (BMO),2024-07-30,79.94,2024-07-31,79.94,0.0,0.0,0.63,0.67,6.24
WEC,2024-05-01,Pre-Market (BMO),2024-04-30,76.42,2024-05-01,75.7,-0.72,-0.94,1.91,1.97,3.33
WEC,2024-02-01,Pre-Market (BMO),2024-01-31,73.89,2024-02-01,72.69,-1.2,-1.62,1.09,0.69,-36.78
WEC,2023-10-31,Pre-Market (BMO),2023-10-30,73.93,2023-10-31,75.92,1.98,2.68,0.91,1.0,9.79
WEC,2023-08-01,Pre-Market (BMO),2023-07-31,80.69,2023-08-01,81.15,0.47,0.58,0.85,0.92,8.57
WELL,2026-04-28,After-Hours (AMC),2026-04-28,213.5,2026-04-29,213.79,0.29,0.14,0.5,0.55,9.38
WELL,2026-02-10,After-Hours (AMC),2026-02-10,199.45,2026-02-11,203.94,4.49,2.25,0.59,0.55,-7.07
WELL,2025-10-27,After-Hours (AMC),2025-10-27,180.64,2025-10-28,187.49,6.85,3.79,0.53,0.55,3.09
WELL,2025-07-28,After-Hours (AMC),2025-07-28,155.89,2025-07-29,160.02,4.13,2.65,0.44,0.45,3.39
WELL,2025-04-28,After-Hours (AMC),2025-04-28,146.12,2025-04-29,149.63,3.51,2.4,0.38,0.4,5.27
WELL,2025-02-11,After-Hours (AMC),2025-02-11,139.95,2025-02-12,141.07,1.12,0.8,0.41,0.34,-17.63
WELL,2024-10-28,After-Hours (AMC),2024-10-28,126.8,2024-10-29,129.76,2.96,2.34,0.35,0.41,17.03
WELL,2024-07-29,After-Hours (AMC),2024-07-29,107.81,2024-07-30,110.05,2.24,2.08,0.31,0.39,25.1
WELL,2024-04-29,After-Hours (AMC),2024-04-29,91.92,2024-04-30,90.71,-1.21,-1.32,0.21,0.34,60.19
WELL,2024-02-13,After-Hours (AMC),2024-02-13,83.21,2024-02-14,85.42,2.21,2.66,0.21,0.25,19.33
WELL,2023-10-30,After-Hours (AMC),2023-10-30,77.51,2023-10-31,79.27,1.76,2.27,0.17,0.25,45.82
WELL,2023-07-31,After-Hours (AMC),2023-07-31,77.21,2023-08-01,76.86,-0.35,-0.45,0.16,0.18,13.25
WFC,2026-07-14,Pre-Market (BMO),2026-07-13,87.67,2026-07-14,84.85,-2.82,-3.22,1.72,2.0,16.38
WFC,2026-04-14,Pre-Market (BMO),2026-04-13,86.15,2026-04-14,82.55,-3.6,-4.18,1.6,1.56,-2.67
WFC,2026-01-14,Pre-Market (BMO),2026-01-13,92.57,2026-01-14,89.79,-2.78,-3.0,1.67,1.62,-2.85
WFC,2025-10-14,Pre-Market (BMO),2025-10-13,77.68,2025-10-14,81.22,3.54,4.56,1.54,1.73,12.32
WFC,2025-07-15,Pre-Market (BMO),2025-07-14,81.64,2025-07-15,79.02,-2.62,-3.21,1.4,1.54,10.19
WFC,2025-04-11,Pre-Market (BMO),2025-04-10,61.42,2025-04-11,59.89,-1.53,-2.49,1.22,1.28,4.7
WFC,2025-01-15,Pre-Market (BMO),2025-01-14,68.94,2025-01-15,72.98,4.04,5.86,1.36,1.43,5.46
WFC,2024-10-11,Pre-Market (BMO),2024-10-10,55.61,2024-10-11,57.73,2.13,3.83,1.28,1.51,18.08
WFC,2024-07-12,Pre-Market (BMO),2024-07-11,57.49,2024-07-12,53.7,-3.78,-6.58,1.29,1.33,3.23
WFC,2024-04-12,Pre-Market (BMO),2024-04-11,53.86,2024-04-12,53.18,-0.68,-1.27,1.09,1.26,15.7
WFC,2024-01-12,Pre-Market (BMO),2024-01-11,46.27,2024-01-12,45.24,-1.03,-2.22,0.87,0.86,-1.39
WFC,2023-10-13,Pre-Market (BMO),2023-10-12,37.16,2023-10-13,38.18,1.02,2.74,1.24,1.48,19.82
WM,2026-04-28,After-Hours (AMC),2026-04-28,226.37,2026-04-29,225.0,-1.36,-0.6,1.74,1.81,3.98
WM,2026-01-28,After-Hours (AMC),2026-01-28,229.69,2026-01-29,226.73,-2.96,-1.29,1.95,1.93,-0.92
WM,2025-10-27,After-Hours (AMC),2025-10-27,211.19,2025-10-28,196.58,-14.61,-6.92,2.01,1.98,-1.62
WM,2025-07-28,After-Hours (AMC),2025-07-28,224.3,2025-07-29,225.9,1.59,0.71,1.89,1.92,1.79
WM,2025-04-28,After-Hours (AMC),2025-04-28,224.69,2025-04-29,219.7,-4.98,-2.22,1.59,1.67,5.31
WM,2025-01-29,After-Hours (AMC),2025-01-29,204.77,2025-01-30,210.58,5.8,2.83,1.8,1.7,-5.66
WM,2024-10-28,After-Hours (AMC),2024-10-28,202.83,2024-10-29,207.82,4.99,2.46,1.88,1.96,3.98
WM,2024-07-24,After-Hours (AMC),2024-07-24,210.95,2024-07-25,196.88,-14.07,-6.67,1.83,1.82,-0.56
WM,2024-04-24,After-Hours (AMC),2024-04-24,203.45,2024-04-25,202.74,-0.71,-0.35,1.5,1.75,16.58
WM,2024-02-12,After-Hours (AMC),2024-02-12,181.37,2024-02-13,189.5,8.13,4.48,1.53,1.74,13.69
WM,2023-10-24,After-Hours (AMC),2023-10-24,148.35,2023-10-25,150.68,2.32,1.57,1.61,1.63,0.94
WMB,2026-05-04,After-Hours (AMC),2026-05-04,74.86,2026-05-05,74.65,-0.21,-0.28,0.63,0.73,16.43
WMB,2026-02-10,Pre-Market (BMO),2026-02-09,66.87,2026-02-10,68.99,2.12,3.17,0.56,0.55,-1.37
WMB,2025-11-03,After-Hours (AMC),2025-11-03,57.7,2025-11-04,55.72,-1.98,-3.44,0.52,0.49,-5.28
WMB,2025-08-04,After-Hours (AMC),2025-08-04,58.41,2025-08-05,57.53,-0.88,-1.51,0.49,0.46,-5.99
WMB,2025-05-05,After-Hours (AMC),2025-05-05,57.83,2025-05-06,56.89,-0.94,-1.63,0.55,0.6,8.45
WMB,2025-02-12,After-Hours (AMC),2025-02-12,52.22,2025-02-13,50.65,-1.57,-3.01,0.45,0.47,4.11
WMB,2024-11-06,After-Hours (AMC),2024-11-06,52.26,2024-11-07,51.54,-0.72,-1.37,0.42,0.43,3.51
WMB,2024-08-05,After-Hours (AMC),2024-08-05,38.54,2024-08-06,39.01,0.48,1.24,0.37,0.43,15.69
WMB,2024-05-06,After-Hours (AMC),2024-05-06,36.08,2024-05-07,36.62,0.54,1.48,0.49,0.59,21.53
WMB,2024-02-14,Pre-Market (BMO),2024-02-13,31.04,2024-02-14,31.14,0.1,0.32,0.45,0.48,5.5
WMB,2023-11-01,After-Hours (AMC),2023-11-01,31.26,2023-11-02,31.22,-0.05,-0.14,0.41,0.45,9.69
WMB,2023-08-02,After-Hours (AMC),2023-08-02,29.93,2023-08-03,30.24,0.31,1.04,0.38,0.42,9.43
WMT,2026-05-21,Pre-Market (BMO),2026-05-20,130.85,2026-05-21,124.41,-6.44,-4.92,0.66,0.66,0.19
WMT,2026-02-19,Pre-Market (BMO),2026-02-18,126.12,2026-02-19,127.99,1.87,1.48,0.73,0.74,1.79
WMT,2025-11-20,Pre-Market (BMO),2025-11-19,100.01,2025-11-20,103.32,3.31,3.31,0.6,0.62,3.11
WMT,2025-08-21,Pre-Market (BMO),2025-08-20,101.96,2025-08-21,98.82,-3.14,-3.08,0.74,0.68,-7.97
WMT,2025-05-15,Pre-Market (BMO),2025-05-14,96.03,2025-05-15,93.52,-2.51,-2.61,0.58,0.61,5.64
WMT,2025-02-20,Pre-Market (BMO),2025-02-19,102.61,2025-02-20,97.46,-5.15,-5.02,0.65,0.66,2.04
WMT,2024-11-19,Pre-Market (BMO),2024-11-18,82.77,2024-11-19,84.89,2.12,2.56,0.53,0.58,8.84
WMT,2024-08-15,Pre-Market (BMO),2024-08-14,67.4,2024-08-15,72.76,5.36,7.95,0.65,0.67,3.76
WMT,2024-05-16,Pre-Market (BMO),2024-05-15,58.73,2024-05-16,63.04,4.31,7.34,0.53,0.6,14.24
WMT,2024-02-20,Pre-Market (BMO),2024-02-16,55.36,2024-02-20,58.0,2.64,4.77,0.55,0.6,9.35
WMT,2023-11-16,Pre-Market (BMO),2023-11-15,54.97,2023-11-16,51.4,-3.57,-6.5,0.51,0.51,0.39
WMT,2023-08-17,Pre-Market (BMO),2023-08-16,51.56,2023-08-17,52.09,0.53,1.03,0.57,0.61,7.88
WRB,2026-07-20,After-Hours (AMC),2026-07-20,72.73,2026-07-21,71.48,-1.25,-1.72,1.08,1.27,17.34
WRB,2026-04-21,After-Hours (AMC),2026-04-21,64.82,2026-04-22,66.68,1.86,2.87,1.14,1.3,14.13
WRB,2026-01-26,After-Hours (AMC),2026-01-26,66.2,2026-01-27,68.18,1.98,2.99,1.12,1.13,0.45
WRB,2025-10-20,After-Hours (AMC),2025-10-20,71.59,2025-10-21,69.65,-1.94,-2.71,1.1,1.1,-0.25
WRB,2025-07-21,After-Hours (AMC),2025-07-21,65.97,2025-07-22,65.93,-0.04,-0.06,1.02,1.05,2.49
WRB,2025-04-21,After-Hours (AMC),2025-04-21,64.99,2025-04-22,65.25,0.26,0.4,0.99,1.01,2.39
WRB,2025-01-27,After-Hours (AMC),2025-01-27,57.07,2025-01-28,58.54,1.47,2.57,0.95,1.13,18.49
WRB,2024-10-21,After-Hours (AMC),2024-10-21,58.27,2024-10-22,57.77,-0.51,-0.87,0.96,0.91,-5.45
WRB,2024-07-22,After-Hours (AMC),2024-07-22,49.2,2024-07-23,50.79,1.59,3.24,0.93,1.04,12.39
WRB,2024-04-23,Pre-Market (BMO),2024-04-22,52.4,2024-04-23,52.44,0.04,0.08,0.95,1.04,8.91
WRB,2024-01-24,After-Hours (AMC),2024-01-24,48.73,2024-01-25,52.33,3.61,7.4,0.92,0.97,5.61
WRB,2023-10-23,After-Hours (AMC),2023-10-23,39.11,2023-10-24,41.64,2.53,6.47,0.78,0.9,14.84
WSM,2026-05-21,Pre-Market (BMO),2026-05-20,179.65,2026-05-21,181.64,1.99,1.11,1.8,1.93,7.34
WSM,2026-03-18,Pre-Market (BMO),2026-03-17,180.84,2026-03-18,184.64,3.79,2.1,2.9,3.04,4.78
WSM,2025-11-19,Pre-Market (BMO),2025-11-18,178.87,2025-11-19,178.13,-0.74,-0.41,1.87,1.96,4.87
WSM,2025-08-27,Pre-Market (BMO),2025-08-26,195.18,2025-08-27,201.18,6.0,3.07,1.79,2.0,11.59
WSM,2025-05-22,Pre-Market (BMO),2025-05-21,164.95,2025-05-22,153.73,-11.22,-6.8,1.75,1.85,5.49
WSM,2025-03-19,Pre-Market (BMO),2025-03-18,168.42,2025-03-19,154.26,-14.16,-8.4,2.94,3.28,11.48
WSM,2024-11-20,Pre-Market (BMO),2024-11-19,133.78,2024-11-20,167.68,33.9,25.34,1.76,1.96,11.14
WSM,2024-08-22,Pre-Market (BMO),2024-08-21,139.66,2024-08-22,128.63,-11.03,-7.9,1.6,1.74,8.56
WSM,2024-05-22,Pre-Market (BMO),2024-05-21,152.03,2024-05-22,167.13,15.1,9.93,1.37,1.74,27.21
WSM,2024-03-13,Pre-Market (BMO),2024-03-12,116.1,2024-03-13,126.72,10.63,9.15,2.58,2.72,5.48
WSM,2023-11-16,Pre-Market (BMO),2023-11-15,77.39,2023-11-16,77.26,-0.12,-0.16,1.67,1.83,9.71
WSM,2023-08-23,Pre-Market (BMO),2023-08-22,59.67,2023-08-23,62.7,3.03,5.07,1.36,1.56,14.6
WY,2026-04-30,After-Hours (AMC),2026-04-30,24.31,2026-05-01,24.77,0.46,1.88,0.05,0.11,119.91
WY,2026-01-29,After-Hours (AMC),2026-01-29,25.49,2026-01-30,25.4,-0.09,-0.35,-0.13,-0.09,30.79
WY,2025-10-30,After-Hours (AMC),2025-10-30,22.89,2025-10-31,22.78,-0.12,-0.51,-0.08,0.06,177.36
WY,2025-07-24,After-Hours (AMC),2025-07-24,24.8,2025-07-25,24.7,-0.11,-0.43,0.09,0.12,31.84
WY,2025-04-24,After-Hours (AMC),2025-04-24,24.43,2025-04-25,24.16,-0.27,-1.1,0.1,0.11,13.6
WY,2025-01-30,After-Hours (AMC),2025-01-30,29.45,2025-01-31,29.09,-0.36,-1.23,0.07,0.11,59.84
WY,2024-10-24,After-Hours (AMC),2024-10-24,30.38,2024-10-25,30.23,-0.15,-0.5,,0.05,1198.7
WY,2024-07-25,After-Hours (AMC),2024-07-25,28.47,2024-07-26,29.04,0.57,2.01,0.21,0.21,2.02
WY,2024-04-25,After-Hours (AMC),2024-04-25,29.35,2024-04-26,29.85,0.49,1.68,0.15,0.16,7.13
WY,2024-01-25,After-Hours (AMC),2024-01-25,30.78,2024-01-26,30.18,-0.59,-1.92,0.14,0.16,17.57
WY,2023-10-26,After-Hours (AMC),2023-10-26,26.63,2023-10-27,26.52,-0.12,-0.45,0.34,0.33,-1.61
WY,2023-07-27,After-Hours (AMC),2023-07-27,31.14,2023-07-28,31.3,0.16,0.53,0.21,0.32,52.61
WYNN,2026-05-07,After-Hours (AMC),2026-05-07,106.57,2026-05-08,105.72,-0.85,-0.8,1.18,1.25,5.5
WYNN,2026-02-12,After-Hours (AMC),2026-02-12,107.33,2026-02-13,103.66,-3.67,-3.42,1.48,1.17,-20.7
WYNN,2025-11-06,After-Hours (AMC),2025-11-06,121.7,2025-11-07,119.29,-2.41,-1.98,1.15,0.86,-25.44
WYNN,2025-08-07,After-Hours (AMC),2025-08-07,106.25,2025-08-08,103.05,-3.2,-3.01,1.2,1.09,-8.79
WYNN,2025-05-06,After-Hours (AMC),2025-05-06,82.55,2025-05-07,85.2,2.65,3.21,1.24,1.07,-13.98
WYNN,2025-02-13,After-Hours (AMC),2025-02-13,79.31,2025-02-14,83.42,4.11,5.18,1.27,2.42,91.11
WYNN,2024-11-04,After-Hours (AMC),2024-11-04,94.02,2024-11-05,90.02,-4.0,-4.26,1.1,0.9,-17.88
WYNN,2024-08-06,After-Hours (AMC),2024-08-06,74.75,2024-08-07,76.91,2.17,2.9,1.19,1.12,-6.1
WYNN,2024-05-07,After-Hours (AMC),2024-05-07,95.02,2024-05-08,95.62,0.61,0.64,1.39,1.59,14.56
WYNN,2024-02-07,After-Hours (AMC),2024-02-07,97.33,2024-02-08,101.65,4.32,4.44,1.16,1.91,64.9
WYNN,2023-11-09,After-Hours (AMC),2023-11-09,88.12,2023-11-10,82.63,-5.49,-6.23,0.8,0.99,23.9
WYNN,2023-08-09,After-Hours (AMC),2023-08-09,98.46,2023-08-10,99.93,1.47,1.5,0.72,0.91,26.17
XEL,2026-04-30,Pre-Market (BMO),2026-04-29,78.23,2026-04-30,78.52,0.29,0.37,0.91,0.91,0.23
XEL,2026-02-05,Pre-Market (BMO),2026-02-04,75.07,2026-02-05,75.07,0.0,0.0,0.96,0.96,0.06
XEL,2025-10-30,Pre-Market (BMO),2025-10-29,77.91,2025-10-30,79.28,1.37,1.76,1.32,1.24,-5.94
XEL,2025-07-31,Pre-Market (BMO),2025-07-30,70.22,2025-07-31,70.72,0.49,0.7,0.64,0.75,16.29
XEL,2025-04-24,Pre-Market (BMO),2025-04-23,68.84,2025-04-24,67.67,-1.16,-1.69,0.92,0.84,-8.64
XEL,2025-02-06,Pre-Market (BMO),2025-02-05,64.83,2025-02-06,63.93,-0.9,-1.38,0.88,0.81,-7.48
XEL,2024-10-31,Pre-Market (BMO),2024-10-30,59.66,2024-10-31,60.92,1.26,2.11,1.26,1.25,-0.95
XEL,2024-08-01,Pre-Market (BMO),2024-07-31,54.67,2024-08-01,54.05,-0.63,-1.15,0.57,0.54,-5.33
XEL,2024-04-25,Pre-Market (BMO),2024-04-24,51.38,2024-04-25,51.55,0.17,0.33,0.77,0.88,13.61
XEL,2024-01-25,Pre-Market (BMO),2024-01-24,53.49,2024-01-25,54.21,0.72,1.34,0.83,0.83,-0.41
XEL,2023-10-27,Pre-Market (BMO),2023-10-26,54.46,2023-10-27,53.76,-0.7,-1.29,1.26,1.23,-2.65
XEL,2023-07-27,Pre-Market (BMO),2023-07-26,58.74,2023-07-27,58.34,-0.4,-0.68,0.57,0.52,-8.0
XOM,2026-05-01,Pre-Market (BMO),2026-04-30,153.29,2026-05-01,151.58,-1.71,-1.11,1.01,1.16,15.14
XOM,2026-01-30,Pre-Market (BMO),2026-01-29,138.64,2026-01-30,136.89,-1.75,-1.26,1.69,1.71,1.12
XOM,2025-10-31,Pre-Market (BMO),2025-10-30,112.18,2025-10-31,111.49,-0.69,-0.62,1.82,1.88,3.03
XOM,2025-08-01,Pre-Market (BMO),2025-07-31,108.19,2025-08-01,108.54,0.35,0.32,1.56,1.64,4.93
XOM,2025-05-02,Pre-Market (BMO),2025-05-01,101.58,2025-05-02,103.44,1.86,1.83,1.74,1.76,1.16
XOM,2025-01-31,Pre-Market (BMO),2025-01-30,104.28,2025-01-31,105.22,0.93,0.89,1.55,1.67,7.87
XOM,2024-11-01,Pre-Market (BMO),2024-10-31,110.24,2024-11-01,113.21,2.97,2.7,1.87,1.92,2.6
XOM,2024-08-02,Pre-Market (BMO),2024-08-01,109.52,2024-08-02,108.6,-0.92,-0.84,2.01,2.14,6.51
XOM,2024-04-26,Pre-Market (BMO),2024-04-25,112.7,2024-04-26,110.54,-2.16,-1.92,2.16,2.06,-4.75
XOM,2024-02-02,Pre-Market (BMO),2024-02-01,94.24,2024-02-02,95.49,1.25,1.33,2.19,2.48,13.04
XOM,2023-10-27,Pre-Market (BMO),2023-10-26,98.13,2023-10-27,99.31,1.18,1.2,2.36,2.27,-3.82
XOM,2023-07-28,Pre-Market (BMO),2023-07-27,95.36,2023-07-28,95.08,-0.28,-0.29,2.02,1.94,-3.91
XYL,2026-04-28,Pre-Market (BMO),2026-04-27,123.03,2026-04-28,124.52,1.49,1.21,1.08,1.12,3.3
XYL,2026-02-10,Pre-Market (BMO),2026-02-09,139.17,2026-02-10,125.32,-13.85,-9.95,1.41,1.42,0.83
XYL,2025-10-28,Pre-Market (BMO),2025-10-27,147.9,2025-10-28,151.2,3.31,2.24,1.23,1.37,11.09
XYL,2025-07-31,Pre-Market (BMO),2025-07-30,128.93,2025-07-31,135.95,7.02,5.44,1.15,1.26,9.89
XYL,2025-04-29,Pre-Market (BMO),2025-04-28,114.07,2025-04-29,117.1,3.03,2.66,0.95,1.03,7.99
XYL,2025-02-04,Pre-Market (BMO),2025-02-03,120.47,2025-02-04,122.63,2.16,1.79,1.13,1.18,4.86
XYL,2024-10-31,Pre-Market (BMO),2024-10-30,127.39,2024-10-31,122.64,-4.75,-3.73,1.11,1.11,0.15
XYL,2024-07-30,Pre-Market (BMO),2024-07-29,138.09,2024-07-30,139.52,1.43,1.04,1.05,1.09,3.51
XYL,2024-05-02,Pre-Market (BMO),2024-05-01,127.44,2024-05-02,128.87,1.43,1.12,0.84,0.9,7.3
XYL,2024-02-06,Pre-Market (BMO),2024-02-05,110.69,2024-02-06,112.75,2.06,1.86,0.95,0.99,3.69
XYL,2023-10-31,Pre-Market (BMO),2023-10-30,86.34,2023-10-31,92.17,5.83,6.75,0.89,0.99,11.8
XYL,2023-08-02,Pre-Market (BMO),2023-08-01,107.9,2023-08-02,110.86,2.96,2.74,0.81,0.98,20.68
XYZ,2026-05-07,After-Hours (AMC),2026-05-07,70.14,2026-05-08,75.63,5.49,7.83,0.68,0.85,25.55
XYZ,2026-02-26,After-Hours (AMC),2026-02-26,54.53,2026-02-27,63.09,8.56,15.7,0.65,0.65,0.15
XYZ,2025-11-06,After-Hours (AMC),2025-11-06,70.93,2025-11-07,61.36,-9.57,-13.49,0.66,0.54,-18.09
XYZ,2025-08-07,After-Hours (AMC),2025-08-07,76.85,2025-08-08,82.12,5.28,6.86,0.67,0.62,-8.01
XYZ,2025-05-01,After-Hours (AMC),2025-05-01,58.48,2025-05-02,45.33,-13.15,-22.49,0.93,0.56,-39.71
XYZ,2025-02-20,After-Hours (AMC),2025-02-20,83.04,2025-02-21,74.97,-8.07,-9.72,0.87,0.71,-18.79
XYZ,2024-11-07,After-Hours (AMC),2024-11-07,75.27,2024-11-08,71.89,-3.38,-4.49,0.89,0.88,-1.33
XYZ,2024-08-01,After-Hours (AMC),2024-08-01,59.9,2024-08-02,58.45,-1.45,-2.42,0.84,0.93,11.36
XYZ,2024-05-02,After-Hours (AMC),2024-05-02,70.3,2024-05-03,76.49,6.19,8.81,0.73,0.85,16.43
XYZ,2024-02-22,After-Hours (AMC),2024-02-22,67.96,2024-02-23,79.81,11.85,17.44,0.57,0.45,-21.07
XYZ,2023-11-02,After-Hours (AMC),2023-11-02,43.98,2023-11-03,50.8,6.82,15.51,0.46,0.55,18.75
XYZ,2023-08-03,After-Hours (AMC),2023-08-03,73.55,2023-08-04,67.68,-5.87,-7.98,0.37,0.39,5.66
YUM,2026-04-29,Pre-Market (BMO),2026-04-28,155.7,2026-04-29,157.76,2.06,1.32,1.39,1.5,7.95
YUM,2026-02-04,Pre-Market (BMO),2026-02-03,157.24,2026-02-04,156.72,-0.53,-0.33,1.76,1.73,-1.49
YUM,2025-11-04,Pre-Market (BMO),2025-11-03,137.41,2025-11-04,144.17,6.75,4.91,1.48,1.58,6.68
YUM,2025-08-05,Pre-Market (BMO),2025-08-04,144.23,2025-08-05,141.77,-2.45,-1.7,1.46,1.44,-1.34
YUM,2025-04-30,Pre-Market (BMO),2025-04-29,144.2,2025-04-30,144.0,-0.2,-0.14,1.28,1.3,1.53
YUM,2025-02-06,Pre-Market (BMO),2025-02-05,127.54,2025-02-06,134.81,7.27,5.7,1.6,1.61,0.88
YUM,2024-11-05,Pre-Market (BMO),2024-11-04,128.39,2024-11-05,128.81,0.43,0.33,1.41,1.37,-2.83
YUM,2024-08-06,Pre-Market (BMO),2024-08-05,128.29,2024-08-06,131.83,3.54,2.76,1.33,1.35,1.45
YUM,2024-05-01,Pre-Market (BMO),2024-04-30,135.26,2024-05-01,130.71,-4.55,-3.36,1.2,1.15,-4.56
YUM,2024-02-07,Pre-Market (BMO),2024-02-06,121.26,2024-02-07,122.08,0.82,0.68,1.4,1.26,-10.08
YUM,2023-11-01,Pre-Market (BMO),2023-10-31,114.61,2023-11-01,115.58,0.97,0.84,1.27,1.44,13.15
YUM,2023-08-02,Pre-Market (BMO),2023-08-01,128.71,2023-08-02,126.37,-2.34,-1.82,1.24,1.41,13.5
ZBH,2026-04-28,Pre-Market (BMO),2026-04-27,92.34,2026-04-28,87.37,-4.98,-5.39,1.86,2.09,12.21
ZBH,2026-02-10,Pre-Market (BMO),2026-02-09,89.25,2026-02-10,93.65,4.4,4.93,2.4,2.42,0.93
ZBH,2025-11-05,Pre-Market (BMO),2025-11-04,102.36,2025-11-05,89.94,-12.42,-12.13,1.87,1.9,1.83
ZBH,2025-08-07,Pre-Market (BMO),2025-08-06,90.2,2025-08-07,94.89,4.69,5.2,1.98,2.07,4.75
ZBH,2025-05-05,Pre-Market (BMO),2025-05-02,101.05,2025-05-05,98.3,-2.75,-2.73,1.77,1.81,2.27
ZBH,2025-02-06,Pre-Market (BMO),2025-02-05,106.62,2025-02-06,102.43,-4.19,-3.93,2.29,2.31,0.76
ZBH,2024-10-30,Pre-Market (BMO),2024-10-29,102.08,2024-10-30,105.66,3.58,3.5,1.74,1.74,0.2
ZBH,2024-08-07,Pre-Market (BMO),2024-08-06,107.44,2024-08-07,104.62,-2.81,-2.62,1.99,2.01,0.93
ZBH,2024-05-02,Pre-Market (BMO),2024-05-01,116.97,2024-05-02,119.35,2.38,2.03,1.87,1.94,3.75
ZBH,2024-02-08,Pre-Market (BMO),2024-02-07,124.55,2024-02-08,117.84,-6.72,-5.39,2.16,2.2,2.01
ZBH,2023-11-07,Pre-Market (BMO),2023-11-06,106.52,2023-11-07,103.44,-3.08,-2.89,1.6,1.65,2.86
ZBH,2023-08-01,Pre-Market (BMO),2023-07-31,134.35,2023-08-01,127.47,-6.88,-5.12,1.81,1.82,0.41
ZTS,2026-05-07,Pre-Market (BMO),2026-05-06,110.45,2026-05-07,90.04,-20.41,-18.48,1.62,1.53,-5.28
ZTS,2026-02-12,Pre-Market (BMO),2026-02-11,127.23,2026-02-12,131.0,3.78,2.97,1.4,1.48,5.48
ZTS,2025-11-04,Pre-Market (BMO),2025-11-03,142.12,2025-11-04,122.9,-19.22,-13.52,1.62,1.7,4.83
ZTS,2025-08-05,Pre-Market (BMO),2025-08-04,148.95,2025-08-05,157.03,8.08,5.43,1.61,1.76,9.15
ZTS,2025-05-06,Pre-Market (BMO),2025-05-05,154.56,2025-05-06,156.15,1.58,1.02,1.4,1.48,5.79
ZTS,2025-02-13,Pre-Market (BMO),2025-02-12,169.46,2025-02-13,157.88,-11.59,-6.84,1.36,1.4,2.84
ZTS,2024-11-04,Pre-Market (BMO),2024-11-01,176.79,2024-11-04,171.63,-5.16,-2.92,1.46,1.58,8.03
ZTS,2024-08-06,Pre-Market (BMO),2024-08-05,169.46,2024-08-06,179.33,9.87,5.82,1.48,1.56,5.3
ZTS,2024-05-02,Pre-Market (BMO),2024-05-01,153.28,2024-05-02,157.73,4.45,2.9,1.34,1.38,3.22
ZTS,2024-02-13,Pre-Market (BMO),2024-02-12,189.67,2024-02-13,179.94,-9.73,-5.13,1.32,1.24,-5.87
ZTS,2023-11-02,Pre-Market (BMO),2023-11-01,145.71,2023-11-02,149.43,3.72,2.56,1.36,1.36,0.36
ZTS,2023-08-08,Pre-Market (BMO),2023-08-07,173.43,2023-08-08,174.83,1.4,0.81,1.31,1.41,8.01
